ISO-10303-21;
HEADER;
FILE_DESCRIPTION(('FreeCAD Model'),'2;1');
FILE_NAME('Open CASCADE Shape Model','2026-10-08T16:56:05',('Author'),(
    ''),'Open CASCADE STEP processor 8.0','FreeCAD','Unknown');
FILE_SCHEMA(('AUTOMOTIVE_DESIGN { 1 0 10303 214 1 1 1 1 }'));
ENDSEC;
DATA;
#1 = APPLICATION_PROTOCOL_DEFINITION('international standard',
  'automotive_design',2000,#2);
#2 = APPLICATION_CONTEXT(
  'core data for automotive mechanical design processes');
#3 = SHAPE_DEFINITION_REPRESENTATION(#4,#10);
#4 = PRODUCT_DEFINITION_SHAPE('','',#5);
#5 = PRODUCT_DEFINITION('design','',#6,#9);
#6 = PRODUCT_DEFINITION_FORMATION('','',#7);
#7 = PRODUCT('BaseShell','BaseShell','',(#8));
#8 = PRODUCT_CONTEXT('',#2,'mechanical');
#9 = PRODUCT_DEFINITION_CONTEXT('part definition',#2,'design');
#10 = ADVANCED_BREP_SHAPE_REPRESENTATION('',(#11,#15),#4801);
#11 = AXIS2_PLACEMENT_3D('',#12,#13,#14);
#12 = CARTESIAN_POINT('',(0.,0.,0.));
#13 = DIRECTION('',(0.,0.,1.));
#14 = DIRECTION('',(1.,0.,-0.));
#15 = MANIFOLD_SOLID_BREP('',#16);
#16 = CLOSED_SHELL('',(#17,#295,#430,#455,#480,#601,#632,#656,#680,#697,
    #728,#752,#776,#793,#824,#848,#872,#889,#920,#944,#968,#985,#1016,
    #1040,#1064,#1081,#1112,#1136,#1160,#1177,#1208,#1232,#1256,#1273,
    #1460,#1647,#1664,#1681,#1897,#1928,#1964,#2000,#2017,#2048,#2084,
    #2108,#2137,#2169,#2397,#2422,#2616,#2641,#2707,#2732,#2919,#2941,
    #2958,#2975,#2987,#3009,#3026,#3043,#3055,#3077,#3094,#3111,#3123,
    #3145,#3162,#3179,#3191,#3213,#3230,#3247,#3259,#3281,#3298,#3315,
    #3327,#3349,#3366,#3383,#3395,#3417,#3434,#3451,#3463,#3485,#3502,
    #3519,#3531,#3553,#3570,#3587,#3599,#3621,#3638,#3655,#3667,#3689,
    #3706,#3723,#3735,#3757,#3774,#3791,#3803,#3825,#3842,#3859,#3871,
    #3893,#3910,#3927,#3939,#3961,#3978,#3995,#4007,#4019,#4036,#4048,
    #4065,#4169,#4194,#4219,#4244,#4269,#4294,#4319,#4344,#4369,#4389,
    #4409,#4429,#4449,#4469,#4489,#4509,#4529,#4554,#4579,#4604,#4629,
    #4654,#4679,#4704,#4729,#4738,#4747,#4756,#4765,#4774,#4783,#4792));
#17 = ADVANCED_FACE('',(#18,#52,#86,#120,#154,#188,#222,#256),#290,.T.);
#18 = FACE_BOUND('',#19,.T.);
#19 = EDGE_LOOP('',(#20,#30,#38,#46));
#20 = ORIENTED_EDGE('',*,*,#21,.F.);
#21 = EDGE_CURVE('',#22,#24,#26,.T.);
#22 = VERTEX_POINT('',#23);
#23 = CARTESIAN_POINT('',(-48.,-2.30926389122E-13,-42.));
#24 = VERTEX_POINT('',#25);
#25 = CARTESIAN_POINT('',(48.,-2.30926389122E-13,-42.));
#26 = LINE('',#27,#28);
#27 = CARTESIAN_POINT('',(-56.,-2.30926389122E-13,-42.));
#28 = VECTOR('',#29,1.);
#29 = DIRECTION('',(1.,0.,3.330669073875E-16));
#30 = ORIENTED_EDGE('',*,*,#31,.T.);
#31 = EDGE_CURVE('',#22,#32,#34,.T.);
#32 = VERTEX_POINT('',#33);
#33 = CARTESIAN_POINT('',(-48.,44.,-42.));
#34 = LINE('',#35,#36);
#35 = CARTESIAN_POINT('',(-48.,-2.291500322826E-13,-42.));
#36 = VECTOR('',#37,1.);
#37 = DIRECTION('',(1.577721810442E-30,1.,-5.551115123126E-15));
#38 = ORIENTED_EDGE('',*,*,#39,.T.);
#39 = EDGE_CURVE('',#32,#40,#42,.T.);
#40 = VERTEX_POINT('',#41);
#41 = CARTESIAN_POINT('',(48.,44.,-42.));
#42 = LINE('',#43,#44);
#43 = CARTESIAN_POINT('',(-56.,44.,-42.));
#44 = VECTOR('',#45,1.);
#45 = DIRECTION('',(1.,0.,3.330669073875E-16));
#46 = ORIENTED_EDGE('',*,*,#47,.F.);
#47 = EDGE_CURVE('',#24,#40,#48,.T.);
#48 = LINE('',#49,#50);
#49 = CARTESIAN_POINT('',(48.,-2.291500322826E-13,-42.));
#50 = VECTOR('',#51,1.);
#51 = DIRECTION('',(1.577721810442E-30,1.,-5.551115123126E-15));
#52 = FACE_BOUND('',#53,.T.);
#53 = EDGE_LOOP('',(#54,#64,#72,#80));
#54 = ORIENTED_EDGE('',*,*,#55,.F.);
#55 = EDGE_CURVE('',#56,#58,#60,.T.);
#56 = VERTEX_POINT('',#57);
#57 = CARTESIAN_POINT('',(-22.,32.,-42.));
#58 = VERTEX_POINT('',#59);
#59 = CARTESIAN_POINT('',(-19.,32.,-42.));
#60 = LINE('',#61,#62);
#61 = CARTESIAN_POINT('',(-39.,32.,-42.));
#62 = VECTOR('',#63,1.);
#63 = DIRECTION('',(1.,0.,3.330669073875E-16));
#64 = ORIENTED_EDGE('',*,*,#65,.T.);
#65 = EDGE_CURVE('',#56,#66,#68,.T.);
#66 = VERTEX_POINT('',#67);
#67 = CARTESIAN_POINT('',(-22.,14.,-42.));
#68 = LINE('',#69,#70);
#69 = CARTESIAN_POINT('',(-22.,7.,-42.));
#70 = VECTOR('',#71,1.);
#71 = DIRECTION('',(-1.848892746612E-30,-1.,5.551115123126E-15));
#72 = ORIENTED_EDGE('',*,*,#73,.T.);
#73 = EDGE_CURVE('',#66,#74,#76,.T.);
#74 = VERTEX_POINT('',#75);
#75 = CARTESIAN_POINT('',(-19.,14.,-42.));
#76 = LINE('',#77,#78);
#77 = CARTESIAN_POINT('',(-39.,14.,-42.));
#78 = VECTOR('',#79,1.);
#79 = DIRECTION('',(1.,0.,3.330669073875E-16));
#80 = ORIENTED_EDGE('',*,*,#81,.F.);
#81 = EDGE_CURVE('',#58,#74,#82,.T.);
#82 = LINE('',#83,#84);
#83 = CARTESIAN_POINT('',(-19.,7.,-42.));
#84 = VECTOR('',#85,1.);
#85 = DIRECTION('',(-1.848892746612E-30,-1.,5.551115123126E-15));
#86 = FACE_BOUND('',#87,.T.);
#87 = EDGE_LOOP('',(#88,#98,#106,#114));
#88 = ORIENTED_EDGE('',*,*,#89,.F.);
#89 = EDGE_CURVE('',#90,#92,#94,.T.);
#90 = VERTEX_POINT('',#91);
#91 = CARTESIAN_POINT('',(-14.,32.,-42.));
#92 = VERTEX_POINT('',#93);
#93 = CARTESIAN_POINT('',(-11.,32.,-42.));
#94 = LINE('',#95,#96);
#95 = CARTESIAN_POINT('',(-35.,32.,-42.));
#96 = VECTOR('',#97,1.);
#97 = DIRECTION('',(1.,0.,3.330669073875E-16));
#98 = ORIENTED_EDGE('',*,*,#99,.T.);
#99 = EDGE_CURVE('',#90,#100,#102,.T.);
#100 = VERTEX_POINT('',#101);
#101 = CARTESIAN_POINT('',(-14.,14.,-42.));
#102 = LINE('',#103,#104);
#103 = CARTESIAN_POINT('',(-14.,7.,-42.));
#104 = VECTOR('',#105,1.);
#105 = DIRECTION('',(-1.848892746612E-30,-1.,5.551115123126E-15));
#106 = ORIENTED_EDGE('',*,*,#107,.T.);
#107 = EDGE_CURVE('',#100,#108,#110,.T.);
#108 = VERTEX_POINT('',#109);
#109 = CARTESIAN_POINT('',(-11.,14.,-42.));
#110 = LINE('',#111,#112);
#111 = CARTESIAN_POINT('',(-35.,14.,-42.));
#112 = VECTOR('',#113,1.);
#113 = DIRECTION('',(1.,0.,3.330669073875E-16));
#114 = ORIENTED_EDGE('',*,*,#115,.F.);
#115 = EDGE_CURVE('',#92,#108,#116,.T.);
#116 = LINE('',#117,#118);
#117 = CARTESIAN_POINT('',(-11.,7.,-42.));
#118 = VECTOR('',#119,1.);
#119 = DIRECTION('',(-1.848892746612E-30,-1.,5.551115123126E-15));
#120 = FACE_BOUND('',#121,.T.);
#121 = EDGE_LOOP('',(#122,#132,#140,#148));
#122 = ORIENTED_EDGE('',*,*,#123,.F.);
#123 = EDGE_CURVE('',#124,#126,#128,.T.);
#124 = VERTEX_POINT('',#125);
#125 = CARTESIAN_POINT('',(-6.,32.,-42.));
#126 = VERTEX_POINT('',#127);
#127 = CARTESIAN_POINT('',(-3.,32.,-42.));
#128 = LINE('',#129,#130);
#129 = CARTESIAN_POINT('',(-31.,32.,-42.));
#130 = VECTOR('',#131,1.);
#131 = DIRECTION('',(1.,0.,3.330669073875E-16));
#132 = ORIENTED_EDGE('',*,*,#133,.T.);
#133 = EDGE_CURVE('',#124,#134,#136,.T.);
#134 = VERTEX_POINT('',#135);
#135 = CARTESIAN_POINT('',(-6.,14.,-42.));
#136 = LINE('',#137,#138);
#137 = CARTESIAN_POINT('',(-6.,7.,-42.));
#138 = VECTOR('',#139,1.);
#139 = DIRECTION('',(-1.848892746612E-30,-1.,5.551115123126E-15));
#140 = ORIENTED_EDGE('',*,*,#141,.T.);
#141 = EDGE_CURVE('',#134,#142,#144,.T.);
#142 = VERTEX_POINT('',#143);
#143 = CARTESIAN_POINT('',(-3.,14.,-42.));
#144 = LINE('',#145,#146);
#145 = CARTESIAN_POINT('',(-31.,14.,-42.));
#146 = VECTOR('',#147,1.);
#147 = DIRECTION('',(1.,0.,3.330669073875E-16));
#148 = ORIENTED_EDGE('',*,*,#149,.F.);
#149 = EDGE_CURVE('',#126,#142,#150,.T.);
#150 = LINE('',#151,#152);
#151 = CARTESIAN_POINT('',(-3.,7.,-42.));
#152 = VECTOR('',#153,1.);
#153 = DIRECTION('',(-1.848892746612E-30,-1.,5.551115123126E-15));
#154 = FACE_BOUND('',#155,.T.);
#155 = EDGE_LOOP('',(#156,#166,#174,#182));
#156 = ORIENTED_EDGE('',*,*,#157,.F.);
#157 = EDGE_CURVE('',#158,#160,#162,.T.);
#158 = VERTEX_POINT('',#159);
#159 = CARTESIAN_POINT('',(2.,32.,-42.));
#160 = VERTEX_POINT('',#161);
#161 = CARTESIAN_POINT('',(5.,32.,-42.));
#162 = LINE('',#163,#164);
#163 = CARTESIAN_POINT('',(-27.,32.,-42.));
#164 = VECTOR('',#165,1.);
#165 = DIRECTION('',(1.,0.,3.330669073875E-16));
#166 = ORIENTED_EDGE('',*,*,#167,.T.);
#167 = EDGE_CURVE('',#158,#168,#170,.T.);
#168 = VERTEX_POINT('',#169);
#169 = CARTESIAN_POINT('',(2.,14.,-42.));
#170 = LINE('',#171,#172);
#171 = CARTESIAN_POINT('',(2.,7.,-42.));
#172 = VECTOR('',#173,1.);
#173 = DIRECTION('',(-1.848892746612E-30,-1.,5.551115123126E-15));
#174 = ORIENTED_EDGE('',*,*,#175,.T.);
#175 = EDGE_CURVE('',#168,#176,#178,.T.);
#176 = VERTEX_POINT('',#177);
#177 = CARTESIAN_POINT('',(5.,14.,-42.));
#178 = LINE('',#179,#180);
#179 = CARTESIAN_POINT('',(-27.,14.,-42.));
#180 = VECTOR('',#181,1.);
#181 = DIRECTION('',(1.,0.,3.330669073875E-16));
#182 = ORIENTED_EDGE('',*,*,#183,.F.);
#183 = EDGE_CURVE('',#160,#176,#184,.T.);
#184 = LINE('',#185,#186);
#185 = CARTESIAN_POINT('',(5.,7.,-42.));
#186 = VECTOR('',#187,1.);
#187 = DIRECTION('',(-1.848892746612E-30,-1.,5.551115123126E-15));
#188 = FACE_BOUND('',#189,.T.);
#189 = EDGE_LOOP('',(#190,#200,#208,#216));
#190 = ORIENTED_EDGE('',*,*,#191,.F.);
#191 = EDGE_CURVE('',#192,#194,#196,.T.);
#192 = VERTEX_POINT('',#193);
#193 = CARTESIAN_POINT('',(10.,32.,-42.));
#194 = VERTEX_POINT('',#195);
#195 = CARTESIAN_POINT('',(13.,32.,-42.));
#196 = LINE('',#197,#198);
#197 = CARTESIAN_POINT('',(-23.,32.,-42.));
#198 = VECTOR('',#199,1.);
#199 = DIRECTION('',(1.,0.,3.330669073875E-16));
#200 = ORIENTED_EDGE('',*,*,#201,.T.);
#201 = EDGE_CURVE('',#192,#202,#204,.T.);
#202 = VERTEX_POINT('',#203);
#203 = CARTESIAN_POINT('',(10.,14.,-42.));
#204 = LINE('',#205,#206);
#205 = CARTESIAN_POINT('',(10.,7.,-42.));
#206 = VECTOR('',#207,1.);
#207 = DIRECTION('',(-1.848892746612E-30,-1.,5.551115123126E-15));
#208 = ORIENTED_EDGE('',*,*,#209,.T.);
#209 = EDGE_CURVE('',#202,#210,#212,.T.);
#210 = VERTEX_POINT('',#211);
#211 = CARTESIAN_POINT('',(13.,14.,-42.));
#212 = LINE('',#213,#214);
#213 = CARTESIAN_POINT('',(-23.,14.,-42.));
#214 = VECTOR('',#215,1.);
#215 = DIRECTION('',(1.,0.,3.330669073875E-16));
#216 = ORIENTED_EDGE('',*,*,#217,.F.);
#217 = EDGE_CURVE('',#194,#210,#218,.T.);
#218 = LINE('',#219,#220);
#219 = CARTESIAN_POINT('',(13.,7.,-42.));
#220 = VECTOR('',#221,1.);
#221 = DIRECTION('',(-1.848892746612E-30,-1.,5.551115123126E-15));
#222 = FACE_BOUND('',#223,.T.);
#223 = EDGE_LOOP('',(#224,#234,#242,#250));
#224 = ORIENTED_EDGE('',*,*,#225,.F.);
#225 = EDGE_CURVE('',#226,#228,#230,.T.);
#226 = VERTEX_POINT('',#227);
#227 = CARTESIAN_POINT('',(18.,32.,-42.));
#228 = VERTEX_POINT('',#229);
#229 = CARTESIAN_POINT('',(21.,32.,-42.));
#230 = LINE('',#231,#232);
#231 = CARTESIAN_POINT('',(-19.,32.,-42.));
#232 = VECTOR('',#233,1.);
#233 = DIRECTION('',(1.,0.,3.330669073875E-16));
#234 = ORIENTED_EDGE('',*,*,#235,.T.);
#235 = EDGE_CURVE('',#226,#236,#238,.T.);
#236 = VERTEX_POINT('',#237);
#237 = CARTESIAN_POINT('',(18.,14.,-42.));
#238 = LINE('',#239,#240);
#239 = CARTESIAN_POINT('',(18.,7.,-42.));
#240 = VECTOR('',#241,1.);
#241 = DIRECTION('',(-1.848892746612E-30,-1.,5.551115123126E-15));
#242 = ORIENTED_EDGE('',*,*,#243,.T.);
#243 = EDGE_CURVE('',#236,#244,#246,.T.);
#244 = VERTEX_POINT('',#245);
#245 = CARTESIAN_POINT('',(21.,14.,-42.));
#246 = LINE('',#247,#248);
#247 = CARTESIAN_POINT('',(-19.,14.,-42.));
#248 = VECTOR('',#249,1.);
#249 = DIRECTION('',(1.,0.,3.330669073875E-16));
#250 = ORIENTED_EDGE('',*,*,#251,.F.);
#251 = EDGE_CURVE('',#228,#244,#252,.T.);
#252 = LINE('',#253,#254);
#253 = CARTESIAN_POINT('',(21.,7.,-42.));
#254 = VECTOR('',#255,1.);
#255 = DIRECTION('',(-1.848892746612E-30,-1.,5.551115123126E-15));
#256 = FACE_BOUND('',#257,.T.);
#257 = EDGE_LOOP('',(#258,#268,#276,#284));
#258 = ORIENTED_EDGE('',*,*,#259,.F.);
#259 = EDGE_CURVE('',#260,#262,#264,.T.);
#260 = VERTEX_POINT('',#261);
#261 = CARTESIAN_POINT('',(-38.3,13.5,-42.));
#262 = VERTEX_POINT('',#263);
#263 = CARTESIAN_POINT('',(-24.3,13.5,-42.));
#264 = LINE('',#265,#266);
#265 = CARTESIAN_POINT('',(-47.15,13.5,-42.));
#266 = VECTOR('',#267,1.);
#267 = DIRECTION('',(1.,0.,3.330669073875E-16));
#268 = ORIENTED_EDGE('',*,*,#269,.T.);
#269 = EDGE_CURVE('',#260,#270,#272,.T.);
#270 = VERTEX_POINT('',#271);
#271 = CARTESIAN_POINT('',(-38.3,3.5,-42.));
#272 = LINE('',#273,#274);
#273 = CARTESIAN_POINT('',(-38.3,1.75,-42.));
#274 = VECTOR('',#275,1.);
#275 = DIRECTION('',(-1.848892746612E-30,-1.,5.551115123126E-15));
#276 = ORIENTED_EDGE('',*,*,#277,.T.);
#277 = EDGE_CURVE('',#270,#278,#280,.T.);
#278 = VERTEX_POINT('',#279);
#279 = CARTESIAN_POINT('',(-24.3,3.5,-42.));
#280 = LINE('',#281,#282);
#281 = CARTESIAN_POINT('',(-47.15,3.5,-42.));
#282 = VECTOR('',#283,1.);
#283 = DIRECTION('',(1.,0.,3.330669073875E-16));
#284 = ORIENTED_EDGE('',*,*,#285,.F.);
#285 = EDGE_CURVE('',#262,#278,#286,.T.);
#286 = LINE('',#287,#288);
#287 = CARTESIAN_POINT('',(-24.3,1.75,-42.));
#288 = VECTOR('',#289,1.);
#289 = DIRECTION('',(-1.848892746612E-30,-1.,5.551115123126E-15));
#290 = PLANE('',#291);
#291 = AXIS2_PLACEMENT_3D('',#292,#293,#294);
#292 = CARTESIAN_POINT('',(-56.,-2.291500322826E-13,-42.));
#293 = DIRECTION('',(3.330669073875E-16,-5.551115123126E-15,-1.));
#294 = DIRECTION('',(1.,0.,3.330669073875E-16));
#295 = ADVANCED_FACE('',(#296,#357,#391),#425,.F.);
#296 = FACE_BOUND('',#297,.F.);
#297 = EDGE_LOOP('',(#298,#299,#308,#316,#325,#333,#342,#350));
#298 = ORIENTED_EDGE('',*,*,#21,.F.);
#299 = ORIENTED_EDGE('',*,*,#300,.T.);
#300 = EDGE_CURVE('',#22,#301,#303,.T.);
#301 = VERTEX_POINT('',#302);
#302 = CARTESIAN_POINT('',(-56.,-1.86517468137E-13,-34.));
#303 = CIRCLE('',#304,8.);
#304 = AXIS2_PLACEMENT_3D('',#305,#306,#307);
#305 = CARTESIAN_POINT('',(-48.,-1.7763568394E-13,-34.));
#306 = DIRECTION('',(1.848892746612E-30,1.,-5.551115123126E-15));
#307 = DIRECTION('',(-3.330669073875E-16,5.551115123126E-15,1.));
#308 = ORIENTED_EDGE('',*,*,#309,.F.);
#309 = EDGE_CURVE('',#310,#301,#312,.T.);
#310 = VERTEX_POINT('',#311);
#311 = CARTESIAN_POINT('',(-56.,1.900701818158E-13,34.));
#312 = LINE('',#313,#314);
#313 = CARTESIAN_POINT('',(-56.,2.344791028008E-13,42.));
#314 = VECTOR('',#315,1.);
#315 = DIRECTION('',(3.330669073875E-16,-5.551115123126E-15,-1.));
#316 = ORIENTED_EDGE('',*,*,#317,.F.);
#317 = EDGE_CURVE('',#318,#310,#320,.T.);
#318 = VERTEX_POINT('',#319);
#319 = CARTESIAN_POINT('',(-48.,2.344791028008E-13,42.));
#320 = CIRCLE('',#321,8.);
#321 = AXIS2_PLACEMENT_3D('',#322,#323,#324);
#322 = CARTESIAN_POINT('',(-48.,1.847411112976E-13,34.));
#323 = DIRECTION('',(-1.848892746612E-30,-1.,5.551115123126E-15));
#324 = DIRECTION('',(-3.330669073875E-16,5.551115123126E-15,1.));
#325 = ORIENTED_EDGE('',*,*,#326,.F.);
#326 = EDGE_CURVE('',#327,#318,#329,.T.);
#327 = VERTEX_POINT('',#328);
#328 = CARTESIAN_POINT('',(48.,2.344791028008E-13,42.));
#329 = LINE('',#330,#331);
#330 = CARTESIAN_POINT('',(56.,2.344791028008E-13,42.));
#331 = VECTOR('',#332,1.);
#332 = DIRECTION('',(-1.,0.,-3.330669073875E-16));
#333 = ORIENTED_EDGE('',*,*,#334,.F.);
#334 = EDGE_CURVE('',#335,#327,#337,.T.);
#335 = VERTEX_POINT('',#336);
#336 = CARTESIAN_POINT('',(56.,1.900701818158E-13,34.));
#337 = CIRCLE('',#338,8.);
#338 = AXIS2_PLACEMENT_3D('',#339,#340,#341);
#339 = CARTESIAN_POINT('',(48.,1.847411112976E-13,34.));
#340 = DIRECTION('',(-1.848892746612E-30,-1.,5.551115123126E-15));
#341 = DIRECTION('',(-3.330669073875E-16,5.551115123126E-15,1.));
#342 = ORIENTED_EDGE('',*,*,#343,.F.);
#343 = EDGE_CURVE('',#344,#335,#346,.T.);
#344 = VERTEX_POINT('',#345);
#345 = CARTESIAN_POINT('',(56.,-1.86517468137E-13,-34.));
#346 = LINE('',#347,#348);
#347 = CARTESIAN_POINT('',(56.,-2.30926389122E-13,-42.));
#348 = VECTOR('',#349,1.);
#349 = DIRECTION('',(-3.330669073875E-16,5.551115123126E-15,1.));
#350 = ORIENTED_EDGE('',*,*,#351,.F.);
#351 = EDGE_CURVE('',#24,#344,#352,.T.);
#352 = CIRCLE('',#353,8.);
#353 = AXIS2_PLACEMENT_3D('',#354,#355,#356);
#354 = CARTESIAN_POINT('',(48.,-1.7763568394E-13,-34.));
#355 = DIRECTION('',(-1.848892746612E-30,-1.,5.551115123126E-15));
#356 = DIRECTION('',(-3.330669073875E-16,5.551115123126E-15,1.));
#357 = FACE_BOUND('',#358,.F.);
#358 = EDGE_LOOP('',(#359,#369,#377,#385));
#359 = ORIENTED_EDGE('',*,*,#360,.F.);
#360 = EDGE_CURVE('',#361,#363,#365,.T.);
#361 = VERTEX_POINT('',#362);
#362 = CARTESIAN_POINT('',(-4.6,1.06581410364E-13,19.5));
#363 = VERTEX_POINT('',#364);
#364 = CARTESIAN_POINT('',(-1.6,1.06581410364E-13,19.5));
#365 = LINE('',#366,#367);
#366 = CARTESIAN_POINT('',(-2.3,1.06581410364E-13,19.5));
#367 = VECTOR('',#368,1.);
#368 = DIRECTION('',(1.,0.,3.330669073875E-16));
#369 = ORIENTED_EDGE('',*,*,#370,.T.);
#370 = EDGE_CURVE('',#361,#371,#373,.T.);
#371 = VERTEX_POINT('',#372);
#372 = CARTESIAN_POINT('',(-4.6,2.6645352591E-14,4.5));
#373 = LINE('',#374,#375);
#374 = CARTESIAN_POINT('',(-4.6,1.42108547152E-14,2.25));
#375 = VECTOR('',#376,1.);
#376 = DIRECTION('',(3.330669073875E-16,-5.329070518201E-15,-1.));
#377 = ORIENTED_EDGE('',*,*,#378,.T.);
#378 = EDGE_CURVE('',#371,#379,#381,.T.);
#379 = VERTEX_POINT('',#380);
#380 = CARTESIAN_POINT('',(-1.6,2.6645352591E-14,4.5));
#381 = LINE('',#382,#383);
#382 = CARTESIAN_POINT('',(-2.3,2.6645352591E-14,4.5));
#383 = VECTOR('',#384,1.);
#384 = DIRECTION('',(1.,0.,3.330669073875E-16));
#385 = ORIENTED_EDGE('',*,*,#386,.F.);
#386 = EDGE_CURVE('',#363,#379,#387,.T.);
#387 = LINE('',#388,#389);
#388 = CARTESIAN_POINT('',(-1.6,1.42108547152E-14,2.25));
#389 = VECTOR('',#390,1.);
#390 = DIRECTION('',(3.330669073875E-16,-5.329070518201E-15,-1.));
#391 = FACE_BOUND('',#392,.F.);
#392 = EDGE_LOOP('',(#393,#403,#411,#419));
#393 = ORIENTED_EDGE('',*,*,#394,.F.);
#394 = EDGE_CURVE('',#395,#397,#399,.T.);
#395 = VERTEX_POINT('',#396);
#396 = CARTESIAN_POINT('',(1.6,1.06581410364E-13,19.5));
#397 = VERTEX_POINT('',#398);
#398 = CARTESIAN_POINT('',(4.6,1.06581410364E-13,19.5));
#399 = LINE('',#400,#401);
#400 = CARTESIAN_POINT('',(0.8,1.06581410364E-13,19.5));
#401 = VECTOR('',#402,1.);
#402 = DIRECTION('',(1.,-5.916456789158E-31,2.22044604925E-16));
#403 = ORIENTED_EDGE('',*,*,#404,.T.);
#404 = EDGE_CURVE('',#395,#405,#407,.T.);
#405 = VERTEX_POINT('',#406);
#406 = CARTESIAN_POINT('',(1.6,2.6645352591E-14,4.5));
#407 = LINE('',#408,#409);
#408 = CARTESIAN_POINT('',(1.6,1.42108547152E-14,2.25));
#409 = VECTOR('',#410,1.);
#410 = DIRECTION('',(2.22044604925E-16,-5.329070518201E-15,-1.));
#411 = ORIENTED_EDGE('',*,*,#412,.T.);
#412 = EDGE_CURVE('',#405,#413,#415,.T.);
#413 = VERTEX_POINT('',#414);
#414 = CARTESIAN_POINT('',(4.6,2.6645352591E-14,4.5));
#415 = LINE('',#416,#417);
#416 = CARTESIAN_POINT('',(0.8,2.6645352591E-14,4.5));
#417 = VECTOR('',#418,1.);
#418 = DIRECTION('',(1.,-5.916456789158E-31,2.22044604925E-16));
#419 = ORIENTED_EDGE('',*,*,#420,.F.);
#420 = EDGE_CURVE('',#397,#413,#421,.T.);
#421 = LINE('',#422,#423);
#422 = CARTESIAN_POINT('',(4.6,1.42108547152E-14,2.25));
#423 = VECTOR('',#424,1.);
#424 = DIRECTION('',(2.22044604925E-16,-5.329070518201E-15,-1.));
#425 = PLANE('',#426);
#426 = AXIS2_PLACEMENT_3D('',#427,#428,#429);
#427 = CARTESIAN_POINT('',(-5.329070518201E-15,3.552713678801E-15,
    6.394884621841E-14));
#428 = DIRECTION('',(1.577721810442E-30,1.,-5.329070518201E-15));
#429 = DIRECTION('',(-3.330669073875E-16,5.329070518201E-15,1.));
#430 = ADVANCED_FACE('',(#431),#450,.T.);
#431 = FACE_BOUND('',#432,.T.);
#432 = EDGE_LOOP('',(#433,#434,#442,#449));
#433 = ORIENTED_EDGE('',*,*,#300,.T.);
#434 = ORIENTED_EDGE('',*,*,#435,.T.);
#435 = EDGE_CURVE('',#301,#436,#438,.T.);
#436 = VERTEX_POINT('',#437);
#437 = CARTESIAN_POINT('',(-56.,44.,-34.));
#438 = LINE('',#439,#440);
#439 = CARTESIAN_POINT('',(-56.,-1.847411112976E-13,-34.));
#440 = VECTOR('',#441,1.);
#441 = DIRECTION('',(1.577721810442E-30,1.,-5.551115123126E-15));
#442 = ORIENTED_EDGE('',*,*,#443,.F.);
#443 = EDGE_CURVE('',#32,#436,#444,.T.);
#444 = CIRCLE('',#445,8.);
#445 = AXIS2_PLACEMENT_3D('',#446,#447,#448);
#446 = CARTESIAN_POINT('',(-48.,44.,-34.));
#447 = DIRECTION('',(1.848892746612E-30,1.,-5.551115123126E-15));
#448 = DIRECTION('',(-3.330669073875E-16,5.551115123126E-15,1.));
#449 = ORIENTED_EDGE('',*,*,#31,.F.);
#450 = CYLINDRICAL_SURFACE('',#451,8.);
#451 = AXIS2_PLACEMENT_3D('',#452,#453,#454);
#452 = CARTESIAN_POINT('',(-48.,-1.847411112976E-13,-34.));
#453 = DIRECTION('',(1.577721810442E-30,1.,-5.551115123126E-15));
#454 = DIRECTION('',(3.330669073875E-16,-5.551115123126E-15,-1.));
#455 = ADVANCED_FACE('',(#456),#475,.T.);
#456 = FACE_BOUND('',#457,.F.);
#457 = EDGE_LOOP('',(#458,#459,#467,#474));
#458 = ORIENTED_EDGE('',*,*,#351,.T.);
#459 = ORIENTED_EDGE('',*,*,#460,.T.);
#460 = EDGE_CURVE('',#344,#461,#463,.T.);
#461 = VERTEX_POINT('',#462);
#462 = CARTESIAN_POINT('',(56.,44.,-34.));
#463 = LINE('',#464,#465);
#464 = CARTESIAN_POINT('',(56.,-1.847411112976E-13,-34.));
#465 = VECTOR('',#466,1.);
#466 = DIRECTION('',(1.577721810442E-30,1.,-5.551115123126E-15));
#467 = ORIENTED_EDGE('',*,*,#468,.F.);
#468 = EDGE_CURVE('',#40,#461,#469,.T.);
#469 = CIRCLE('',#470,8.);
#470 = AXIS2_PLACEMENT_3D('',#471,#472,#473);
#471 = CARTESIAN_POINT('',(48.,44.,-34.));
#472 = DIRECTION('',(-1.848892746612E-30,-1.,5.551115123126E-15));
#473 = DIRECTION('',(-3.330669073875E-16,5.551115123126E-15,1.));
#474 = ORIENTED_EDGE('',*,*,#47,.F.);
#475 = CYLINDRICAL_SURFACE('',#476,8.);
#476 = AXIS2_PLACEMENT_3D('',#477,#478,#479);
#477 = CARTESIAN_POINT('',(48.,-1.847411112976E-13,-34.));
#478 = DIRECTION('',(1.577721810442E-30,1.,-5.551115123126E-15));
#479 = DIRECTION('',(3.330669073875E-16,-5.551115123126E-15,-1.));
#480 = ADVANCED_FACE('',(#481,#526),#596,.T.);
#481 = FACE_BOUND('',#482,.T.);
#482 = EDGE_LOOP('',(#483,#484,#485,#493,#502,#510,#519,#525));
#483 = ORIENTED_EDGE('',*,*,#39,.F.);
#484 = ORIENTED_EDGE('',*,*,#443,.T.);
#485 = ORIENTED_EDGE('',*,*,#486,.F.);
#486 = EDGE_CURVE('',#487,#436,#489,.T.);
#487 = VERTEX_POINT('',#488);
#488 = CARTESIAN_POINT('',(-56.,44.,34.));
#489 = LINE('',#490,#491);
#490 = CARTESIAN_POINT('',(-56.,44.,42.));
#491 = VECTOR('',#492,1.);
#492 = DIRECTION('',(3.330669073875E-16,-5.551115123126E-15,-1.));
#493 = ORIENTED_EDGE('',*,*,#494,.F.);
#494 = EDGE_CURVE('',#495,#487,#497,.T.);
#495 = VERTEX_POINT('',#496);
#496 = CARTESIAN_POINT('',(-48.,44.,42.));
#497 = CIRCLE('',#498,8.);
#498 = AXIS2_PLACEMENT_3D('',#499,#500,#501);
#499 = CARTESIAN_POINT('',(-48.,44.,34.));
#500 = DIRECTION('',(-1.848892746612E-30,-1.,5.551115123126E-15));
#501 = DIRECTION('',(-3.330669073875E-16,5.551115123126E-15,1.));
#502 = ORIENTED_EDGE('',*,*,#503,.F.);
#503 = EDGE_CURVE('',#504,#495,#506,.T.);
#504 = VERTEX_POINT('',#505);
#505 = CARTESIAN_POINT('',(48.,44.,42.));
#506 = LINE('',#507,#508);
#507 = CARTESIAN_POINT('',(56.,44.,42.));
#508 = VECTOR('',#509,1.);
#509 = DIRECTION('',(-1.,0.,-3.330669073875E-16));
#510 = ORIENTED_EDGE('',*,*,#511,.F.);
#511 = EDGE_CURVE('',#512,#504,#514,.T.);
#512 = VERTEX_POINT('',#513);
#513 = CARTESIAN_POINT('',(56.,44.,34.));
#514 = CIRCLE('',#515,8.);
#515 = AXIS2_PLACEMENT_3D('',#516,#517,#518);
#516 = CARTESIAN_POINT('',(48.,44.,34.));
#517 = DIRECTION('',(-1.848892746612E-30,-1.,5.551115123126E-15));
#518 = DIRECTION('',(-3.330669073875E-16,5.551115123126E-15,1.));
#519 = ORIENTED_EDGE('',*,*,#520,.F.);
#520 = EDGE_CURVE('',#461,#512,#521,.T.);
#521 = LINE('',#522,#523);
#522 = CARTESIAN_POINT('',(56.,44.,-42.));
#523 = VECTOR('',#524,1.);
#524 = DIRECTION('',(-3.330669073875E-16,5.551115123126E-15,1.));
#525 = ORIENTED_EDGE('',*,*,#468,.F.);
#526 = FACE_BOUND('',#527,.T.);
#527 = EDGE_LOOP('',(#528,#539,#547,#556,#564,#573,#581,#590));
#528 = ORIENTED_EDGE('',*,*,#529,.F.);
#529 = EDGE_CURVE('',#530,#532,#534,.T.);
#530 = VERTEX_POINT('',#531);
#531 = CARTESIAN_POINT('',(48.,44.,39.5));
#532 = VERTEX_POINT('',#533);
#533 = CARTESIAN_POINT('',(53.5,44.,34.));
#534 = CIRCLE('',#535,5.5);
#535 = AXIS2_PLACEMENT_3D('',#536,#537,#538);
#536 = CARTESIAN_POINT('',(48.,44.,34.));
#537 = DIRECTION('',(1.848892746612E-30,1.,-5.551115123126E-15));
#538 = DIRECTION('',(1.,0.,3.330669073875E-16));
#539 = ORIENTED_EDGE('',*,*,#540,.F.);
#540 = EDGE_CURVE('',#541,#530,#543,.T.);
#541 = VERTEX_POINT('',#542);
#542 = CARTESIAN_POINT('',(-48.,44.,39.5));
#543 = LINE('',#544,#545);
#544 = CARTESIAN_POINT('',(28.,44.,39.5));
#545 = VECTOR('',#546,1.);
#546 = DIRECTION('',(1.,0.,3.330669073875E-16));
#547 = ORIENTED_EDGE('',*,*,#548,.F.);
#548 = EDGE_CURVE('',#549,#541,#551,.T.);
#549 = VERTEX_POINT('',#550);
#550 = CARTESIAN_POINT('',(-53.5,44.,34.));
#551 = CIRCLE('',#552,5.5);
#552 = AXIS2_PLACEMENT_3D('',#553,#554,#555);
#553 = CARTESIAN_POINT('',(-48.,44.,34.));
#554 = DIRECTION('',(1.848892746612E-30,1.,-5.551115123126E-15));
#555 = DIRECTION('',(-3.330669073875E-16,5.551115123126E-15,1.));
#556 = ORIENTED_EDGE('',*,*,#557,.F.);
#557 = EDGE_CURVE('',#558,#549,#560,.T.);
#558 = VERTEX_POINT('',#559);
#559 = CARTESIAN_POINT('',(-53.5,44.,-34.));
#560 = LINE('',#561,#562);
#561 = CARTESIAN_POINT('',(-53.5,44.,21.));
#562 = VECTOR('',#563,1.);
#563 = DIRECTION('',(-3.330669073875E-16,5.329070518201E-15,1.));
#564 = ORIENTED_EDGE('',*,*,#565,.F.);
#565 = EDGE_CURVE('',#566,#558,#568,.T.);
#566 = VERTEX_POINT('',#567);
#567 = CARTESIAN_POINT('',(-48.,44.,-39.5));
#568 = CIRCLE('',#569,5.5);
#569 = AXIS2_PLACEMENT_3D('',#570,#571,#572);
#570 = CARTESIAN_POINT('',(-48.,44.,-34.));
#571 = DIRECTION('',(1.848892746612E-30,1.,-5.551115123126E-15));
#572 = DIRECTION('',(3.330669073875E-16,-5.551115123126E-15,-1.));
#573 = ORIENTED_EDGE('',*,*,#574,.F.);
#574 = EDGE_CURVE('',#575,#566,#577,.T.);
#575 = VERTEX_POINT('',#576);
#576 = CARTESIAN_POINT('',(48.,44.,-39.5));
#577 = LINE('',#578,#579);
#578 = CARTESIAN_POINT('',(-28.,44.,-39.5));
#579 = VECTOR('',#580,1.);
#580 = DIRECTION('',(-1.,0.,-3.330669073875E-16));
#581 = ORIENTED_EDGE('',*,*,#582,.F.);
#582 = EDGE_CURVE('',#583,#575,#585,.T.);
#583 = VERTEX_POINT('',#584);
#584 = CARTESIAN_POINT('',(53.5,44.,-34.));
#585 = CIRCLE('',#586,5.5);
#586 = AXIS2_PLACEMENT_3D('',#587,#588,#589);
#587 = CARTESIAN_POINT('',(48.,44.,-34.));
#588 = DIRECTION('',(1.848892746612E-30,1.,-5.551115123126E-15));
#589 = DIRECTION('',(3.330669073875E-16,-5.551115123126E-15,-1.));
#590 = ORIENTED_EDGE('',*,*,#591,.F.);
#591 = EDGE_CURVE('',#532,#583,#592,.T.);
#592 = LINE('',#593,#594);
#593 = CARTESIAN_POINT('',(53.5,44.,-21.));
#594 = VECTOR('',#595,1.);
#595 = DIRECTION('',(3.330669073875E-16,-5.329070518201E-15,-1.));
#596 = PLANE('',#597);
#597 = AXIS2_PLACEMENT_3D('',#598,#599,#600);
#598 = CARTESIAN_POINT('',(-7.105427357601E-15,44.,-1.794120407794E-13)
  );
#599 = DIRECTION('',(1.577721810442E-30,1.,-5.329070518201E-15));
#600 = DIRECTION('',(-3.330669073875E-16,5.329070518201E-15,1.));
#601 = ADVANCED_FACE('',(#602),#627,.F.);
#602 = FACE_BOUND('',#603,.F.);
#603 = EDGE_LOOP('',(#604,#612,#613,#621));
#604 = ORIENTED_EDGE('',*,*,#605,.F.);
#605 = EDGE_CURVE('',#58,#606,#608,.T.);
#606 = VERTEX_POINT('',#607);
#607 = CARTESIAN_POINT('',(-19.,32.,-39.5));
#608 = LINE('',#609,#610);
#609 = CARTESIAN_POINT('',(-19.,32.,-47.));
#610 = VECTOR('',#611,1.);
#611 = DIRECTION('',(-3.330669073875E-16,0.,1.));
#612 = ORIENTED_EDGE('',*,*,#55,.F.);
#613 = ORIENTED_EDGE('',*,*,#614,.T.);
#614 = EDGE_CURVE('',#56,#615,#617,.T.);
#615 = VERTEX_POINT('',#616);
#616 = CARTESIAN_POINT('',(-22.,32.,-39.5));
#617 = LINE('',#618,#619);
#618 = CARTESIAN_POINT('',(-22.,32.,-47.));
#619 = VECTOR('',#620,1.);
#620 = DIRECTION('',(-3.330669073875E-16,0.,1.));
#621 = ORIENTED_EDGE('',*,*,#622,.T.);
#622 = EDGE_CURVE('',#615,#606,#623,.T.);
#623 = LINE('',#624,#625);
#624 = CARTESIAN_POINT('',(-39.,32.,-39.5));
#625 = VECTOR('',#626,1.);
#626 = DIRECTION('',(1.,0.,3.330669073875E-16));
#627 = PLANE('',#628);
#628 = AXIS2_PLACEMENT_3D('',#629,#630,#631);
#629 = CARTESIAN_POINT('',(-22.,32.,-47.));
#630 = DIRECTION('',(0.,1.,0.));
#631 = DIRECTION('',(-3.330669073875E-16,0.,1.));
#632 = ADVANCED_FACE('',(#633),#651,.T.);
#633 = FACE_BOUND('',#634,.T.);
#634 = EDGE_LOOP('',(#635,#643,#644,#645));
#635 = ORIENTED_EDGE('',*,*,#636,.F.);
#636 = EDGE_CURVE('',#66,#637,#639,.T.);
#637 = VERTEX_POINT('',#638);
#638 = CARTESIAN_POINT('',(-22.,14.,-39.5));
#639 = LINE('',#640,#641);
#640 = CARTESIAN_POINT('',(-22.,14.,-47.));
#641 = VECTOR('',#642,1.);
#642 = DIRECTION('',(-3.330669073875E-16,0.,1.));
#643 = ORIENTED_EDGE('',*,*,#65,.F.);
#644 = ORIENTED_EDGE('',*,*,#614,.T.);
#645 = ORIENTED_EDGE('',*,*,#646,.T.);
#646 = EDGE_CURVE('',#615,#637,#647,.T.);
#647 = LINE('',#648,#649);
#648 = CARTESIAN_POINT('',(-22.,7.,-39.5));
#649 = VECTOR('',#650,1.);
#650 = DIRECTION('',(-1.848892746612E-30,-1.,5.551115123126E-15));
#651 = PLANE('',#652);
#652 = AXIS2_PLACEMENT_3D('',#653,#654,#655);
#653 = CARTESIAN_POINT('',(-22.,14.,-47.));
#654 = DIRECTION('',(1.,0.,3.330669073875E-16));
#655 = DIRECTION('',(-3.330669073875E-16,0.,1.));
#656 = ADVANCED_FACE('',(#657),#675,.F.);
#657 = FACE_BOUND('',#658,.F.);
#658 = EDGE_LOOP('',(#659,#667,#668,#669));
#659 = ORIENTED_EDGE('',*,*,#660,.F.);
#660 = EDGE_CURVE('',#74,#661,#663,.T.);
#661 = VERTEX_POINT('',#662);
#662 = CARTESIAN_POINT('',(-19.,14.,-39.5));
#663 = LINE('',#664,#665);
#664 = CARTESIAN_POINT('',(-19.,14.,-47.));
#665 = VECTOR('',#666,1.);
#666 = DIRECTION('',(-3.330669073875E-16,0.,1.));
#667 = ORIENTED_EDGE('',*,*,#81,.F.);
#668 = ORIENTED_EDGE('',*,*,#605,.T.);
#669 = ORIENTED_EDGE('',*,*,#670,.T.);
#670 = EDGE_CURVE('',#606,#661,#671,.T.);
#671 = LINE('',#672,#673);
#672 = CARTESIAN_POINT('',(-19.,7.,-39.5));
#673 = VECTOR('',#674,1.);
#674 = DIRECTION('',(-1.848892746612E-30,-1.,5.551115123126E-15));
#675 = PLANE('',#676);
#676 = AXIS2_PLACEMENT_3D('',#677,#678,#679);
#677 = CARTESIAN_POINT('',(-19.,14.,-47.));
#678 = DIRECTION('',(1.,0.,3.330669073875E-16));
#679 = DIRECTION('',(-3.330669073875E-16,0.,1.));
#680 = ADVANCED_FACE('',(#681),#692,.T.);
#681 = FACE_BOUND('',#682,.T.);
#682 = EDGE_LOOP('',(#683,#684,#685,#686));
#683 = ORIENTED_EDGE('',*,*,#660,.F.);
#684 = ORIENTED_EDGE('',*,*,#73,.F.);
#685 = ORIENTED_EDGE('',*,*,#636,.T.);
#686 = ORIENTED_EDGE('',*,*,#687,.T.);
#687 = EDGE_CURVE('',#637,#661,#688,.T.);
#688 = LINE('',#689,#690);
#689 = CARTESIAN_POINT('',(-39.,14.,-39.5));
#690 = VECTOR('',#691,1.);
#691 = DIRECTION('',(1.,0.,3.330669073875E-16));
#692 = PLANE('',#693);
#693 = AXIS2_PLACEMENT_3D('',#694,#695,#696);
#694 = CARTESIAN_POINT('',(-22.,14.,-47.));
#695 = DIRECTION('',(0.,1.,0.));
#696 = DIRECTION('',(-3.330669073875E-16,0.,1.));
#697 = ADVANCED_FACE('',(#698),#723,.F.);
#698 = FACE_BOUND('',#699,.F.);
#699 = EDGE_LOOP('',(#700,#708,#709,#717));
#700 = ORIENTED_EDGE('',*,*,#701,.F.);
#701 = EDGE_CURVE('',#92,#702,#704,.T.);
#702 = VERTEX_POINT('',#703);
#703 = CARTESIAN_POINT('',(-11.,32.,-39.5));
#704 = LINE('',#705,#706);
#705 = CARTESIAN_POINT('',(-11.,32.,-47.));
#706 = VECTOR('',#707,1.);
#707 = DIRECTION('',(-3.330669073875E-16,0.,1.));
#708 = ORIENTED_EDGE('',*,*,#89,.F.);
#709 = ORIENTED_EDGE('',*,*,#710,.T.);
#710 = EDGE_CURVE('',#90,#711,#713,.T.);
#711 = VERTEX_POINT('',#712);
#712 = CARTESIAN_POINT('',(-14.,32.,-39.5));
#713 = LINE('',#714,#715);
#714 = CARTESIAN_POINT('',(-14.,32.,-47.));
#715 = VECTOR('',#716,1.);
#716 = DIRECTION('',(-3.330669073875E-16,0.,1.));
#717 = ORIENTED_EDGE('',*,*,#718,.T.);
#718 = EDGE_CURVE('',#711,#702,#719,.T.);
#719 = LINE('',#720,#721);
#720 = CARTESIAN_POINT('',(-35.,32.,-39.5));
#721 = VECTOR('',#722,1.);
#722 = DIRECTION('',(1.,0.,3.330669073875E-16));
#723 = PLANE('',#724);
#724 = AXIS2_PLACEMENT_3D('',#725,#726,#727);
#725 = CARTESIAN_POINT('',(-14.,32.,-47.));
#726 = DIRECTION('',(0.,1.,0.));
#727 = DIRECTION('',(-3.330669073875E-16,0.,1.));
#728 = ADVANCED_FACE('',(#729),#747,.T.);
#729 = FACE_BOUND('',#730,.T.);
#730 = EDGE_LOOP('',(#731,#739,#740,#741));
#731 = ORIENTED_EDGE('',*,*,#732,.F.);
#732 = EDGE_CURVE('',#100,#733,#735,.T.);
#733 = VERTEX_POINT('',#734);
#734 = CARTESIAN_POINT('',(-14.,14.,-39.5));
#735 = LINE('',#736,#737);
#736 = CARTESIAN_POINT('',(-14.,14.,-47.));
#737 = VECTOR('',#738,1.);
#738 = DIRECTION('',(-3.330669073875E-16,0.,1.));
#739 = ORIENTED_EDGE('',*,*,#99,.F.);
#740 = ORIENTED_EDGE('',*,*,#710,.T.);
#741 = ORIENTED_EDGE('',*,*,#742,.T.);
#742 = EDGE_CURVE('',#711,#733,#743,.T.);
#743 = LINE('',#744,#745);
#744 = CARTESIAN_POINT('',(-14.,7.,-39.5));
#745 = VECTOR('',#746,1.);
#746 = DIRECTION('',(-1.848892746612E-30,-1.,5.551115123126E-15));
#747 = PLANE('',#748);
#748 = AXIS2_PLACEMENT_3D('',#749,#750,#751);
#749 = CARTESIAN_POINT('',(-14.,14.,-47.));
#750 = DIRECTION('',(1.,0.,3.330669073875E-16));
#751 = DIRECTION('',(-3.330669073875E-16,0.,1.));
#752 = ADVANCED_FACE('',(#753),#771,.F.);
#753 = FACE_BOUND('',#754,.F.);
#754 = EDGE_LOOP('',(#755,#763,#764,#765));
#755 = ORIENTED_EDGE('',*,*,#756,.F.);
#756 = EDGE_CURVE('',#108,#757,#759,.T.);
#757 = VERTEX_POINT('',#758);
#758 = CARTESIAN_POINT('',(-11.,14.,-39.5));
#759 = LINE('',#760,#761);
#760 = CARTESIAN_POINT('',(-11.,14.,-47.));
#761 = VECTOR('',#762,1.);
#762 = DIRECTION('',(-3.330669073875E-16,0.,1.));
#763 = ORIENTED_EDGE('',*,*,#115,.F.);
#764 = ORIENTED_EDGE('',*,*,#701,.T.);
#765 = ORIENTED_EDGE('',*,*,#766,.T.);
#766 = EDGE_CURVE('',#702,#757,#767,.T.);
#767 = LINE('',#768,#769);
#768 = CARTESIAN_POINT('',(-11.,7.,-39.5));
#769 = VECTOR('',#770,1.);
#770 = DIRECTION('',(-1.848892746612E-30,-1.,5.551115123126E-15));
#771 = PLANE('',#772);
#772 = AXIS2_PLACEMENT_3D('',#773,#774,#775);
#773 = CARTESIAN_POINT('',(-11.,14.,-47.));
#774 = DIRECTION('',(1.,0.,3.330669073875E-16));
#775 = DIRECTION('',(-3.330669073875E-16,0.,1.));
#776 = ADVANCED_FACE('',(#777),#788,.T.);
#777 = FACE_BOUND('',#778,.T.);
#778 = EDGE_LOOP('',(#779,#780,#781,#782));
#779 = ORIENTED_EDGE('',*,*,#756,.F.);
#780 = ORIENTED_EDGE('',*,*,#107,.F.);
#781 = ORIENTED_EDGE('',*,*,#732,.T.);
#782 = ORIENTED_EDGE('',*,*,#783,.T.);
#783 = EDGE_CURVE('',#733,#757,#784,.T.);
#784 = LINE('',#785,#786);
#785 = CARTESIAN_POINT('',(-35.,14.,-39.5));
#786 = VECTOR('',#787,1.);
#787 = DIRECTION('',(1.,0.,3.330669073875E-16));
#788 = PLANE('',#789);
#789 = AXIS2_PLACEMENT_3D('',#790,#791,#792);
#790 = CARTESIAN_POINT('',(-14.,14.,-47.));
#791 = DIRECTION('',(0.,1.,0.));
#792 = DIRECTION('',(-3.330669073875E-16,0.,1.));
#793 = ADVANCED_FACE('',(#794),#819,.F.);
#794 = FACE_BOUND('',#795,.F.);
#795 = EDGE_LOOP('',(#796,#804,#805,#813));
#796 = ORIENTED_EDGE('',*,*,#797,.F.);
#797 = EDGE_CURVE('',#126,#798,#800,.T.);
#798 = VERTEX_POINT('',#799);
#799 = CARTESIAN_POINT('',(-3.,32.,-39.5));
#800 = LINE('',#801,#802);
#801 = CARTESIAN_POINT('',(-3.,32.,-47.));
#802 = VECTOR('',#803,1.);
#803 = DIRECTION('',(-3.330669073875E-16,0.,1.));
#804 = ORIENTED_EDGE('',*,*,#123,.F.);
#805 = ORIENTED_EDGE('',*,*,#806,.T.);
#806 = EDGE_CURVE('',#124,#807,#809,.T.);
#807 = VERTEX_POINT('',#808);
#808 = CARTESIAN_POINT('',(-6.,32.,-39.5));
#809 = LINE('',#810,#811);
#810 = CARTESIAN_POINT('',(-6.,32.,-47.));
#811 = VECTOR('',#812,1.);
#812 = DIRECTION('',(-3.330669073875E-16,0.,1.));
#813 = ORIENTED_EDGE('',*,*,#814,.T.);
#814 = EDGE_CURVE('',#807,#798,#815,.T.);
#815 = LINE('',#816,#817);
#816 = CARTESIAN_POINT('',(-31.,32.,-39.5));
#817 = VECTOR('',#818,1.);
#818 = DIRECTION('',(1.,0.,3.330669073875E-16));
#819 = PLANE('',#820);
#820 = AXIS2_PLACEMENT_3D('',#821,#822,#823);
#821 = CARTESIAN_POINT('',(-6.,32.,-47.));
#822 = DIRECTION('',(0.,1.,0.));
#823 = DIRECTION('',(-3.330669073875E-16,0.,1.));
#824 = ADVANCED_FACE('',(#825),#843,.T.);
#825 = FACE_BOUND('',#826,.T.);
#826 = EDGE_LOOP('',(#827,#835,#836,#837));
#827 = ORIENTED_EDGE('',*,*,#828,.F.);
#828 = EDGE_CURVE('',#134,#829,#831,.T.);
#829 = VERTEX_POINT('',#830);
#830 = CARTESIAN_POINT('',(-6.,14.,-39.5));
#831 = LINE('',#832,#833);
#832 = CARTESIAN_POINT('',(-6.,14.,-47.));
#833 = VECTOR('',#834,1.);
#834 = DIRECTION('',(-3.330669073875E-16,0.,1.));
#835 = ORIENTED_EDGE('',*,*,#133,.F.);
#836 = ORIENTED_EDGE('',*,*,#806,.T.);
#837 = ORIENTED_EDGE('',*,*,#838,.T.);
#838 = EDGE_CURVE('',#807,#829,#839,.T.);
#839 = LINE('',#840,#841);
#840 = CARTESIAN_POINT('',(-6.,7.,-39.5));
#841 = VECTOR('',#842,1.);
#842 = DIRECTION('',(-1.848892746612E-30,-1.,5.551115123126E-15));
#843 = PLANE('',#844);
#844 = AXIS2_PLACEMENT_3D('',#845,#846,#847);
#845 = CARTESIAN_POINT('',(-6.,14.,-47.));
#846 = DIRECTION('',(1.,0.,3.330669073875E-16));
#847 = DIRECTION('',(-3.330669073875E-16,0.,1.));
#848 = ADVANCED_FACE('',(#849),#867,.F.);
#849 = FACE_BOUND('',#850,.F.);
#850 = EDGE_LOOP('',(#851,#859,#860,#861));
#851 = ORIENTED_EDGE('',*,*,#852,.F.);
#852 = EDGE_CURVE('',#142,#853,#855,.T.);
#853 = VERTEX_POINT('',#854);
#854 = CARTESIAN_POINT('',(-3.,14.,-39.5));
#855 = LINE('',#856,#857);
#856 = CARTESIAN_POINT('',(-3.,14.,-47.));
#857 = VECTOR('',#858,1.);
#858 = DIRECTION('',(-3.330669073875E-16,0.,1.));
#859 = ORIENTED_EDGE('',*,*,#149,.F.);
#860 = ORIENTED_EDGE('',*,*,#797,.T.);
#861 = ORIENTED_EDGE('',*,*,#862,.T.);
#862 = EDGE_CURVE('',#798,#853,#863,.T.);
#863 = LINE('',#864,#865);
#864 = CARTESIAN_POINT('',(-3.,7.,-39.5));
#865 = VECTOR('',#866,1.);
#866 = DIRECTION('',(-1.848892746612E-30,-1.,5.551115123126E-15));
#867 = PLANE('',#868);
#868 = AXIS2_PLACEMENT_3D('',#869,#870,#871);
#869 = CARTESIAN_POINT('',(-3.,14.,-47.));
#870 = DIRECTION('',(1.,0.,3.330669073875E-16));
#871 = DIRECTION('',(-3.330669073875E-16,0.,1.));
#872 = ADVANCED_FACE('',(#873),#884,.T.);
#873 = FACE_BOUND('',#874,.T.);
#874 = EDGE_LOOP('',(#875,#876,#877,#878));
#875 = ORIENTED_EDGE('',*,*,#852,.F.);
#876 = ORIENTED_EDGE('',*,*,#141,.F.);
#877 = ORIENTED_EDGE('',*,*,#828,.T.);
#878 = ORIENTED_EDGE('',*,*,#879,.T.);
#879 = EDGE_CURVE('',#829,#853,#880,.T.);
#880 = LINE('',#881,#882);
#881 = CARTESIAN_POINT('',(-31.,14.,-39.5));
#882 = VECTOR('',#883,1.);
#883 = DIRECTION('',(1.,0.,3.330669073875E-16));
#884 = PLANE('',#885);
#885 = AXIS2_PLACEMENT_3D('',#886,#887,#888);
#886 = CARTESIAN_POINT('',(-6.,14.,-47.));
#887 = DIRECTION('',(0.,1.,0.));
#888 = DIRECTION('',(-3.330669073875E-16,0.,1.));
#889 = ADVANCED_FACE('',(#890),#915,.F.);
#890 = FACE_BOUND('',#891,.F.);
#891 = EDGE_LOOP('',(#892,#900,#901,#909));
#892 = ORIENTED_EDGE('',*,*,#893,.F.);
#893 = EDGE_CURVE('',#160,#894,#896,.T.);
#894 = VERTEX_POINT('',#895);
#895 = CARTESIAN_POINT('',(5.,32.,-39.5));
#896 = LINE('',#897,#898);
#897 = CARTESIAN_POINT('',(5.,32.,-47.));
#898 = VECTOR('',#899,1.);
#899 = DIRECTION('',(-3.330669073875E-16,0.,1.));
#900 = ORIENTED_EDGE('',*,*,#157,.F.);
#901 = ORIENTED_EDGE('',*,*,#902,.T.);
#902 = EDGE_CURVE('',#158,#903,#905,.T.);
#903 = VERTEX_POINT('',#904);
#904 = CARTESIAN_POINT('',(2.,32.,-39.5));
#905 = LINE('',#906,#907);
#906 = CARTESIAN_POINT('',(2.,32.,-47.));
#907 = VECTOR('',#908,1.);
#908 = DIRECTION('',(-3.330669073875E-16,0.,1.));
#909 = ORIENTED_EDGE('',*,*,#910,.T.);
#910 = EDGE_CURVE('',#903,#894,#911,.T.);
#911 = LINE('',#912,#913);
#912 = CARTESIAN_POINT('',(-27.,32.,-39.5));
#913 = VECTOR('',#914,1.);
#914 = DIRECTION('',(1.,0.,3.330669073875E-16));
#915 = PLANE('',#916);
#916 = AXIS2_PLACEMENT_3D('',#917,#918,#919);
#917 = CARTESIAN_POINT('',(2.,32.,-47.));
#918 = DIRECTION('',(0.,1.,0.));
#919 = DIRECTION('',(-3.330669073875E-16,0.,1.));
#920 = ADVANCED_FACE('',(#921),#939,.T.);
#921 = FACE_BOUND('',#922,.T.);
#922 = EDGE_LOOP('',(#923,#931,#932,#933));
#923 = ORIENTED_EDGE('',*,*,#924,.F.);
#924 = EDGE_CURVE('',#168,#925,#927,.T.);
#925 = VERTEX_POINT('',#926);
#926 = CARTESIAN_POINT('',(2.,14.,-39.5));
#927 = LINE('',#928,#929);
#928 = CARTESIAN_POINT('',(2.,14.,-47.));
#929 = VECTOR('',#930,1.);
#930 = DIRECTION('',(-3.330669073875E-16,0.,1.));
#931 = ORIENTED_EDGE('',*,*,#167,.F.);
#932 = ORIENTED_EDGE('',*,*,#902,.T.);
#933 = ORIENTED_EDGE('',*,*,#934,.T.);
#934 = EDGE_CURVE('',#903,#925,#935,.T.);
#935 = LINE('',#936,#937);
#936 = CARTESIAN_POINT('',(2.,7.,-39.5));
#937 = VECTOR('',#938,1.);
#938 = DIRECTION('',(-1.848892746612E-30,-1.,5.551115123126E-15));
#939 = PLANE('',#940);
#940 = AXIS2_PLACEMENT_3D('',#941,#942,#943);
#941 = CARTESIAN_POINT('',(2.,14.,-47.));
#942 = DIRECTION('',(1.,0.,3.330669073875E-16));
#943 = DIRECTION('',(-3.330669073875E-16,0.,1.));
#944 = ADVANCED_FACE('',(#945),#963,.F.);
#945 = FACE_BOUND('',#946,.F.);
#946 = EDGE_LOOP('',(#947,#955,#956,#957));
#947 = ORIENTED_EDGE('',*,*,#948,.F.);
#948 = EDGE_CURVE('',#176,#949,#951,.T.);
#949 = VERTEX_POINT('',#950);
#950 = CARTESIAN_POINT('',(5.,14.,-39.5));
#951 = LINE('',#952,#953);
#952 = CARTESIAN_POINT('',(5.,14.,-47.));
#953 = VECTOR('',#954,1.);
#954 = DIRECTION('',(-3.330669073875E-16,0.,1.));
#955 = ORIENTED_EDGE('',*,*,#183,.F.);
#956 = ORIENTED_EDGE('',*,*,#893,.T.);
#957 = ORIENTED_EDGE('',*,*,#958,.T.);
#958 = EDGE_CURVE('',#894,#949,#959,.T.);
#959 = LINE('',#960,#961);
#960 = CARTESIAN_POINT('',(5.,7.,-39.5));
#961 = VECTOR('',#962,1.);
#962 = DIRECTION('',(-1.848892746612E-30,-1.,5.551115123126E-15));
#963 = PLANE('',#964);
#964 = AXIS2_PLACEMENT_3D('',#965,#966,#967);
#965 = CARTESIAN_POINT('',(5.,14.,-47.));
#966 = DIRECTION('',(1.,0.,3.330669073875E-16));
#967 = DIRECTION('',(-3.330669073875E-16,0.,1.));
#968 = ADVANCED_FACE('',(#969),#980,.T.);
#969 = FACE_BOUND('',#970,.T.);
#970 = EDGE_LOOP('',(#971,#972,#973,#974));
#971 = ORIENTED_EDGE('',*,*,#948,.F.);
#972 = ORIENTED_EDGE('',*,*,#175,.F.);
#973 = ORIENTED_EDGE('',*,*,#924,.T.);
#974 = ORIENTED_EDGE('',*,*,#975,.T.);
#975 = EDGE_CURVE('',#925,#949,#976,.T.);
#976 = LINE('',#977,#978);
#977 = CARTESIAN_POINT('',(-27.,14.,-39.5));
#978 = VECTOR('',#979,1.);
#979 = DIRECTION('',(1.,0.,3.330669073875E-16));
#980 = PLANE('',#981);
#981 = AXIS2_PLACEMENT_3D('',#982,#983,#984);
#982 = CARTESIAN_POINT('',(2.,14.,-47.));
#983 = DIRECTION('',(0.,1.,0.));
#984 = DIRECTION('',(-3.330669073875E-16,0.,1.));
#985 = ADVANCED_FACE('',(#986),#1011,.F.);
#986 = FACE_BOUND('',#987,.F.);
#987 = EDGE_LOOP('',(#988,#996,#997,#1005));
#988 = ORIENTED_EDGE('',*,*,#989,.F.);
#989 = EDGE_CURVE('',#194,#990,#992,.T.);
#990 = VERTEX_POINT('',#991);
#991 = CARTESIAN_POINT('',(13.,32.,-39.5));
#992 = LINE('',#993,#994);
#993 = CARTESIAN_POINT('',(13.,32.,-47.));
#994 = VECTOR('',#995,1.);
#995 = DIRECTION('',(-3.330669073875E-16,0.,1.));
#996 = ORIENTED_EDGE('',*,*,#191,.F.);
#997 = ORIENTED_EDGE('',*,*,#998,.T.);
#998 = EDGE_CURVE('',#192,#999,#1001,.T.);
#999 = VERTEX_POINT('',#1000);
#1000 = CARTESIAN_POINT('',(10.,32.,-39.5));
#1001 = LINE('',#1002,#1003);
#1002 = CARTESIAN_POINT('',(10.,32.,-47.));
#1003 = VECTOR('',#1004,1.);
#1004 = DIRECTION('',(-3.330669073875E-16,0.,1.));
#1005 = ORIENTED_EDGE('',*,*,#1006,.T.);
#1006 = EDGE_CURVE('',#999,#990,#1007,.T.);
#1007 = LINE('',#1008,#1009);
#1008 = CARTESIAN_POINT('',(-23.,32.,-39.5));
#1009 = VECTOR('',#1010,1.);
#1010 = DIRECTION('',(1.,0.,3.330669073875E-16));
#1011 = PLANE('',#1012);
#1012 = AXIS2_PLACEMENT_3D('',#1013,#1014,#1015);
#1013 = CARTESIAN_POINT('',(10.,32.,-47.));
#1014 = DIRECTION('',(0.,1.,0.));
#1015 = DIRECTION('',(-3.330669073875E-16,0.,1.));
#1016 = ADVANCED_FACE('',(#1017),#1035,.T.);
#1017 = FACE_BOUND('',#1018,.T.);
#1018 = EDGE_LOOP('',(#1019,#1027,#1028,#1029));
#1019 = ORIENTED_EDGE('',*,*,#1020,.F.);
#1020 = EDGE_CURVE('',#202,#1021,#1023,.T.);
#1021 = VERTEX_POINT('',#1022);
#1022 = CARTESIAN_POINT('',(10.,14.,-39.5));
#1023 = LINE('',#1024,#1025);
#1024 = CARTESIAN_POINT('',(10.,14.,-47.));
#1025 = VECTOR('',#1026,1.);
#1026 = DIRECTION('',(-3.330669073875E-16,0.,1.));
#1027 = ORIENTED_EDGE('',*,*,#201,.F.);
#1028 = ORIENTED_EDGE('',*,*,#998,.T.);
#1029 = ORIENTED_EDGE('',*,*,#1030,.T.);
#1030 = EDGE_CURVE('',#999,#1021,#1031,.T.);
#1031 = LINE('',#1032,#1033);
#1032 = CARTESIAN_POINT('',(10.,7.,-39.5));
#1033 = VECTOR('',#1034,1.);
#1034 = DIRECTION('',(-1.848892746612E-30,-1.,5.551115123126E-15));
#1035 = PLANE('',#1036);
#1036 = AXIS2_PLACEMENT_3D('',#1037,#1038,#1039);
#1037 = CARTESIAN_POINT('',(10.,14.,-47.));
#1038 = DIRECTION('',(1.,0.,3.330669073875E-16));
#1039 = DIRECTION('',(-3.330669073875E-16,0.,1.));
#1040 = ADVANCED_FACE('',(#1041),#1059,.F.);
#1041 = FACE_BOUND('',#1042,.F.);
#1042 = EDGE_LOOP('',(#1043,#1051,#1052,#1053));
#1043 = ORIENTED_EDGE('',*,*,#1044,.F.);
#1044 = EDGE_CURVE('',#210,#1045,#1047,.T.);
#1045 = VERTEX_POINT('',#1046);
#1046 = CARTESIAN_POINT('',(13.,14.,-39.5));
#1047 = LINE('',#1048,#1049);
#1048 = CARTESIAN_POINT('',(13.,14.,-47.));
#1049 = VECTOR('',#1050,1.);
#1050 = DIRECTION('',(-3.330669073875E-16,0.,1.));
#1051 = ORIENTED_EDGE('',*,*,#217,.F.);
#1052 = ORIENTED_EDGE('',*,*,#989,.T.);
#1053 = ORIENTED_EDGE('',*,*,#1054,.T.);
#1054 = EDGE_CURVE('',#990,#1045,#1055,.T.);
#1055 = LINE('',#1056,#1057);
#1056 = CARTESIAN_POINT('',(13.,7.,-39.5));
#1057 = VECTOR('',#1058,1.);
#1058 = DIRECTION('',(-1.848892746612E-30,-1.,5.551115123126E-15));
#1059 = PLANE('',#1060);
#1060 = AXIS2_PLACEMENT_3D('',#1061,#1062,#1063);
#1061 = CARTESIAN_POINT('',(13.,14.,-47.));
#1062 = DIRECTION('',(1.,0.,3.330669073875E-16));
#1063 = DIRECTION('',(-3.330669073875E-16,0.,1.));
#1064 = ADVANCED_FACE('',(#1065),#1076,.T.);
#1065 = FACE_BOUND('',#1066,.T.);
#1066 = EDGE_LOOP('',(#1067,#1068,#1069,#1070));
#1067 = ORIENTED_EDGE('',*,*,#1044,.F.);
#1068 = ORIENTED_EDGE('',*,*,#209,.F.);
#1069 = ORIENTED_EDGE('',*,*,#1020,.T.);
#1070 = ORIENTED_EDGE('',*,*,#1071,.T.);
#1071 = EDGE_CURVE('',#1021,#1045,#1072,.T.);
#1072 = LINE('',#1073,#1074);
#1073 = CARTESIAN_POINT('',(-23.,14.,-39.5));
#1074 = VECTOR('',#1075,1.);
#1075 = DIRECTION('',(1.,0.,3.330669073875E-16));
#1076 = PLANE('',#1077);
#1077 = AXIS2_PLACEMENT_3D('',#1078,#1079,#1080);
#1078 = CARTESIAN_POINT('',(10.,14.,-47.));
#1079 = DIRECTION('',(0.,1.,0.));
#1080 = DIRECTION('',(-3.330669073875E-16,0.,1.));
#1081 = ADVANCED_FACE('',(#1082),#1107,.F.);
#1082 = FACE_BOUND('',#1083,.F.);
#1083 = EDGE_LOOP('',(#1084,#1092,#1093,#1101));
#1084 = ORIENTED_EDGE('',*,*,#1085,.F.);
#1085 = EDGE_CURVE('',#228,#1086,#1088,.T.);
#1086 = VERTEX_POINT('',#1087);
#1087 = CARTESIAN_POINT('',(21.,32.,-39.5));
#1088 = LINE('',#1089,#1090);
#1089 = CARTESIAN_POINT('',(21.,32.,-47.));
#1090 = VECTOR('',#1091,1.);
#1091 = DIRECTION('',(-3.330669073875E-16,0.,1.));
#1092 = ORIENTED_EDGE('',*,*,#225,.F.);
#1093 = ORIENTED_EDGE('',*,*,#1094,.T.);
#1094 = EDGE_CURVE('',#226,#1095,#1097,.T.);
#1095 = VERTEX_POINT('',#1096);
#1096 = CARTESIAN_POINT('',(18.,32.,-39.5));
#1097 = LINE('',#1098,#1099);
#1098 = CARTESIAN_POINT('',(18.,32.,-47.));
#1099 = VECTOR('',#1100,1.);
#1100 = DIRECTION('',(-3.330669073875E-16,0.,1.));
#1101 = ORIENTED_EDGE('',*,*,#1102,.T.);
#1102 = EDGE_CURVE('',#1095,#1086,#1103,.T.);
#1103 = LINE('',#1104,#1105);
#1104 = CARTESIAN_POINT('',(-19.,32.,-39.5));
#1105 = VECTOR('',#1106,1.);
#1106 = DIRECTION('',(1.,0.,3.330669073875E-16));
#1107 = PLANE('',#1108);
#1108 = AXIS2_PLACEMENT_3D('',#1109,#1110,#1111);
#1109 = CARTESIAN_POINT('',(18.,32.,-47.));
#1110 = DIRECTION('',(0.,1.,0.));
#1111 = DIRECTION('',(-3.330669073875E-16,0.,1.));
#1112 = ADVANCED_FACE('',(#1113),#1131,.T.);
#1113 = FACE_BOUND('',#1114,.T.);
#1114 = EDGE_LOOP('',(#1115,#1123,#1124,#1125));
#1115 = ORIENTED_EDGE('',*,*,#1116,.F.);
#1116 = EDGE_CURVE('',#236,#1117,#1119,.T.);
#1117 = VERTEX_POINT('',#1118);
#1118 = CARTESIAN_POINT('',(18.,14.,-39.5));
#1119 = LINE('',#1120,#1121);
#1120 = CARTESIAN_POINT('',(18.,14.,-47.));
#1121 = VECTOR('',#1122,1.);
#1122 = DIRECTION('',(-3.330669073875E-16,0.,1.));
#1123 = ORIENTED_EDGE('',*,*,#235,.F.);
#1124 = ORIENTED_EDGE('',*,*,#1094,.T.);
#1125 = ORIENTED_EDGE('',*,*,#1126,.T.);
#1126 = EDGE_CURVE('',#1095,#1117,#1127,.T.);
#1127 = LINE('',#1128,#1129);
#1128 = CARTESIAN_POINT('',(18.,7.,-39.5));
#1129 = VECTOR('',#1130,1.);
#1130 = DIRECTION('',(-1.848892746612E-30,-1.,5.551115123126E-15));
#1131 = PLANE('',#1132);
#1132 = AXIS2_PLACEMENT_3D('',#1133,#1134,#1135);
#1133 = CARTESIAN_POINT('',(18.,14.,-47.));
#1134 = DIRECTION('',(1.,0.,3.330669073875E-16));
#1135 = DIRECTION('',(-3.330669073875E-16,0.,1.));
#1136 = ADVANCED_FACE('',(#1137),#1155,.F.);
#1137 = FACE_BOUND('',#1138,.F.);
#1138 = EDGE_LOOP('',(#1139,#1147,#1148,#1149));
#1139 = ORIENTED_EDGE('',*,*,#1140,.F.);
#1140 = EDGE_CURVE('',#244,#1141,#1143,.T.);
#1141 = VERTEX_POINT('',#1142);
#1142 = CARTESIAN_POINT('',(21.,14.,-39.5));
#1143 = LINE('',#1144,#1145);
#1144 = CARTESIAN_POINT('',(21.,14.,-47.));
#1145 = VECTOR('',#1146,1.);
#1146 = DIRECTION('',(-3.330669073875E-16,0.,1.));
#1147 = ORIENTED_EDGE('',*,*,#251,.F.);
#1148 = ORIENTED_EDGE('',*,*,#1085,.T.);
#1149 = ORIENTED_EDGE('',*,*,#1150,.T.);
#1150 = EDGE_CURVE('',#1086,#1141,#1151,.T.);
#1151 = LINE('',#1152,#1153);
#1152 = CARTESIAN_POINT('',(21.,7.,-39.5));
#1153 = VECTOR('',#1154,1.);
#1154 = DIRECTION('',(-1.848892746612E-30,-1.,5.551115123126E-15));
#1155 = PLANE('',#1156);
#1156 = AXIS2_PLACEMENT_3D('',#1157,#1158,#1159);
#1157 = CARTESIAN_POINT('',(21.,14.,-47.));
#1158 = DIRECTION('',(1.,0.,3.330669073875E-16));
#1159 = DIRECTION('',(-3.330669073875E-16,0.,1.));
#1160 = ADVANCED_FACE('',(#1161),#1172,.T.);
#1161 = FACE_BOUND('',#1162,.T.);
#1162 = EDGE_LOOP('',(#1163,#1164,#1165,#1166));
#1163 = ORIENTED_EDGE('',*,*,#1140,.F.);
#1164 = ORIENTED_EDGE('',*,*,#243,.F.);
#1165 = ORIENTED_EDGE('',*,*,#1116,.T.);
#1166 = ORIENTED_EDGE('',*,*,#1167,.T.);
#1167 = EDGE_CURVE('',#1117,#1141,#1168,.T.);
#1168 = LINE('',#1169,#1170);
#1169 = CARTESIAN_POINT('',(-19.,14.,-39.5));
#1170 = VECTOR('',#1171,1.);
#1171 = DIRECTION('',(1.,0.,3.330669073875E-16));
#1172 = PLANE('',#1173);
#1173 = AXIS2_PLACEMENT_3D('',#1174,#1175,#1176);
#1174 = CARTESIAN_POINT('',(18.,14.,-47.));
#1175 = DIRECTION('',(0.,1.,0.));
#1176 = DIRECTION('',(-3.330669073875E-16,0.,1.));
#1177 = ADVANCED_FACE('',(#1178),#1203,.F.);
#1178 = FACE_BOUND('',#1179,.F.);
#1179 = EDGE_LOOP('',(#1180,#1188,#1189,#1197));
#1180 = ORIENTED_EDGE('',*,*,#1181,.F.);
#1181 = EDGE_CURVE('',#262,#1182,#1184,.T.);
#1182 = VERTEX_POINT('',#1183);
#1183 = CARTESIAN_POINT('',(-24.3,13.5,-39.5));
#1184 = LINE('',#1185,#1186);
#1185 = CARTESIAN_POINT('',(-24.3,13.5,-44.));
#1186 = VECTOR('',#1187,1.);
#1187 = DIRECTION('',(-3.330669073875E-16,0.,1.));
#1188 = ORIENTED_EDGE('',*,*,#259,.F.);
#1189 = ORIENTED_EDGE('',*,*,#1190,.T.);
#1190 = EDGE_CURVE('',#260,#1191,#1193,.T.);
#1191 = VERTEX_POINT('',#1192);
#1192 = CARTESIAN_POINT('',(-38.3,13.5,-39.5));
#1193 = LINE('',#1194,#1195);
#1194 = CARTESIAN_POINT('',(-38.3,13.5,-44.));
#1195 = VECTOR('',#1196,1.);
#1196 = DIRECTION('',(-3.330669073875E-16,0.,1.));
#1197 = ORIENTED_EDGE('',*,*,#1198,.T.);
#1198 = EDGE_CURVE('',#1191,#1182,#1199,.T.);
#1199 = LINE('',#1200,#1201);
#1200 = CARTESIAN_POINT('',(-47.15,13.5,-39.5));
#1201 = VECTOR('',#1202,1.);
#1202 = DIRECTION('',(1.,0.,3.330669073875E-16));
#1203 = PLANE('',#1204);
#1204 = AXIS2_PLACEMENT_3D('',#1205,#1206,#1207);
#1205 = CARTESIAN_POINT('',(-38.3,13.5,-44.));
#1206 = DIRECTION('',(0.,1.,0.));
#1207 = DIRECTION('',(-3.330669073875E-16,0.,1.));
#1208 = ADVANCED_FACE('',(#1209),#1227,.F.);
#1209 = FACE_BOUND('',#1210,.F.);
#1210 = EDGE_LOOP('',(#1211,#1219,#1220,#1221));
#1211 = ORIENTED_EDGE('',*,*,#1212,.F.);
#1212 = EDGE_CURVE('',#278,#1213,#1215,.T.);
#1213 = VERTEX_POINT('',#1214);
#1214 = CARTESIAN_POINT('',(-24.3,3.5,-39.5));
#1215 = LINE('',#1216,#1217);
#1216 = CARTESIAN_POINT('',(-24.3,3.5,-44.));
#1217 = VECTOR('',#1218,1.);
#1218 = DIRECTION('',(-3.330669073875E-16,0.,1.));
#1219 = ORIENTED_EDGE('',*,*,#285,.F.);
#1220 = ORIENTED_EDGE('',*,*,#1181,.T.);
#1221 = ORIENTED_EDGE('',*,*,#1222,.T.);
#1222 = EDGE_CURVE('',#1182,#1213,#1223,.T.);
#1223 = LINE('',#1224,#1225);
#1224 = CARTESIAN_POINT('',(-24.3,1.75,-39.5));
#1225 = VECTOR('',#1226,1.);
#1226 = DIRECTION('',(-1.848892746612E-30,-1.,5.551115123126E-15));
#1227 = PLANE('',#1228);
#1228 = AXIS2_PLACEMENT_3D('',#1229,#1230,#1231);
#1229 = CARTESIAN_POINT('',(-24.3,3.5,-44.));
#1230 = DIRECTION('',(1.,0.,3.330669073875E-16));
#1231 = DIRECTION('',(-3.330669073875E-16,0.,1.));
#1232 = ADVANCED_FACE('',(#1233),#1251,.T.);
#1233 = FACE_BOUND('',#1234,.T.);
#1234 = EDGE_LOOP('',(#1235,#1236,#1237,#1245));
#1235 = ORIENTED_EDGE('',*,*,#1212,.F.);
#1236 = ORIENTED_EDGE('',*,*,#277,.F.);
#1237 = ORIENTED_EDGE('',*,*,#1238,.T.);
#1238 = EDGE_CURVE('',#270,#1239,#1241,.T.);
#1239 = VERTEX_POINT('',#1240);
#1240 = CARTESIAN_POINT('',(-38.3,3.5,-39.5));
#1241 = LINE('',#1242,#1243);
#1242 = CARTESIAN_POINT('',(-38.3,3.5,-44.));
#1243 = VECTOR('',#1244,1.);
#1244 = DIRECTION('',(-3.330669073875E-16,0.,1.));
#1245 = ORIENTED_EDGE('',*,*,#1246,.T.);
#1246 = EDGE_CURVE('',#1239,#1213,#1247,.T.);
#1247 = LINE('',#1248,#1249);
#1248 = CARTESIAN_POINT('',(-47.15,3.5,-39.5));
#1249 = VECTOR('',#1250,1.);
#1250 = DIRECTION('',(1.,0.,3.330669073875E-16));
#1251 = PLANE('',#1252);
#1252 = AXIS2_PLACEMENT_3D('',#1253,#1254,#1255);
#1253 = CARTESIAN_POINT('',(-38.3,3.5,-44.));
#1254 = DIRECTION('',(0.,1.,0.));
#1255 = DIRECTION('',(-3.330669073875E-16,0.,1.));
#1256 = ADVANCED_FACE('',(#1257),#1268,.T.);
#1257 = FACE_BOUND('',#1258,.T.);
#1258 = EDGE_LOOP('',(#1259,#1260,#1261,#1262));
#1259 = ORIENTED_EDGE('',*,*,#1238,.F.);
#1260 = ORIENTED_EDGE('',*,*,#269,.F.);
#1261 = ORIENTED_EDGE('',*,*,#1190,.T.);
#1262 = ORIENTED_EDGE('',*,*,#1263,.T.);
#1263 = EDGE_CURVE('',#1191,#1239,#1264,.T.);
#1264 = LINE('',#1265,#1266);
#1265 = CARTESIAN_POINT('',(-38.3,1.75,-39.5));
#1266 = VECTOR('',#1267,1.);
#1267 = DIRECTION('',(-1.848892746612E-30,-1.,5.551115123126E-15));
#1268 = PLANE('',#1269);
#1269 = AXIS2_PLACEMENT_3D('',#1270,#1271,#1272);
#1270 = CARTESIAN_POINT('',(-38.3,3.5,-44.));
#1271 = DIRECTION('',(1.,0.,3.330669073875E-16));
#1272 = DIRECTION('',(-3.330669073875E-16,0.,1.));
#1273 = ADVANCED_FACE('',(#1274,#1285,#1319,#1353,#1387,#1421),#1455,.T.
  );
#1274 = FACE_BOUND('',#1275,.T.);
#1275 = EDGE_LOOP('',(#1276,#1277,#1283,#1284));
#1276 = ORIENTED_EDGE('',*,*,#309,.F.);
#1277 = ORIENTED_EDGE('',*,*,#1278,.T.);
#1278 = EDGE_CURVE('',#310,#487,#1279,.T.);
#1279 = LINE('',#1280,#1281);
#1280 = CARTESIAN_POINT('',(-56.,1.918465386552E-13,34.));
#1281 = VECTOR('',#1282,1.);
#1282 = DIRECTION('',(1.577721810442E-30,1.,-5.551115123126E-15));
#1283 = ORIENTED_EDGE('',*,*,#486,.T.);
#1284 = ORIENTED_EDGE('',*,*,#435,.F.);
#1285 = FACE_BOUND('',#1286,.T.);
#1286 = EDGE_LOOP('',(#1287,#1297,#1305,#1313));
#1287 = ORIENTED_EDGE('',*,*,#1288,.F.);
#1288 = EDGE_CURVE('',#1289,#1291,#1293,.T.);
#1289 = VERTEX_POINT('',#1290);
#1290 = CARTESIAN_POINT('',(-56.,40.,15.));
#1291 = VERTEX_POINT('',#1292);
#1292 = CARTESIAN_POINT('',(-56.,43.,15.));
#1293 = LINE('',#1294,#1295);
#1294 = CARTESIAN_POINT('',(-56.,20.,15.));
#1295 = VECTOR('',#1296,1.);
#1296 = DIRECTION('',(0.,1.,0.));
#1297 = ORIENTED_EDGE('',*,*,#1298,.T.);
#1298 = EDGE_CURVE('',#1289,#1299,#1301,.T.);
#1299 = VERTEX_POINT('',#1300);
#1300 = CARTESIAN_POINT('',(-56.,40.,-15.));
#1301 = LINE('',#1302,#1303);
#1302 = CARTESIAN_POINT('',(-56.,40.,13.5));
#1303 = VECTOR('',#1304,1.);
#1304 = DIRECTION('',(3.330669073875E-16,0.,-1.));
#1305 = ORIENTED_EDGE('',*,*,#1306,.T.);
#1306 = EDGE_CURVE('',#1299,#1307,#1309,.T.);
#1307 = VERTEX_POINT('',#1308);
#1308 = CARTESIAN_POINT('',(-56.,43.,-15.));
#1309 = LINE('',#1310,#1311);
#1310 = CARTESIAN_POINT('',(-56.,20.,-15.));
#1311 = VECTOR('',#1312,1.);
#1312 = DIRECTION('',(0.,1.,0.));
#1313 = ORIENTED_EDGE('',*,*,#1314,.F.);
#1314 = EDGE_CURVE('',#1291,#1307,#1315,.T.);
#1315 = LINE('',#1316,#1317);
#1316 = CARTESIAN_POINT('',(-56.,43.,13.5));
#1317 = VECTOR('',#1318,1.);
#1318 = DIRECTION('',(3.330669073875E-16,0.,-1.));
#1319 = FACE_BOUND('',#1320,.T.);
#1320 = EDGE_LOOP('',(#1321,#1331,#1339,#1347));
#1321 = ORIENTED_EDGE('',*,*,#1322,.F.);
#1322 = EDGE_CURVE('',#1323,#1325,#1327,.T.);
#1323 = VERTEX_POINT('',#1324);
#1324 = CARTESIAN_POINT('',(-56.,34.,15.));
#1325 = VERTEX_POINT('',#1326);
#1326 = CARTESIAN_POINT('',(-56.,37.,15.));
#1327 = LINE('',#1328,#1329);
#1328 = CARTESIAN_POINT('',(-56.,17.,15.));
#1329 = VECTOR('',#1330,1.);
#1330 = DIRECTION('',(0.,1.,0.));
#1331 = ORIENTED_EDGE('',*,*,#1332,.T.);
#1332 = EDGE_CURVE('',#1323,#1333,#1335,.T.);
#1333 = VERTEX_POINT('',#1334);
#1334 = CARTESIAN_POINT('',(-56.,34.,-15.));
#1335 = LINE('',#1336,#1337);
#1336 = CARTESIAN_POINT('',(-56.,34.,13.5));
#1337 = VECTOR('',#1338,1.);
#1338 = DIRECTION('',(3.330669073875E-16,0.,-1.));
#1339 = ORIENTED_EDGE('',*,*,#1340,.T.);
#1340 = EDGE_CURVE('',#1333,#1341,#1343,.T.);
#1341 = VERTEX_POINT('',#1342);
#1342 = CARTESIAN_POINT('',(-56.,37.,-15.));
#1343 = LINE('',#1344,#1345);
#1344 = CARTESIAN_POINT('',(-56.,17.,-15.));
#1345 = VECTOR('',#1346,1.);
#1346 = DIRECTION('',(0.,1.,0.));
#1347 = ORIENTED_EDGE('',*,*,#1348,.F.);
#1348 = EDGE_CURVE('',#1325,#1341,#1349,.T.);
#1349 = LINE('',#1350,#1351);
#1350 = CARTESIAN_POINT('',(-56.,37.,13.5));
#1351 = VECTOR('',#1352,1.);
#1352 = DIRECTION('',(3.330669073875E-16,0.,-1.));
#1353 = FACE_BOUND('',#1354,.T.);
#1354 = EDGE_LOOP('',(#1355,#1365,#1373,#1381));
#1355 = ORIENTED_EDGE('',*,*,#1356,.F.);
#1356 = EDGE_CURVE('',#1357,#1359,#1361,.T.);
#1357 = VERTEX_POINT('',#1358);
#1358 = CARTESIAN_POINT('',(-56.,28.,15.));
#1359 = VERTEX_POINT('',#1360);
#1360 = CARTESIAN_POINT('',(-56.,31.,15.));
#1361 = LINE('',#1362,#1363);
#1362 = CARTESIAN_POINT('',(-56.,14.,15.));
#1363 = VECTOR('',#1364,1.);
#1364 = DIRECTION('',(0.,1.,0.));
#1365 = ORIENTED_EDGE('',*,*,#1366,.T.);
#1366 = EDGE_CURVE('',#1357,#1367,#1369,.T.);
#1367 = VERTEX_POINT('',#1368);
#1368 = CARTESIAN_POINT('',(-56.,28.,-15.));
#1369 = LINE('',#1370,#1371);
#1370 = CARTESIAN_POINT('',(-56.,28.,13.5));
#1371 = VECTOR('',#1372,1.);
#1372 = DIRECTION('',(3.330669073875E-16,0.,-1.));
#1373 = ORIENTED_EDGE('',*,*,#1374,.T.);
#1374 = EDGE_CURVE('',#1367,#1375,#1377,.T.);
#1375 = VERTEX_POINT('',#1376);
#1376 = CARTESIAN_POINT('',(-56.,31.,-15.));
#1377 = LINE('',#1378,#1379);
#1378 = CARTESIAN_POINT('',(-56.,14.,-15.));
#1379 = VECTOR('',#1380,1.);
#1380 = DIRECTION('',(0.,1.,0.));
#1381 = ORIENTED_EDGE('',*,*,#1382,.F.);
#1382 = EDGE_CURVE('',#1359,#1375,#1383,.T.);
#1383 = LINE('',#1384,#1385);
#1384 = CARTESIAN_POINT('',(-56.,31.,13.5));
#1385 = VECTOR('',#1386,1.);
#1386 = DIRECTION('',(3.330669073875E-16,0.,-1.));
#1387 = FACE_BOUND('',#1388,.T.);
#1388 = EDGE_LOOP('',(#1389,#1399,#1407,#1415));
#1389 = ORIENTED_EDGE('',*,*,#1390,.F.);
#1390 = EDGE_CURVE('',#1391,#1393,#1395,.T.);
#1391 = VERTEX_POINT('',#1392);
#1392 = CARTESIAN_POINT('',(-56.,22.,15.));
#1393 = VERTEX_POINT('',#1394);
#1394 = CARTESIAN_POINT('',(-56.,25.,15.));
#1395 = LINE('',#1396,#1397);
#1396 = CARTESIAN_POINT('',(-56.,11.,15.));
#1397 = VECTOR('',#1398,1.);
#1398 = DIRECTION('',(0.,1.,0.));
#1399 = ORIENTED_EDGE('',*,*,#1400,.T.);
#1400 = EDGE_CURVE('',#1391,#1401,#1403,.T.);
#1401 = VERTEX_POINT('',#1402);
#1402 = CARTESIAN_POINT('',(-56.,22.,-15.));
#1403 = LINE('',#1404,#1405);
#1404 = CARTESIAN_POINT('',(-56.,22.,13.5));
#1405 = VECTOR('',#1406,1.);
#1406 = DIRECTION('',(3.330669073875E-16,0.,-1.));
#1407 = ORIENTED_EDGE('',*,*,#1408,.T.);
#1408 = EDGE_CURVE('',#1401,#1409,#1411,.T.);
#1409 = VERTEX_POINT('',#1410);
#1410 = CARTESIAN_POINT('',(-56.,25.,-15.));
#1411 = LINE('',#1412,#1413);
#1412 = CARTESIAN_POINT('',(-56.,11.,-15.));
#1413 = VECTOR('',#1414,1.);
#1414 = DIRECTION('',(0.,1.,0.));
#1415 = ORIENTED_EDGE('',*,*,#1416,.F.);
#1416 = EDGE_CURVE('',#1393,#1409,#1417,.T.);
#1417 = LINE('',#1418,#1419);
#1418 = CARTESIAN_POINT('',(-56.,25.,13.5));
#1419 = VECTOR('',#1420,1.);
#1420 = DIRECTION('',(3.330669073875E-16,0.,-1.));
#1421 = FACE_BOUND('',#1422,.T.);
#1422 = EDGE_LOOP('',(#1423,#1433,#1441,#1449));
#1423 = ORIENTED_EDGE('',*,*,#1424,.F.);
#1424 = EDGE_CURVE('',#1425,#1427,#1429,.T.);
#1425 = VERTEX_POINT('',#1426);
#1426 = CARTESIAN_POINT('',(-56.,16.,15.));
#1427 = VERTEX_POINT('',#1428);
#1428 = CARTESIAN_POINT('',(-56.,19.,15.));
#1429 = LINE('',#1430,#1431);
#1430 = CARTESIAN_POINT('',(-56.,8.,15.));
#1431 = VECTOR('',#1432,1.);
#1432 = DIRECTION('',(0.,1.,0.));
#1433 = ORIENTED_EDGE('',*,*,#1434,.T.);
#1434 = EDGE_CURVE('',#1425,#1435,#1437,.T.);
#1435 = VERTEX_POINT('',#1436);
#1436 = CARTESIAN_POINT('',(-56.,16.,-15.));
#1437 = LINE('',#1438,#1439);
#1438 = CARTESIAN_POINT('',(-56.,16.,13.5));
#1439 = VECTOR('',#1440,1.);
#1440 = DIRECTION('',(3.330669073875E-16,0.,-1.));
#1441 = ORIENTED_EDGE('',*,*,#1442,.T.);
#1442 = EDGE_CURVE('',#1435,#1443,#1445,.T.);
#1443 = VERTEX_POINT('',#1444);
#1444 = CARTESIAN_POINT('',(-56.,19.,-15.));
#1445 = LINE('',#1446,#1447);
#1446 = CARTESIAN_POINT('',(-56.,8.,-15.));
#1447 = VECTOR('',#1448,1.);
#1448 = DIRECTION('',(0.,1.,0.));
#1449 = ORIENTED_EDGE('',*,*,#1450,.F.);
#1450 = EDGE_CURVE('',#1427,#1443,#1451,.T.);
#1451 = LINE('',#1452,#1453);
#1452 = CARTESIAN_POINT('',(-56.,19.,13.5));
#1453 = VECTOR('',#1454,1.);
#1454 = DIRECTION('',(3.330669073875E-16,0.,-1.));
#1455 = PLANE('',#1456);
#1456 = AXIS2_PLACEMENT_3D('',#1457,#1458,#1459);
#1457 = CARTESIAN_POINT('',(-56.,2.362554596402E-13,42.));
#1458 = DIRECTION('',(-1.,0.,-3.330669073875E-16));
#1459 = DIRECTION('',(3.330669073875E-16,-5.551115123126E-15,-1.));
#1460 = ADVANCED_FACE('',(#1461,#1472,#1506,#1540,#1574,#1608),#1642,.T.
  );
#1461 = FACE_BOUND('',#1462,.T.);
#1462 = EDGE_LOOP('',(#1463,#1464,#1465,#1466));
#1463 = ORIENTED_EDGE('',*,*,#343,.F.);
#1464 = ORIENTED_EDGE('',*,*,#460,.T.);
#1465 = ORIENTED_EDGE('',*,*,#520,.T.);
#1466 = ORIENTED_EDGE('',*,*,#1467,.F.);
#1467 = EDGE_CURVE('',#335,#512,#1468,.T.);
#1468 = LINE('',#1469,#1470);
#1469 = CARTESIAN_POINT('',(56.,1.918465386552E-13,34.));
#1470 = VECTOR('',#1471,1.);
#1471 = DIRECTION('',(1.577721810442E-30,1.,-5.551115123126E-15));
#1472 = FACE_BOUND('',#1473,.T.);
#1473 = EDGE_LOOP('',(#1474,#1484,#1492,#1500));
#1474 = ORIENTED_EDGE('',*,*,#1475,.T.);
#1475 = EDGE_CURVE('',#1476,#1478,#1480,.T.);
#1476 = VERTEX_POINT('',#1477);
#1477 = CARTESIAN_POINT('',(56.,43.,-15.));
#1478 = VERTEX_POINT('',#1479);
#1479 = CARTESIAN_POINT('',(56.,40.,-15.));
#1480 = LINE('',#1481,#1482);
#1481 = CARTESIAN_POINT('',(56.,20.,-15.));
#1482 = VECTOR('',#1483,1.);
#1483 = DIRECTION('',(-0.,-1.,0.));
#1484 = ORIENTED_EDGE('',*,*,#1485,.T.);
#1485 = EDGE_CURVE('',#1478,#1486,#1488,.T.);
#1486 = VERTEX_POINT('',#1487);
#1487 = CARTESIAN_POINT('',(56.,40.,15.));
#1488 = LINE('',#1489,#1490);
#1489 = CARTESIAN_POINT('',(56.,40.,-28.5));
#1490 = VECTOR('',#1491,1.);
#1491 = DIRECTION('',(-3.330669073875E-16,0.,1.));
#1492 = ORIENTED_EDGE('',*,*,#1493,.F.);
#1493 = EDGE_CURVE('',#1494,#1486,#1496,.T.);
#1494 = VERTEX_POINT('',#1495);
#1495 = CARTESIAN_POINT('',(56.,43.,15.));
#1496 = LINE('',#1497,#1498);
#1497 = CARTESIAN_POINT('',(56.,20.,15.));
#1498 = VECTOR('',#1499,1.);
#1499 = DIRECTION('',(-0.,-1.,0.));
#1500 = ORIENTED_EDGE('',*,*,#1501,.F.);
#1501 = EDGE_CURVE('',#1476,#1494,#1502,.T.);
#1502 = LINE('',#1503,#1504);
#1503 = CARTESIAN_POINT('',(56.,43.,-28.5));
#1504 = VECTOR('',#1505,1.);
#1505 = DIRECTION('',(-3.330669073875E-16,0.,1.));
#1506 = FACE_BOUND('',#1507,.T.);
#1507 = EDGE_LOOP('',(#1508,#1518,#1526,#1534));
#1508 = ORIENTED_EDGE('',*,*,#1509,.T.);
#1509 = EDGE_CURVE('',#1510,#1512,#1514,.T.);
#1510 = VERTEX_POINT('',#1511);
#1511 = CARTESIAN_POINT('',(56.,37.,-15.));
#1512 = VERTEX_POINT('',#1513);
#1513 = CARTESIAN_POINT('',(56.,34.,-15.));
#1514 = LINE('',#1515,#1516);
#1515 = CARTESIAN_POINT('',(56.,17.,-15.));
#1516 = VECTOR('',#1517,1.);
#1517 = DIRECTION('',(-0.,-1.,0.));
#1518 = ORIENTED_EDGE('',*,*,#1519,.T.);
#1519 = EDGE_CURVE('',#1512,#1520,#1522,.T.);
#1520 = VERTEX_POINT('',#1521);
#1521 = CARTESIAN_POINT('',(56.,34.,15.));
#1522 = LINE('',#1523,#1524);
#1523 = CARTESIAN_POINT('',(56.,34.,-28.5));
#1524 = VECTOR('',#1525,1.);
#1525 = DIRECTION('',(-3.330669073875E-16,0.,1.));
#1526 = ORIENTED_EDGE('',*,*,#1527,.F.);
#1527 = EDGE_CURVE('',#1528,#1520,#1530,.T.);
#1528 = VERTEX_POINT('',#1529);
#1529 = CARTESIAN_POINT('',(56.,37.,15.));
#1530 = LINE('',#1531,#1532);
#1531 = CARTESIAN_POINT('',(56.,17.,15.));
#1532 = VECTOR('',#1533,1.);
#1533 = DIRECTION('',(-0.,-1.,0.));
#1534 = ORIENTED_EDGE('',*,*,#1535,.F.);
#1535 = EDGE_CURVE('',#1510,#1528,#1536,.T.);
#1536 = LINE('',#1537,#1538);
#1537 = CARTESIAN_POINT('',(56.,37.,-28.5));
#1538 = VECTOR('',#1539,1.);
#1539 = DIRECTION('',(-3.330669073875E-16,0.,1.));
#1540 = FACE_BOUND('',#1541,.T.);
#1541 = EDGE_LOOP('',(#1542,#1552,#1560,#1568));
#1542 = ORIENTED_EDGE('',*,*,#1543,.T.);
#1543 = EDGE_CURVE('',#1544,#1546,#1548,.T.);
#1544 = VERTEX_POINT('',#1545);
#1545 = CARTESIAN_POINT('',(56.,25.,-15.));
#1546 = VERTEX_POINT('',#1547);
#1547 = CARTESIAN_POINT('',(56.,22.,-15.));
#1548 = LINE('',#1549,#1550);
#1549 = CARTESIAN_POINT('',(56.,11.,-15.));
#1550 = VECTOR('',#1551,1.);
#1551 = DIRECTION('',(-0.,-1.,0.));
#1552 = ORIENTED_EDGE('',*,*,#1553,.T.);
#1553 = EDGE_CURVE('',#1546,#1554,#1556,.T.);
#1554 = VERTEX_POINT('',#1555);
#1555 = CARTESIAN_POINT('',(56.,22.,15.));
#1556 = LINE('',#1557,#1558);
#1557 = CARTESIAN_POINT('',(56.,22.,-28.5));
#1558 = VECTOR('',#1559,1.);
#1559 = DIRECTION('',(-3.330669073875E-16,0.,1.));
#1560 = ORIENTED_EDGE('',*,*,#1561,.F.);
#1561 = EDGE_CURVE('',#1562,#1554,#1564,.T.);
#1562 = VERTEX_POINT('',#1563);
#1563 = CARTESIAN_POINT('',(56.,25.,15.));
#1564 = LINE('',#1565,#1566);
#1565 = CARTESIAN_POINT('',(56.,11.,15.));
#1566 = VECTOR('',#1567,1.);
#1567 = DIRECTION('',(-0.,-1.,0.));
#1568 = ORIENTED_EDGE('',*,*,#1569,.F.);
#1569 = EDGE_CURVE('',#1544,#1562,#1570,.T.);
#1570 = LINE('',#1571,#1572);
#1571 = CARTESIAN_POINT('',(56.,25.,-28.5));
#1572 = VECTOR('',#1573,1.);
#1573 = DIRECTION('',(-3.330669073875E-16,0.,1.));
#1574 = FACE_BOUND('',#1575,.T.);
#1575 = EDGE_LOOP('',(#1576,#1586,#1594,#1602));
#1576 = ORIENTED_EDGE('',*,*,#1577,.T.);
#1577 = EDGE_CURVE('',#1578,#1580,#1582,.T.);
#1578 = VERTEX_POINT('',#1579);
#1579 = CARTESIAN_POINT('',(56.,19.,-15.));
#1580 = VERTEX_POINT('',#1581);
#1581 = CARTESIAN_POINT('',(56.,16.,-15.));
#1582 = LINE('',#1583,#1584);
#1583 = CARTESIAN_POINT('',(56.,8.,-15.));
#1584 = VECTOR('',#1585,1.);
#1585 = DIRECTION('',(-0.,-1.,0.));
#1586 = ORIENTED_EDGE('',*,*,#1587,.T.);
#1587 = EDGE_CURVE('',#1580,#1588,#1590,.T.);
#1588 = VERTEX_POINT('',#1589);
#1589 = CARTESIAN_POINT('',(56.,16.,15.));
#1590 = LINE('',#1591,#1592);
#1591 = CARTESIAN_POINT('',(56.,16.,-28.5));
#1592 = VECTOR('',#1593,1.);
#1593 = DIRECTION('',(-3.330669073875E-16,0.,1.));
#1594 = ORIENTED_EDGE('',*,*,#1595,.F.);
#1595 = EDGE_CURVE('',#1596,#1588,#1598,.T.);
#1596 = VERTEX_POINT('',#1597);
#1597 = CARTESIAN_POINT('',(56.,19.,15.));
#1598 = LINE('',#1599,#1600);
#1599 = CARTESIAN_POINT('',(56.,8.,15.));
#1600 = VECTOR('',#1601,1.);
#1601 = DIRECTION('',(-0.,-1.,0.));
#1602 = ORIENTED_EDGE('',*,*,#1603,.F.);
#1603 = EDGE_CURVE('',#1578,#1596,#1604,.T.);
#1604 = LINE('',#1605,#1606);
#1605 = CARTESIAN_POINT('',(56.,19.,-28.5));
#1606 = VECTOR('',#1607,1.);
#1607 = DIRECTION('',(-3.330669073875E-16,0.,1.));
#1608 = FACE_BOUND('',#1609,.T.);
#1609 = EDGE_LOOP('',(#1610,#1620,#1628,#1636));
#1610 = ORIENTED_EDGE('',*,*,#1611,.T.);
#1611 = EDGE_CURVE('',#1612,#1614,#1616,.T.);
#1612 = VERTEX_POINT('',#1613);
#1613 = CARTESIAN_POINT('',(56.,31.,-15.));
#1614 = VERTEX_POINT('',#1615);
#1615 = CARTESIAN_POINT('',(56.,28.,-15.));
#1616 = LINE('',#1617,#1618);
#1617 = CARTESIAN_POINT('',(56.,14.,-15.));
#1618 = VECTOR('',#1619,1.);
#1619 = DIRECTION('',(-0.,-1.,0.));
#1620 = ORIENTED_EDGE('',*,*,#1621,.T.);
#1621 = EDGE_CURVE('',#1614,#1622,#1624,.T.);
#1622 = VERTEX_POINT('',#1623);
#1623 = CARTESIAN_POINT('',(56.,28.,15.));
#1624 = LINE('',#1625,#1626);
#1625 = CARTESIAN_POINT('',(56.,28.,-28.5));
#1626 = VECTOR('',#1627,1.);
#1627 = DIRECTION('',(-3.330669073875E-16,0.,1.));
#1628 = ORIENTED_EDGE('',*,*,#1629,.F.);
#1629 = EDGE_CURVE('',#1630,#1622,#1632,.T.);
#1630 = VERTEX_POINT('',#1631);
#1631 = CARTESIAN_POINT('',(56.,31.,15.));
#1632 = LINE('',#1633,#1634);
#1633 = CARTESIAN_POINT('',(56.,14.,15.));
#1634 = VECTOR('',#1635,1.);
#1635 = DIRECTION('',(-0.,-1.,0.));
#1636 = ORIENTED_EDGE('',*,*,#1637,.F.);
#1637 = EDGE_CURVE('',#1612,#1630,#1638,.T.);
#1638 = LINE('',#1639,#1640);
#1639 = CARTESIAN_POINT('',(56.,31.,-28.5));
#1640 = VECTOR('',#1641,1.);
#1641 = DIRECTION('',(-3.330669073875E-16,0.,1.));
#1642 = PLANE('',#1643);
#1643 = AXIS2_PLACEMENT_3D('',#1644,#1645,#1646);
#1644 = CARTESIAN_POINT('',(56.,-2.291500322826E-13,-42.));
#1645 = DIRECTION('',(1.,0.,3.330669073875E-16));
#1646 = DIRECTION('',(-3.330669073875E-16,5.551115123126E-15,1.));
#1647 = ADVANCED_FACE('',(#1648),#1659,.T.);
#1648 = FACE_BOUND('',#1649,.F.);
#1649 = EDGE_LOOP('',(#1650,#1651,#1652,#1653));
#1650 = ORIENTED_EDGE('',*,*,#317,.T.);
#1651 = ORIENTED_EDGE('',*,*,#1278,.T.);
#1652 = ORIENTED_EDGE('',*,*,#494,.F.);
#1653 = ORIENTED_EDGE('',*,*,#1654,.F.);
#1654 = EDGE_CURVE('',#318,#495,#1655,.T.);
#1655 = LINE('',#1656,#1657);
#1656 = CARTESIAN_POINT('',(-48.,2.362554596402E-13,42.));
#1657 = VECTOR('',#1658,1.);
#1658 = DIRECTION('',(1.577721810442E-30,1.,-5.551115123126E-15));
#1659 = CYLINDRICAL_SURFACE('',#1660,8.);
#1660 = AXIS2_PLACEMENT_3D('',#1661,#1662,#1663);
#1661 = CARTESIAN_POINT('',(-48.,1.918465386552E-13,34.));
#1662 = DIRECTION('',(1.577721810442E-30,1.,-5.551115123126E-15));
#1663 = DIRECTION('',(-3.330669073875E-16,5.551115123126E-15,1.));
#1664 = ADVANCED_FACE('',(#1665),#1676,.T.);
#1665 = FACE_BOUND('',#1666,.F.);
#1666 = EDGE_LOOP('',(#1667,#1668,#1674,#1675));
#1667 = ORIENTED_EDGE('',*,*,#334,.T.);
#1668 = ORIENTED_EDGE('',*,*,#1669,.T.);
#1669 = EDGE_CURVE('',#327,#504,#1670,.T.);
#1670 = LINE('',#1671,#1672);
#1671 = CARTESIAN_POINT('',(48.,2.362554596402E-13,42.));
#1672 = VECTOR('',#1673,1.);
#1673 = DIRECTION('',(1.577721810442E-30,1.,-5.551115123126E-15));
#1674 = ORIENTED_EDGE('',*,*,#511,.F.);
#1675 = ORIENTED_EDGE('',*,*,#1467,.F.);
#1676 = CYLINDRICAL_SURFACE('',#1677,8.);
#1677 = AXIS2_PLACEMENT_3D('',#1678,#1679,#1680);
#1678 = CARTESIAN_POINT('',(48.,1.918465386552E-13,34.));
#1679 = DIRECTION('',(1.577721810442E-30,1.,-5.551115123126E-15));
#1680 = DIRECTION('',(1.,0.,3.330669073875E-16));
#1681 = ADVANCED_FACE('',(#1682,#1688,#1722,#1756,#1790,#1824,#1858),
  #1892,.T.);
#1682 = FACE_BOUND('',#1683,.T.);
#1683 = EDGE_LOOP('',(#1684,#1685,#1686,#1687));
#1684 = ORIENTED_EDGE('',*,*,#326,.F.);
#1685 = ORIENTED_EDGE('',*,*,#1669,.T.);
#1686 = ORIENTED_EDGE('',*,*,#503,.T.);
#1687 = ORIENTED_EDGE('',*,*,#1654,.F.);
#1688 = FACE_BOUND('',#1689,.T.);
#1689 = EDGE_LOOP('',(#1690,#1700,#1708,#1716));
#1690 = ORIENTED_EDGE('',*,*,#1691,.T.);
#1691 = EDGE_CURVE('',#1692,#1694,#1696,.T.);
#1692 = VERTEX_POINT('',#1693);
#1693 = CARTESIAN_POINT('',(21.,14.,42.));
#1694 = VERTEX_POINT('',#1695);
#1695 = CARTESIAN_POINT('',(18.,14.,42.));
#1696 = LINE('',#1697,#1698);
#1697 = CARTESIAN_POINT('',(37.,14.,42.));
#1698 = VECTOR('',#1699,1.);
#1699 = DIRECTION('',(-1.,0.,-3.330669073875E-16));
#1700 = ORIENTED_EDGE('',*,*,#1701,.T.);
#1701 = EDGE_CURVE('',#1694,#1702,#1704,.T.);
#1702 = VERTEX_POINT('',#1703);
#1703 = CARTESIAN_POINT('',(18.,32.,42.));
#1704 = LINE('',#1705,#1706);
#1705 = CARTESIAN_POINT('',(18.,7.,42.));
#1706 = VECTOR('',#1707,1.);
#1707 = DIRECTION('',(1.848892746612E-30,1.,-5.551115123126E-15));
#1708 = ORIENTED_EDGE('',*,*,#1709,.F.);
#1709 = EDGE_CURVE('',#1710,#1702,#1712,.T.);
#1710 = VERTEX_POINT('',#1711);
#1711 = CARTESIAN_POINT('',(21.,32.,42.));
#1712 = LINE('',#1713,#1714);
#1713 = CARTESIAN_POINT('',(37.,32.,42.));
#1714 = VECTOR('',#1715,1.);
#1715 = DIRECTION('',(-1.,0.,-3.330669073875E-16));
#1716 = ORIENTED_EDGE('',*,*,#1717,.F.);
#1717 = EDGE_CURVE('',#1692,#1710,#1718,.T.);
#1718 = LINE('',#1719,#1720);
#1719 = CARTESIAN_POINT('',(21.,7.,42.));
#1720 = VECTOR('',#1721,1.);
#1721 = DIRECTION('',(1.848892746612E-30,1.,-5.551115123126E-15));
#1722 = FACE_BOUND('',#1723,.T.);
#1723 = EDGE_LOOP('',(#1724,#1734,#1742,#1750));
#1724 = ORIENTED_EDGE('',*,*,#1725,.T.);
#1725 = EDGE_CURVE('',#1726,#1728,#1730,.T.);
#1726 = VERTEX_POINT('',#1727);
#1727 = CARTESIAN_POINT('',(13.,14.,42.));
#1728 = VERTEX_POINT('',#1729);
#1729 = CARTESIAN_POINT('',(10.,14.,42.));
#1730 = LINE('',#1731,#1732);
#1731 = CARTESIAN_POINT('',(33.,14.,42.));
#1732 = VECTOR('',#1733,1.);
#1733 = DIRECTION('',(-1.,0.,-3.330669073875E-16));
#1734 = ORIENTED_EDGE('',*,*,#1735,.T.);
#1735 = EDGE_CURVE('',#1728,#1736,#1738,.T.);
#1736 = VERTEX_POINT('',#1737);
#1737 = CARTESIAN_POINT('',(10.,32.,42.));
#1738 = LINE('',#1739,#1740);
#1739 = CARTESIAN_POINT('',(10.,7.,42.));
#1740 = VECTOR('',#1741,1.);
#1741 = DIRECTION('',(1.848892746612E-30,1.,-5.551115123126E-15));
#1742 = ORIENTED_EDGE('',*,*,#1743,.F.);
#1743 = EDGE_CURVE('',#1744,#1736,#1746,.T.);
#1744 = VERTEX_POINT('',#1745);
#1745 = CARTESIAN_POINT('',(13.,32.,42.));
#1746 = LINE('',#1747,#1748);
#1747 = CARTESIAN_POINT('',(33.,32.,42.));
#1748 = VECTOR('',#1749,1.);
#1749 = DIRECTION('',(-1.,0.,-3.330669073875E-16));
#1750 = ORIENTED_EDGE('',*,*,#1751,.F.);
#1751 = EDGE_CURVE('',#1726,#1744,#1752,.T.);
#1752 = LINE('',#1753,#1754);
#1753 = CARTESIAN_POINT('',(13.,7.,42.));
#1754 = VECTOR('',#1755,1.);
#1755 = DIRECTION('',(1.848892746612E-30,1.,-5.551115123126E-15));
#1756 = FACE_BOUND('',#1757,.T.);
#1757 = EDGE_LOOP('',(#1758,#1768,#1776,#1784));
#1758 = ORIENTED_EDGE('',*,*,#1759,.T.);
#1759 = EDGE_CURVE('',#1760,#1762,#1764,.T.);
#1760 = VERTEX_POINT('',#1761);
#1761 = CARTESIAN_POINT('',(5.,14.,42.));
#1762 = VERTEX_POINT('',#1763);
#1763 = CARTESIAN_POINT('',(2.,14.,42.));
#1764 = LINE('',#1765,#1766);
#1765 = CARTESIAN_POINT('',(29.,14.,42.));
#1766 = VECTOR('',#1767,1.);
#1767 = DIRECTION('',(-1.,0.,-3.330669073875E-16));
#1768 = ORIENTED_EDGE('',*,*,#1769,.T.);
#1769 = EDGE_CURVE('',#1762,#1770,#1772,.T.);
#1770 = VERTEX_POINT('',#1771);
#1771 = CARTESIAN_POINT('',(2.,32.,42.));
#1772 = LINE('',#1773,#1774);
#1773 = CARTESIAN_POINT('',(2.,7.,42.));
#1774 = VECTOR('',#1775,1.);
#1775 = DIRECTION('',(1.848892746612E-30,1.,-5.551115123126E-15));
#1776 = ORIENTED_EDGE('',*,*,#1777,.F.);
#1777 = EDGE_CURVE('',#1778,#1770,#1780,.T.);
#1778 = VERTEX_POINT('',#1779);
#1779 = CARTESIAN_POINT('',(5.,32.,42.));
#1780 = LINE('',#1781,#1782);
#1781 = CARTESIAN_POINT('',(29.,32.,42.));
#1782 = VECTOR('',#1783,1.);
#1783 = DIRECTION('',(-1.,0.,-3.330669073875E-16));
#1784 = ORIENTED_EDGE('',*,*,#1785,.F.);
#1785 = EDGE_CURVE('',#1760,#1778,#1786,.T.);
#1786 = LINE('',#1787,#1788);
#1787 = CARTESIAN_POINT('',(5.,7.,42.));
#1788 = VECTOR('',#1789,1.);
#1789 = DIRECTION('',(1.848892746612E-30,1.,-5.551115123126E-15));
#1790 = FACE_BOUND('',#1791,.T.);
#1791 = EDGE_LOOP('',(#1792,#1802,#1810,#1818));
#1792 = ORIENTED_EDGE('',*,*,#1793,.T.);
#1793 = EDGE_CURVE('',#1794,#1796,#1798,.T.);
#1794 = VERTEX_POINT('',#1795);
#1795 = CARTESIAN_POINT('',(-3.,14.,42.));
#1796 = VERTEX_POINT('',#1797);
#1797 = CARTESIAN_POINT('',(-6.,14.,42.));
#1798 = LINE('',#1799,#1800);
#1799 = CARTESIAN_POINT('',(25.,14.,42.));
#1800 = VECTOR('',#1801,1.);
#1801 = DIRECTION('',(-1.,0.,-3.330669073875E-16));
#1802 = ORIENTED_EDGE('',*,*,#1803,.T.);
#1803 = EDGE_CURVE('',#1796,#1804,#1806,.T.);
#1804 = VERTEX_POINT('',#1805);
#1805 = CARTESIAN_POINT('',(-6.,32.,42.));
#1806 = LINE('',#1807,#1808);
#1807 = CARTESIAN_POINT('',(-6.,7.,42.));
#1808 = VECTOR('',#1809,1.);
#1809 = DIRECTION('',(1.848892746612E-30,1.,-5.551115123126E-15));
#1810 = ORIENTED_EDGE('',*,*,#1811,.F.);
#1811 = EDGE_CURVE('',#1812,#1804,#1814,.T.);
#1812 = VERTEX_POINT('',#1813);
#1813 = CARTESIAN_POINT('',(-3.,32.,42.));
#1814 = LINE('',#1815,#1816);
#1815 = CARTESIAN_POINT('',(25.,32.,42.));
#1816 = VECTOR('',#1817,1.);
#1817 = DIRECTION('',(-1.,0.,-3.330669073875E-16));
#1818 = ORIENTED_EDGE('',*,*,#1819,.F.);
#1819 = EDGE_CURVE('',#1794,#1812,#1820,.T.);
#1820 = LINE('',#1821,#1822);
#1821 = CARTESIAN_POINT('',(-3.,7.,42.));
#1822 = VECTOR('',#1823,1.);
#1823 = DIRECTION('',(1.848892746612E-30,1.,-5.551115123126E-15));
#1824 = FACE_BOUND('',#1825,.T.);
#1825 = EDGE_LOOP('',(#1826,#1836,#1844,#1852));
#1826 = ORIENTED_EDGE('',*,*,#1827,.T.);
#1827 = EDGE_CURVE('',#1828,#1830,#1832,.T.);
#1828 = VERTEX_POINT('',#1829);
#1829 = CARTESIAN_POINT('',(-11.,14.,42.));
#1830 = VERTEX_POINT('',#1831);
#1831 = CARTESIAN_POINT('',(-14.,14.,42.));
#1832 = LINE('',#1833,#1834);
#1833 = CARTESIAN_POINT('',(21.,14.,42.));
#1834 = VECTOR('',#1835,1.);
#1835 = DIRECTION('',(-1.,0.,-3.330669073875E-16));
#1836 = ORIENTED_EDGE('',*,*,#1837,.T.);
#1837 = EDGE_CURVE('',#1830,#1838,#1840,.T.);
#1838 = VERTEX_POINT('',#1839);
#1839 = CARTESIAN_POINT('',(-14.,32.,42.));
#1840 = LINE('',#1841,#1842);
#1841 = CARTESIAN_POINT('',(-14.,7.,42.));
#1842 = VECTOR('',#1843,1.);
#1843 = DIRECTION('',(1.848892746612E-30,1.,-5.551115123126E-15));
#1844 = ORIENTED_EDGE('',*,*,#1845,.F.);
#1845 = EDGE_CURVE('',#1846,#1838,#1848,.T.);
#1846 = VERTEX_POINT('',#1847);
#1847 = CARTESIAN_POINT('',(-11.,32.,42.));
#1848 = LINE('',#1849,#1850);
#1849 = CARTESIAN_POINT('',(21.,32.,42.));
#1850 = VECTOR('',#1851,1.);
#1851 = DIRECTION('',(-1.,0.,-3.330669073875E-16));
#1852 = ORIENTED_EDGE('',*,*,#1853,.F.);
#1853 = EDGE_CURVE('',#1828,#1846,#1854,.T.);
#1854 = LINE('',#1855,#1856);
#1855 = CARTESIAN_POINT('',(-11.,7.,42.));
#1856 = VECTOR('',#1857,1.);
#1857 = DIRECTION('',(1.848892746612E-30,1.,-5.551115123126E-15));
#1858 = FACE_BOUND('',#1859,.T.);
#1859 = EDGE_LOOP('',(#1860,#1870,#1878,#1886));
#1860 = ORIENTED_EDGE('',*,*,#1861,.T.);
#1861 = EDGE_CURVE('',#1862,#1864,#1866,.T.);
#1862 = VERTEX_POINT('',#1863);
#1863 = CARTESIAN_POINT('',(-19.,14.,42.));
#1864 = VERTEX_POINT('',#1865);
#1865 = CARTESIAN_POINT('',(-22.,14.,42.));
#1866 = LINE('',#1867,#1868);
#1867 = CARTESIAN_POINT('',(17.,14.,42.));
#1868 = VECTOR('',#1869,1.);
#1869 = DIRECTION('',(-1.,0.,-3.330669073875E-16));
#1870 = ORIENTED_EDGE('',*,*,#1871,.T.);
#1871 = EDGE_CURVE('',#1864,#1872,#1874,.T.);
#1872 = VERTEX_POINT('',#1873);
#1873 = CARTESIAN_POINT('',(-22.,32.,42.));
#1874 = LINE('',#1875,#1876);
#1875 = CARTESIAN_POINT('',(-22.,7.,42.));
#1876 = VECTOR('',#1877,1.);
#1877 = DIRECTION('',(1.848892746612E-30,1.,-5.551115123126E-15));
#1878 = ORIENTED_EDGE('',*,*,#1879,.F.);
#1879 = EDGE_CURVE('',#1880,#1872,#1882,.T.);
#1880 = VERTEX_POINT('',#1881);
#1881 = CARTESIAN_POINT('',(-19.,32.,42.));
#1882 = LINE('',#1883,#1884);
#1883 = CARTESIAN_POINT('',(17.,32.,42.));
#1884 = VECTOR('',#1885,1.);
#1885 = DIRECTION('',(-1.,0.,-3.330669073875E-16));
#1886 = ORIENTED_EDGE('',*,*,#1887,.F.);
#1887 = EDGE_CURVE('',#1862,#1880,#1888,.T.);
#1888 = LINE('',#1889,#1890);
#1889 = CARTESIAN_POINT('',(-19.,7.,42.));
#1890 = VECTOR('',#1891,1.);
#1891 = DIRECTION('',(1.848892746612E-30,1.,-5.551115123126E-15));
#1892 = PLANE('',#1893);
#1893 = AXIS2_PLACEMENT_3D('',#1894,#1895,#1896);
#1894 = CARTESIAN_POINT('',(56.,2.362554596402E-13,42.));
#1895 = DIRECTION('',(-3.330669073875E-16,5.551115123126E-15,1.));
#1896 = DIRECTION('',(-1.,0.,-3.330669073875E-16));
#1897 = ADVANCED_FACE('',(#1898),#1923,.T.);
#1898 = FACE_BOUND('',#1899,.T.);
#1899 = EDGE_LOOP('',(#1900,#1908,#1916,#1922));
#1900 = ORIENTED_EDGE('',*,*,#1901,.F.);
#1901 = EDGE_CURVE('',#1902,#361,#1904,.T.);
#1902 = VERTEX_POINT('',#1903);
#1903 = CARTESIAN_POINT('',(-4.6,-10.,19.5));
#1904 = LINE('',#1905,#1906);
#1905 = CARTESIAN_POINT('',(-4.6,-10.,19.5));
#1906 = VECTOR('',#1907,1.);
#1907 = DIRECTION('',(0.,1.,0.));
#1908 = ORIENTED_EDGE('',*,*,#1909,.T.);
#1909 = EDGE_CURVE('',#1902,#1910,#1912,.T.);
#1910 = VERTEX_POINT('',#1911);
#1911 = CARTESIAN_POINT('',(-1.6,-10.,19.5));
#1912 = LINE('',#1913,#1914);
#1913 = CARTESIAN_POINT('',(-4.6,-10.,19.5));
#1914 = VECTOR('',#1915,1.);
#1915 = DIRECTION('',(1.,0.,3.330669073875E-16));
#1916 = ORIENTED_EDGE('',*,*,#1917,.T.);
#1917 = EDGE_CURVE('',#1910,#363,#1918,.T.);
#1918 = LINE('',#1919,#1920);
#1919 = CARTESIAN_POINT('',(-1.6,-10.,19.5));
#1920 = VECTOR('',#1921,1.);
#1921 = DIRECTION('',(0.,1.,0.));
#1922 = ORIENTED_EDGE('',*,*,#360,.F.);
#1923 = PLANE('',#1924);
#1924 = AXIS2_PLACEMENT_3D('',#1925,#1926,#1927);
#1925 = CARTESIAN_POINT('',(-4.6,-10.,19.5));
#1926 = DIRECTION('',(-3.330669073875E-16,0.,1.));
#1927 = DIRECTION('',(1.,0.,3.330669073875E-16));
#1928 = ADVANCED_FACE('',(#1929,#1948),#1959,.T.);
#1929 = FACE_BOUND('',#1930,.T.);
#1930 = EDGE_LOOP('',(#1931,#1932,#1933,#1941));
#1931 = ORIENTED_EDGE('',*,*,#1901,.T.);
#1932 = ORIENTED_EDGE('',*,*,#370,.T.);
#1933 = ORIENTED_EDGE('',*,*,#1934,.F.);
#1934 = EDGE_CURVE('',#1935,#371,#1937,.T.);
#1935 = VERTEX_POINT('',#1936);
#1936 = CARTESIAN_POINT('',(-4.6,-10.,4.5));
#1937 = LINE('',#1938,#1939);
#1938 = CARTESIAN_POINT('',(-4.6,-10.,4.5));
#1939 = VECTOR('',#1940,1.);
#1940 = DIRECTION('',(0.,1.,0.));
#1941 = ORIENTED_EDGE('',*,*,#1942,.F.);
#1942 = EDGE_CURVE('',#1902,#1935,#1943,.T.);
#1943 = CIRCLE('',#1944,7.5);
#1944 = AXIS2_PLACEMENT_3D('',#1945,#1946,#1947);
#1945 = CARTESIAN_POINT('',(-4.6,-10.,12.));
#1946 = DIRECTION('',(1.,-0.,4.440892098501E-16));
#1947 = DIRECTION('',(4.440892098501E-16,0.,-1.));
#1948 = FACE_BOUND('',#1949,.T.);
#1949 = EDGE_LOOP('',(#1950));
#1950 = ORIENTED_EDGE('',*,*,#1951,.F.);
#1951 = EDGE_CURVE('',#1952,#1952,#1954,.T.);
#1952 = VERTEX_POINT('',#1953);
#1953 = CARTESIAN_POINT('',(-4.6,-10.,9.4));
#1954 = CIRCLE('',#1955,2.6);
#1955 = AXIS2_PLACEMENT_3D('',#1956,#1957,#1958);
#1956 = CARTESIAN_POINT('',(-4.6,-10.,12.));
#1957 = DIRECTION('',(-1.,-0.,-2.22044604925E-16));
#1958 = DIRECTION('',(2.22044604925E-16,0.,-1.));
#1959 = PLANE('',#1960);
#1960 = AXIS2_PLACEMENT_3D('',#1961,#1962,#1963);
#1961 = CARTESIAN_POINT('',(-4.6,-7.346571442187,12.));
#1962 = DIRECTION('',(-1.,-0.,-4.440892098501E-16));
#1963 = DIRECTION('',(-4.440892098501E-16,0.,1.));
#1964 = ADVANCED_FACE('',(#1965,#1984),#1995,.T.);
#1965 = FACE_BOUND('',#1966,.T.);
#1966 = EDGE_LOOP('',(#1967,#1968,#1977,#1983));
#1967 = ORIENTED_EDGE('',*,*,#1917,.F.);
#1968 = ORIENTED_EDGE('',*,*,#1969,.T.);
#1969 = EDGE_CURVE('',#1910,#1970,#1972,.T.);
#1970 = VERTEX_POINT('',#1971);
#1971 = CARTESIAN_POINT('',(-1.6,-10.,4.5));
#1972 = CIRCLE('',#1973,7.5);
#1973 = AXIS2_PLACEMENT_3D('',#1974,#1975,#1976);
#1974 = CARTESIAN_POINT('',(-1.6,-10.,12.));
#1975 = DIRECTION('',(1.,-0.,4.440892098501E-16));
#1976 = DIRECTION('',(4.440892098501E-16,0.,-1.));
#1977 = ORIENTED_EDGE('',*,*,#1978,.T.);
#1978 = EDGE_CURVE('',#1970,#379,#1979,.T.);
#1979 = LINE('',#1980,#1981);
#1980 = CARTESIAN_POINT('',(-1.6,-10.,4.5));
#1981 = VECTOR('',#1982,1.);
#1982 = DIRECTION('',(0.,1.,0.));
#1983 = ORIENTED_EDGE('',*,*,#386,.F.);
#1984 = FACE_BOUND('',#1985,.T.);
#1985 = EDGE_LOOP('',(#1986));
#1986 = ORIENTED_EDGE('',*,*,#1987,.T.);
#1987 = EDGE_CURVE('',#1988,#1988,#1990,.T.);
#1988 = VERTEX_POINT('',#1989);
#1989 = CARTESIAN_POINT('',(-1.6,-10.,9.4));
#1990 = CIRCLE('',#1991,2.6);
#1991 = AXIS2_PLACEMENT_3D('',#1992,#1993,#1994);
#1992 = CARTESIAN_POINT('',(-1.6,-10.,12.));
#1993 = DIRECTION('',(-1.,-0.,-2.22044604925E-16));
#1994 = DIRECTION('',(2.22044604925E-16,0.,-1.));
#1995 = PLANE('',#1996);
#1996 = AXIS2_PLACEMENT_3D('',#1997,#1998,#1999);
#1997 = CARTESIAN_POINT('',(-1.6,-7.346571442187,12.));
#1998 = DIRECTION('',(1.,0.,4.440892098501E-16));
#1999 = DIRECTION('',(4.440892098501E-16,0.,-1.));
#2000 = ADVANCED_FACE('',(#2001),#2012,.F.);
#2001 = FACE_BOUND('',#2002,.F.);
#2002 = EDGE_LOOP('',(#2003,#2004,#2010,#2011));
#2003 = ORIENTED_EDGE('',*,*,#1934,.F.);
#2004 = ORIENTED_EDGE('',*,*,#2005,.T.);
#2005 = EDGE_CURVE('',#1935,#1970,#2006,.T.);
#2006 = LINE('',#2007,#2008);
#2007 = CARTESIAN_POINT('',(-4.6,-10.,4.5));
#2008 = VECTOR('',#2009,1.);
#2009 = DIRECTION('',(1.,0.,3.330669073875E-16));
#2010 = ORIENTED_EDGE('',*,*,#1978,.T.);
#2011 = ORIENTED_EDGE('',*,*,#378,.F.);
#2012 = PLANE('',#2013);
#2013 = AXIS2_PLACEMENT_3D('',#2014,#2015,#2016);
#2014 = CARTESIAN_POINT('',(-4.6,-10.,4.5));
#2015 = DIRECTION('',(-3.330669073875E-16,0.,1.));
#2016 = DIRECTION('',(1.,0.,3.330669073875E-16));
#2017 = ADVANCED_FACE('',(#2018),#2043,.T.);
#2018 = FACE_BOUND('',#2019,.T.);
#2019 = EDGE_LOOP('',(#2020,#2028,#2036,#2042));
#2020 = ORIENTED_EDGE('',*,*,#2021,.F.);
#2021 = EDGE_CURVE('',#2022,#395,#2024,.T.);
#2022 = VERTEX_POINT('',#2023);
#2023 = CARTESIAN_POINT('',(1.6,-10.,19.5));
#2024 = LINE('',#2025,#2026);
#2025 = CARTESIAN_POINT('',(1.6,-10.,19.5));
#2026 = VECTOR('',#2027,1.);
#2027 = DIRECTION('',(0.,1.,0.));
#2028 = ORIENTED_EDGE('',*,*,#2029,.T.);
#2029 = EDGE_CURVE('',#2022,#2030,#2032,.T.);
#2030 = VERTEX_POINT('',#2031);
#2031 = CARTESIAN_POINT('',(4.6,-10.,19.5));
#2032 = LINE('',#2033,#2034);
#2033 = CARTESIAN_POINT('',(1.6,-10.,19.5));
#2034 = VECTOR('',#2035,1.);
#2035 = DIRECTION('',(1.,0.,2.22044604925E-16));
#2036 = ORIENTED_EDGE('',*,*,#2037,.T.);
#2037 = EDGE_CURVE('',#2030,#397,#2038,.T.);
#2038 = LINE('',#2039,#2040);
#2039 = CARTESIAN_POINT('',(4.6,-10.,19.5));
#2040 = VECTOR('',#2041,1.);
#2041 = DIRECTION('',(0.,1.,0.));
#2042 = ORIENTED_EDGE('',*,*,#394,.F.);
#2043 = PLANE('',#2044);
#2044 = AXIS2_PLACEMENT_3D('',#2045,#2046,#2047);
#2045 = CARTESIAN_POINT('',(1.6,-10.,19.5));
#2046 = DIRECTION('',(-2.22044604925E-16,0.,1.));
#2047 = DIRECTION('',(1.,0.,2.22044604925E-16));
#2048 = ADVANCED_FACE('',(#2049,#2068),#2079,.T.);
#2049 = FACE_BOUND('',#2050,.T.);
#2050 = EDGE_LOOP('',(#2051,#2052,#2061,#2067));
#2051 = ORIENTED_EDGE('',*,*,#2037,.F.);
#2052 = ORIENTED_EDGE('',*,*,#2053,.T.);
#2053 = EDGE_CURVE('',#2030,#2054,#2056,.T.);
#2054 = VERTEX_POINT('',#2055);
#2055 = CARTESIAN_POINT('',(4.6,-10.,4.5));
#2056 = CIRCLE('',#2057,7.5);
#2057 = AXIS2_PLACEMENT_3D('',#2058,#2059,#2060);
#2058 = CARTESIAN_POINT('',(4.6,-10.,12.));
#2059 = DIRECTION('',(1.,-0.,3.330669073875E-16));
#2060 = DIRECTION('',(3.330669073875E-16,0.,-1.));
#2061 = ORIENTED_EDGE('',*,*,#2062,.T.);
#2062 = EDGE_CURVE('',#2054,#413,#2063,.T.);
#2063 = LINE('',#2064,#2065);
#2064 = CARTESIAN_POINT('',(4.6,-10.,4.5));
#2065 = VECTOR('',#2066,1.);
#2066 = DIRECTION('',(0.,1.,0.));
#2067 = ORIENTED_EDGE('',*,*,#420,.F.);
#2068 = FACE_BOUND('',#2069,.T.);
#2069 = EDGE_LOOP('',(#2070));
#2070 = ORIENTED_EDGE('',*,*,#2071,.T.);
#2071 = EDGE_CURVE('',#2072,#2072,#2074,.T.);
#2072 = VERTEX_POINT('',#2073);
#2073 = CARTESIAN_POINT('',(4.6,-10.,9.4));
#2074 = CIRCLE('',#2075,2.6);
#2075 = AXIS2_PLACEMENT_3D('',#2076,#2077,#2078);
#2076 = CARTESIAN_POINT('',(4.6,-10.,12.));
#2077 = DIRECTION('',(-1.,-0.,-2.22044604925E-16));
#2078 = DIRECTION('',(2.22044604925E-16,0.,-1.));
#2079 = PLANE('',#2080);
#2080 = AXIS2_PLACEMENT_3D('',#2081,#2082,#2083);
#2081 = CARTESIAN_POINT('',(4.6,-7.346571442187,12.));
#2082 = DIRECTION('',(1.,0.,3.330669073875E-16));
#2083 = DIRECTION('',(3.330669073875E-16,0.,-1.));
#2084 = ADVANCED_FACE('',(#2085),#2103,.F.);
#2085 = FACE_BOUND('',#2086,.F.);
#2086 = EDGE_LOOP('',(#2087,#2095,#2101,#2102));
#2087 = ORIENTED_EDGE('',*,*,#2088,.F.);
#2088 = EDGE_CURVE('',#2089,#405,#2091,.T.);
#2089 = VERTEX_POINT('',#2090);
#2090 = CARTESIAN_POINT('',(1.6,-10.,4.5));
#2091 = LINE('',#2092,#2093);
#2092 = CARTESIAN_POINT('',(1.6,-10.,4.5));
#2093 = VECTOR('',#2094,1.);
#2094 = DIRECTION('',(0.,1.,0.));
#2095 = ORIENTED_EDGE('',*,*,#2096,.T.);
#2096 = EDGE_CURVE('',#2089,#2054,#2097,.T.);
#2097 = LINE('',#2098,#2099);
#2098 = CARTESIAN_POINT('',(1.6,-10.,4.5));
#2099 = VECTOR('',#2100,1.);
#2100 = DIRECTION('',(1.,0.,2.22044604925E-16));
#2101 = ORIENTED_EDGE('',*,*,#2062,.T.);
#2102 = ORIENTED_EDGE('',*,*,#412,.F.);
#2103 = PLANE('',#2104);
#2104 = AXIS2_PLACEMENT_3D('',#2105,#2106,#2107);
#2105 = CARTESIAN_POINT('',(1.6,-10.,4.5));
#2106 = DIRECTION('',(-2.22044604925E-16,0.,1.));
#2107 = DIRECTION('',(1.,0.,2.22044604925E-16));
#2108 = ADVANCED_FACE('',(#2109,#2121),#2132,.T.);
#2109 = FACE_BOUND('',#2110,.T.);
#2110 = EDGE_LOOP('',(#2111,#2112,#2113,#2114));
#2111 = ORIENTED_EDGE('',*,*,#2021,.T.);
#2112 = ORIENTED_EDGE('',*,*,#404,.T.);
#2113 = ORIENTED_EDGE('',*,*,#2088,.F.);
#2114 = ORIENTED_EDGE('',*,*,#2115,.F.);
#2115 = EDGE_CURVE('',#2022,#2089,#2116,.T.);
#2116 = CIRCLE('',#2117,7.5);
#2117 = AXIS2_PLACEMENT_3D('',#2118,#2119,#2120);
#2118 = CARTESIAN_POINT('',(1.6,-10.,12.));
#2119 = DIRECTION('',(1.,-0.,3.330669073875E-16));
#2120 = DIRECTION('',(3.330669073875E-16,0.,-1.));
#2121 = FACE_BOUND('',#2122,.T.);
#2122 = EDGE_LOOP('',(#2123));
#2123 = ORIENTED_EDGE('',*,*,#2124,.F.);
#2124 = EDGE_CURVE('',#2125,#2125,#2127,.T.);
#2125 = VERTEX_POINT('',#2126);
#2126 = CARTESIAN_POINT('',(1.6,-10.,9.4));
#2127 = CIRCLE('',#2128,2.6);
#2128 = AXIS2_PLACEMENT_3D('',#2129,#2130,#2131);
#2129 = CARTESIAN_POINT('',(1.6,-10.,12.));
#2130 = DIRECTION('',(-1.,-0.,-2.22044604925E-16));
#2131 = DIRECTION('',(2.22044604925E-16,0.,-1.));
#2132 = PLANE('',#2133);
#2133 = AXIS2_PLACEMENT_3D('',#2134,#2135,#2136);
#2134 = CARTESIAN_POINT('',(1.6,-7.346571442187,12.));
#2135 = DIRECTION('',(-1.,-0.,-3.330669073875E-16));
#2136 = DIRECTION('',(-3.330669073875E-16,0.,1.));
#2137 = ADVANCED_FACE('',(#2138),#2164,.F.);
#2138 = FACE_BOUND('',#2139,.T.);
#2139 = EDGE_LOOP('',(#2140,#2141,#2149,#2158));
#2140 = ORIENTED_EDGE('',*,*,#529,.T.);
#2141 = ORIENTED_EDGE('',*,*,#2142,.F.);
#2142 = EDGE_CURVE('',#2143,#532,#2145,.T.);
#2143 = VERTEX_POINT('',#2144);
#2144 = CARTESIAN_POINT('',(53.5,2.5,34.));
#2145 = LINE('',#2146,#2147);
#2146 = CARTESIAN_POINT('',(53.5,1.936228954946E-13,34.));
#2147 = VECTOR('',#2148,1.);
#2148 = DIRECTION('',(1.577721810442E-30,1.,-5.551115123126E-15));
#2149 = ORIENTED_EDGE('',*,*,#2150,.F.);
#2150 = EDGE_CURVE('',#2151,#2143,#2153,.T.);
#2151 = VERTEX_POINT('',#2152);
#2152 = CARTESIAN_POINT('',(48.,2.5,39.5));
#2153 = CIRCLE('',#2154,5.5);
#2154 = AXIS2_PLACEMENT_3D('',#2155,#2156,#2157);
#2155 = CARTESIAN_POINT('',(48.,2.5,34.));
#2156 = DIRECTION('',(1.848892746612E-30,1.,-5.551115123126E-15));
#2157 = DIRECTION('',(1.,0.,3.330669073875E-16));
#2158 = ORIENTED_EDGE('',*,*,#2159,.T.);
#2159 = EDGE_CURVE('',#2151,#530,#2160,.T.);
#2160 = LINE('',#2161,#2162);
#2161 = CARTESIAN_POINT('',(48.,2.22044604925E-13,39.5));
#2162 = VECTOR('',#2163,1.);
#2163 = DIRECTION('',(1.577721810442E-30,1.,-5.551115123126E-15));
#2164 = CYLINDRICAL_SURFACE('',#2165,5.5);
#2165 = AXIS2_PLACEMENT_3D('',#2166,#2167,#2168);
#2166 = CARTESIAN_POINT('',(48.,1.918465386552E-13,34.));
#2167 = DIRECTION('',(1.577721810442E-30,1.,-5.551115123126E-15));
#2168 = DIRECTION('',(1.,0.,3.330669073875E-16));
#2169 = ADVANCED_FACE('',(#2170,#2188,#2222,#2256,#2290,#2324,#2358),
  #2392,.F.);
#2170 = FACE_BOUND('',#2171,.F.);
#2171 = EDGE_LOOP('',(#2172,#2173,#2181,#2187));
#2172 = ORIENTED_EDGE('',*,*,#540,.F.);
#2173 = ORIENTED_EDGE('',*,*,#2174,.F.);
#2174 = EDGE_CURVE('',#2175,#541,#2177,.T.);
#2175 = VERTEX_POINT('',#2176);
#2176 = CARTESIAN_POINT('',(-48.,2.5,39.5));
#2177 = LINE('',#2178,#2179);
#2178 = CARTESIAN_POINT('',(-48.,2.22044604925E-13,39.5));
#2179 = VECTOR('',#2180,1.);
#2180 = DIRECTION('',(1.577721810442E-30,1.,-5.551115123126E-15));
#2181 = ORIENTED_EDGE('',*,*,#2182,.T.);
#2182 = EDGE_CURVE('',#2175,#2151,#2183,.T.);
#2183 = LINE('',#2184,#2185);
#2184 = CARTESIAN_POINT('',(28.,2.5,39.5));
#2185 = VECTOR('',#2186,1.);
#2186 = DIRECTION('',(1.,0.,3.330669073875E-16));
#2187 = ORIENTED_EDGE('',*,*,#2159,.T.);
#2188 = FACE_BOUND('',#2189,.F.);
#2189 = EDGE_LOOP('',(#2190,#2200,#2208,#2216));
#2190 = ORIENTED_EDGE('',*,*,#2191,.T.);
#2191 = EDGE_CURVE('',#2192,#2194,#2196,.T.);
#2192 = VERTEX_POINT('',#2193);
#2193 = CARTESIAN_POINT('',(21.,14.,39.5));
#2194 = VERTEX_POINT('',#2195);
#2195 = CARTESIAN_POINT('',(18.,14.,39.5));
#2196 = LINE('',#2197,#2198);
#2197 = CARTESIAN_POINT('',(37.,14.,39.5));
#2198 = VECTOR('',#2199,1.);
#2199 = DIRECTION('',(-1.,0.,-3.330669073875E-16));
#2200 = ORIENTED_EDGE('',*,*,#2201,.T.);
#2201 = EDGE_CURVE('',#2194,#2202,#2204,.T.);
#2202 = VERTEX_POINT('',#2203);
#2203 = CARTESIAN_POINT('',(18.,32.,39.5));
#2204 = LINE('',#2205,#2206);
#2205 = CARTESIAN_POINT('',(18.,7.,39.5));
#2206 = VECTOR('',#2207,1.);
#2207 = DIRECTION('',(1.848892746612E-30,1.,-5.551115123126E-15));
#2208 = ORIENTED_EDGE('',*,*,#2209,.F.);
#2209 = EDGE_CURVE('',#2210,#2202,#2212,.T.);
#2210 = VERTEX_POINT('',#2211);
#2211 = CARTESIAN_POINT('',(21.,32.,39.5));
#2212 = LINE('',#2213,#2214);
#2213 = CARTESIAN_POINT('',(37.,32.,39.5));
#2214 = VECTOR('',#2215,1.);
#2215 = DIRECTION('',(-1.,0.,-3.330669073875E-16));
#2216 = ORIENTED_EDGE('',*,*,#2217,.F.);
#2217 = EDGE_CURVE('',#2192,#2210,#2218,.T.);
#2218 = LINE('',#2219,#2220);
#2219 = CARTESIAN_POINT('',(21.,7.,39.5));
#2220 = VECTOR('',#2221,1.);
#2221 = DIRECTION('',(1.848892746612E-30,1.,-5.551115123126E-15));
#2222 = FACE_BOUND('',#2223,.F.);
#2223 = EDGE_LOOP('',(#2224,#2234,#2242,#2250));
#2224 = ORIENTED_EDGE('',*,*,#2225,.T.);
#2225 = EDGE_CURVE('',#2226,#2228,#2230,.T.);
#2226 = VERTEX_POINT('',#2227);
#2227 = CARTESIAN_POINT('',(13.,14.,39.5));
#2228 = VERTEX_POINT('',#2229);
#2229 = CARTESIAN_POINT('',(10.,14.,39.5));
#2230 = LINE('',#2231,#2232);
#2231 = CARTESIAN_POINT('',(33.,14.,39.5));
#2232 = VECTOR('',#2233,1.);
#2233 = DIRECTION('',(-1.,0.,-3.330669073875E-16));
#2234 = ORIENTED_EDGE('',*,*,#2235,.T.);
#2235 = EDGE_CURVE('',#2228,#2236,#2238,.T.);
#2236 = VERTEX_POINT('',#2237);
#2237 = CARTESIAN_POINT('',(10.,32.,39.5));
#2238 = LINE('',#2239,#2240);
#2239 = CARTESIAN_POINT('',(10.,7.,39.5));
#2240 = VECTOR('',#2241,1.);
#2241 = DIRECTION('',(1.848892746612E-30,1.,-5.551115123126E-15));
#2242 = ORIENTED_EDGE('',*,*,#2243,.F.);
#2243 = EDGE_CURVE('',#2244,#2236,#2246,.T.);
#2244 = VERTEX_POINT('',#2245);
#2245 = CARTESIAN_POINT('',(13.,32.,39.5));
#2246 = LINE('',#2247,#2248);
#2247 = CARTESIAN_POINT('',(33.,32.,39.5));
#2248 = VECTOR('',#2249,1.);
#2249 = DIRECTION('',(-1.,0.,-3.330669073875E-16));
#2250 = ORIENTED_EDGE('',*,*,#2251,.F.);
#2251 = EDGE_CURVE('',#2226,#2244,#2252,.T.);
#2252 = LINE('',#2253,#2254);
#2253 = CARTESIAN_POINT('',(13.,7.,39.5));
#2254 = VECTOR('',#2255,1.);
#2255 = DIRECTION('',(1.848892746612E-30,1.,-5.551115123126E-15));
#2256 = FACE_BOUND('',#2257,.F.);
#2257 = EDGE_LOOP('',(#2258,#2268,#2276,#2284));
#2258 = ORIENTED_EDGE('',*,*,#2259,.T.);
#2259 = EDGE_CURVE('',#2260,#2262,#2264,.T.);
#2260 = VERTEX_POINT('',#2261);
#2261 = CARTESIAN_POINT('',(5.,14.,39.5));
#2262 = VERTEX_POINT('',#2263);
#2263 = CARTESIAN_POINT('',(2.,14.,39.5));
#2264 = LINE('',#2265,#2266);
#2265 = CARTESIAN_POINT('',(29.,14.,39.5));
#2266 = VECTOR('',#2267,1.);
#2267 = DIRECTION('',(-1.,0.,-3.330669073875E-16));
#2268 = ORIENTED_EDGE('',*,*,#2269,.T.);
#2269 = EDGE_CURVE('',#2262,#2270,#2272,.T.);
#2270 = VERTEX_POINT('',#2271);
#2271 = CARTESIAN_POINT('',(2.,32.,39.5));
#2272 = LINE('',#2273,#2274);
#2273 = CARTESIAN_POINT('',(2.,7.,39.5));
#2274 = VECTOR('',#2275,1.);
#2275 = DIRECTION('',(1.848892746612E-30,1.,-5.551115123126E-15));
#2276 = ORIENTED_EDGE('',*,*,#2277,.F.);
#2277 = EDGE_CURVE('',#2278,#2270,#2280,.T.);
#2278 = VERTEX_POINT('',#2279);
#2279 = CARTESIAN_POINT('',(5.,32.,39.5));
#2280 = LINE('',#2281,#2282);
#2281 = CARTESIAN_POINT('',(29.,32.,39.5));
#2282 = VECTOR('',#2283,1.);
#2283 = DIRECTION('',(-1.,0.,-3.330669073875E-16));
#2284 = ORIENTED_EDGE('',*,*,#2285,.F.);
#2285 = EDGE_CURVE('',#2260,#2278,#2286,.T.);
#2286 = LINE('',#2287,#2288);
#2287 = CARTESIAN_POINT('',(5.,7.,39.5));
#2288 = VECTOR('',#2289,1.);
#2289 = DIRECTION('',(1.848892746612E-30,1.,-5.551115123126E-15));
#2290 = FACE_BOUND('',#2291,.F.);
#2291 = EDGE_LOOP('',(#2292,#2302,#2310,#2318));
#2292 = ORIENTED_EDGE('',*,*,#2293,.T.);
#2293 = EDGE_CURVE('',#2294,#2296,#2298,.T.);
#2294 = VERTEX_POINT('',#2295);
#2295 = CARTESIAN_POINT('',(-3.,14.,39.5));
#2296 = VERTEX_POINT('',#2297);
#2297 = CARTESIAN_POINT('',(-6.,14.,39.5));
#2298 = LINE('',#2299,#2300);
#2299 = CARTESIAN_POINT('',(25.,14.,39.5));
#2300 = VECTOR('',#2301,1.);
#2301 = DIRECTION('',(-1.,0.,-3.330669073875E-16));
#2302 = ORIENTED_EDGE('',*,*,#2303,.T.);
#2303 = EDGE_CURVE('',#2296,#2304,#2306,.T.);
#2304 = VERTEX_POINT('',#2305);
#2305 = CARTESIAN_POINT('',(-6.,32.,39.5));
#2306 = LINE('',#2307,#2308);
#2307 = CARTESIAN_POINT('',(-6.,7.,39.5));
#2308 = VECTOR('',#2309,1.);
#2309 = DIRECTION('',(1.848892746612E-30,1.,-5.551115123126E-15));
#2310 = ORIENTED_EDGE('',*,*,#2311,.F.);
#2311 = EDGE_CURVE('',#2312,#2304,#2314,.T.);
#2312 = VERTEX_POINT('',#2313);
#2313 = CARTESIAN_POINT('',(-3.,32.,39.5));
#2314 = LINE('',#2315,#2316);
#2315 = CARTESIAN_POINT('',(25.,32.,39.5));
#2316 = VECTOR('',#2317,1.);
#2317 = DIRECTION('',(-1.,0.,-3.330669073875E-16));
#2318 = ORIENTED_EDGE('',*,*,#2319,.F.);
#2319 = EDGE_CURVE('',#2294,#2312,#2320,.T.);
#2320 = LINE('',#2321,#2322);
#2321 = CARTESIAN_POINT('',(-3.,7.,39.5));
#2322 = VECTOR('',#2323,1.);
#2323 = DIRECTION('',(1.848892746612E-30,1.,-5.551115123126E-15));
#2324 = FACE_BOUND('',#2325,.F.);
#2325 = EDGE_LOOP('',(#2326,#2336,#2344,#2352));
#2326 = ORIENTED_EDGE('',*,*,#2327,.T.);
#2327 = EDGE_CURVE('',#2328,#2330,#2332,.T.);
#2328 = VERTEX_POINT('',#2329);
#2329 = CARTESIAN_POINT('',(-11.,14.,39.5));
#2330 = VERTEX_POINT('',#2331);
#2331 = CARTESIAN_POINT('',(-14.,14.,39.5));
#2332 = LINE('',#2333,#2334);
#2333 = CARTESIAN_POINT('',(21.,14.,39.5));
#2334 = VECTOR('',#2335,1.);
#2335 = DIRECTION('',(-1.,0.,-3.330669073875E-16));
#2336 = ORIENTED_EDGE('',*,*,#2337,.T.);
#2337 = EDGE_CURVE('',#2330,#2338,#2340,.T.);
#2338 = VERTEX_POINT('',#2339);
#2339 = CARTESIAN_POINT('',(-14.,32.,39.5));
#2340 = LINE('',#2341,#2342);
#2341 = CARTESIAN_POINT('',(-14.,7.,39.5));
#2342 = VECTOR('',#2343,1.);
#2343 = DIRECTION('',(1.848892746612E-30,1.,-5.551115123126E-15));
#2344 = ORIENTED_EDGE('',*,*,#2345,.F.);
#2345 = EDGE_CURVE('',#2346,#2338,#2348,.T.);
#2346 = VERTEX_POINT('',#2347);
#2347 = CARTESIAN_POINT('',(-11.,32.,39.5));
#2348 = LINE('',#2349,#2350);
#2349 = CARTESIAN_POINT('',(21.,32.,39.5));
#2350 = VECTOR('',#2351,1.);
#2351 = DIRECTION('',(-1.,0.,-3.330669073875E-16));
#2352 = ORIENTED_EDGE('',*,*,#2353,.F.);
#2353 = EDGE_CURVE('',#2328,#2346,#2354,.T.);
#2354 = LINE('',#2355,#2356);
#2355 = CARTESIAN_POINT('',(-11.,7.,39.5));
#2356 = VECTOR('',#2357,1.);
#2357 = DIRECTION('',(1.848892746612E-30,1.,-5.551115123126E-15));
#2358 = FACE_BOUND('',#2359,.F.);
#2359 = EDGE_LOOP('',(#2360,#2370,#2378,#2386));
#2360 = ORIENTED_EDGE('',*,*,#2361,.T.);
#2361 = EDGE_CURVE('',#2362,#2364,#2366,.T.);
#2362 = VERTEX_POINT('',#2363);
#2363 = CARTESIAN_POINT('',(-19.,14.,39.5));
#2364 = VERTEX_POINT('',#2365);
#2365 = CARTESIAN_POINT('',(-22.,14.,39.5));
#2366 = LINE('',#2367,#2368);
#2367 = CARTESIAN_POINT('',(17.,14.,39.5));
#2368 = VECTOR('',#2369,1.);
#2369 = DIRECTION('',(-1.,0.,-3.330669073875E-16));
#2370 = ORIENTED_EDGE('',*,*,#2371,.T.);
#2371 = EDGE_CURVE('',#2364,#2372,#2374,.T.);
#2372 = VERTEX_POINT('',#2373);
#2373 = CARTESIAN_POINT('',(-22.,32.,39.5));
#2374 = LINE('',#2375,#2376);
#2375 = CARTESIAN_POINT('',(-22.,7.,39.5));
#2376 = VECTOR('',#2377,1.);
#2377 = DIRECTION('',(1.848892746612E-30,1.,-5.551115123126E-15));
#2378 = ORIENTED_EDGE('',*,*,#2379,.F.);
#2379 = EDGE_CURVE('',#2380,#2372,#2382,.T.);
#2380 = VERTEX_POINT('',#2381);
#2381 = CARTESIAN_POINT('',(-19.,32.,39.5));
#2382 = LINE('',#2383,#2384);
#2383 = CARTESIAN_POINT('',(17.,32.,39.5));
#2384 = VECTOR('',#2385,1.);
#2385 = DIRECTION('',(-1.,0.,-3.330669073875E-16));
#2386 = ORIENTED_EDGE('',*,*,#2387,.F.);
#2387 = EDGE_CURVE('',#2362,#2380,#2388,.T.);
#2388 = LINE('',#2389,#2390);
#2389 = CARTESIAN_POINT('',(-19.,7.,39.5));
#2390 = VECTOR('',#2391,1.);
#2391 = DIRECTION('',(1.848892746612E-30,1.,-5.551115123126E-15));
#2392 = PLANE('',#2393);
#2393 = AXIS2_PLACEMENT_3D('',#2394,#2395,#2396);
#2394 = CARTESIAN_POINT('',(56.,2.22044604925E-13,39.5));
#2395 = DIRECTION('',(-3.330669073875E-16,5.551115123126E-15,1.));
#2396 = DIRECTION('',(-1.,0.,-3.330669073875E-16));
#2397 = ADVANCED_FACE('',(#2398),#2417,.F.);
#2398 = FACE_BOUND('',#2399,.T.);
#2399 = EDGE_LOOP('',(#2400,#2401,#2402,#2411));
#2400 = ORIENTED_EDGE('',*,*,#548,.T.);
#2401 = ORIENTED_EDGE('',*,*,#2174,.F.);
#2402 = ORIENTED_EDGE('',*,*,#2403,.F.);
#2403 = EDGE_CURVE('',#2404,#2175,#2406,.T.);
#2404 = VERTEX_POINT('',#2405);
#2405 = CARTESIAN_POINT('',(-53.5,2.5,34.));
#2406 = CIRCLE('',#2407,5.5);
#2407 = AXIS2_PLACEMENT_3D('',#2408,#2409,#2410);
#2408 = CARTESIAN_POINT('',(-48.,2.5,34.));
#2409 = DIRECTION('',(1.848892746612E-30,1.,-5.551115123126E-15));
#2410 = DIRECTION('',(-3.330669073875E-16,5.551115123126E-15,1.));
#2411 = ORIENTED_EDGE('',*,*,#2412,.T.);
#2412 = EDGE_CURVE('',#2404,#549,#2413,.T.);
#2413 = LINE('',#2414,#2415);
#2414 = CARTESIAN_POINT('',(-53.5,1.918465386552E-13,34.));
#2415 = VECTOR('',#2416,1.);
#2416 = DIRECTION('',(1.577721810442E-30,1.,-5.551115123126E-15));
#2417 = CYLINDRICAL_SURFACE('',#2418,5.5);
#2418 = AXIS2_PLACEMENT_3D('',#2419,#2420,#2421);
#2419 = CARTESIAN_POINT('',(-48.,1.918465386552E-13,34.));
#2420 = DIRECTION('',(1.577721810442E-30,1.,-5.551115123126E-15));
#2421 = DIRECTION('',(-3.330669073875E-16,5.551115123126E-15,1.));
#2422 = ADVANCED_FACE('',(#2423,#2441,#2475,#2509,#2543,#2577),#2611,.F.
  );
#2423 = FACE_BOUND('',#2424,.F.);
#2424 = EDGE_LOOP('',(#2425,#2426,#2434,#2440));
#2425 = ORIENTED_EDGE('',*,*,#557,.F.);
#2426 = ORIENTED_EDGE('',*,*,#2427,.F.);
#2427 = EDGE_CURVE('',#2428,#558,#2430,.T.);
#2428 = VERTEX_POINT('',#2429);
#2429 = CARTESIAN_POINT('',(-53.5,2.5,-34.));
#2430 = LINE('',#2431,#2432);
#2431 = CARTESIAN_POINT('',(-53.5,-1.847411112976E-13,-34.));
#2432 = VECTOR('',#2433,1.);
#2433 = DIRECTION('',(1.577721810442E-30,1.,-5.551115123126E-15));
#2434 = ORIENTED_EDGE('',*,*,#2435,.T.);
#2435 = EDGE_CURVE('',#2428,#2404,#2436,.T.);
#2436 = LINE('',#2437,#2438);
#2437 = CARTESIAN_POINT('',(-53.5,2.5,21.));
#2438 = VECTOR('',#2439,1.);
#2439 = DIRECTION('',(-3.330669073875E-16,5.329070518201E-15,1.));
#2440 = ORIENTED_EDGE('',*,*,#2412,.T.);
#2441 = FACE_BOUND('',#2442,.F.);
#2442 = EDGE_LOOP('',(#2443,#2453,#2461,#2469));
#2443 = ORIENTED_EDGE('',*,*,#2444,.F.);
#2444 = EDGE_CURVE('',#2445,#2447,#2449,.T.);
#2445 = VERTEX_POINT('',#2446);
#2446 = CARTESIAN_POINT('',(-53.5,40.,15.));
#2447 = VERTEX_POINT('',#2448);
#2448 = CARTESIAN_POINT('',(-53.5,43.,15.));
#2449 = LINE('',#2450,#2451);
#2450 = CARTESIAN_POINT('',(-53.5,20.,15.));
#2451 = VECTOR('',#2452,1.);
#2452 = DIRECTION('',(0.,1.,0.));
#2453 = ORIENTED_EDGE('',*,*,#2454,.T.);
#2454 = EDGE_CURVE('',#2445,#2455,#2457,.T.);
#2455 = VERTEX_POINT('',#2456);
#2456 = CARTESIAN_POINT('',(-53.5,40.,-15.));
#2457 = LINE('',#2458,#2459);
#2458 = CARTESIAN_POINT('',(-53.5,40.,13.5));
#2459 = VECTOR('',#2460,1.);
#2460 = DIRECTION('',(3.330669073875E-16,0.,-1.));
#2461 = ORIENTED_EDGE('',*,*,#2462,.T.);
#2462 = EDGE_CURVE('',#2455,#2463,#2465,.T.);
#2463 = VERTEX_POINT('',#2464);
#2464 = CARTESIAN_POINT('',(-53.5,43.,-15.));
#2465 = LINE('',#2466,#2467);
#2466 = CARTESIAN_POINT('',(-53.5,20.,-15.));
#2467 = VECTOR('',#2468,1.);
#2468 = DIRECTION('',(0.,1.,0.));
#2469 = ORIENTED_EDGE('',*,*,#2470,.F.);
#2470 = EDGE_CURVE('',#2447,#2463,#2471,.T.);
#2471 = LINE('',#2472,#2473);
#2472 = CARTESIAN_POINT('',(-53.5,43.,13.5));
#2473 = VECTOR('',#2474,1.);
#2474 = DIRECTION('',(3.330669073875E-16,0.,-1.));
#2475 = FACE_BOUND('',#2476,.F.);
#2476 = EDGE_LOOP('',(#2477,#2487,#2495,#2503));
#2477 = ORIENTED_EDGE('',*,*,#2478,.F.);
#2478 = EDGE_CURVE('',#2479,#2481,#2483,.T.);
#2479 = VERTEX_POINT('',#2480);
#2480 = CARTESIAN_POINT('',(-53.5,34.,15.));
#2481 = VERTEX_POINT('',#2482);
#2482 = CARTESIAN_POINT('',(-53.5,37.,15.));
#2483 = LINE('',#2484,#2485);
#2484 = CARTESIAN_POINT('',(-53.5,17.,15.));
#2485 = VECTOR('',#2486,1.);
#2486 = DIRECTION('',(0.,1.,0.));
#2487 = ORIENTED_EDGE('',*,*,#2488,.T.);
#2488 = EDGE_CURVE('',#2479,#2489,#2491,.T.);
#2489 = VERTEX_POINT('',#2490);
#2490 = CARTESIAN_POINT('',(-53.5,34.,-15.));
#2491 = LINE('',#2492,#2493);
#2492 = CARTESIAN_POINT('',(-53.5,34.,13.5));
#2493 = VECTOR('',#2494,1.);
#2494 = DIRECTION('',(3.330669073875E-16,0.,-1.));
#2495 = ORIENTED_EDGE('',*,*,#2496,.T.);
#2496 = EDGE_CURVE('',#2489,#2497,#2499,.T.);
#2497 = VERTEX_POINT('',#2498);
#2498 = CARTESIAN_POINT('',(-53.5,37.,-15.));
#2499 = LINE('',#2500,#2501);
#2500 = CARTESIAN_POINT('',(-53.5,17.,-15.));
#2501 = VECTOR('',#2502,1.);
#2502 = DIRECTION('',(0.,1.,0.));
#2503 = ORIENTED_EDGE('',*,*,#2504,.F.);
#2504 = EDGE_CURVE('',#2481,#2497,#2505,.T.);
#2505 = LINE('',#2506,#2507);
#2506 = CARTESIAN_POINT('',(-53.5,37.,13.5));
#2507 = VECTOR('',#2508,1.);
#2508 = DIRECTION('',(3.330669073875E-16,0.,-1.));
#2509 = FACE_BOUND('',#2510,.F.);
#2510 = EDGE_LOOP('',(#2511,#2521,#2529,#2537));
#2511 = ORIENTED_EDGE('',*,*,#2512,.F.);
#2512 = EDGE_CURVE('',#2513,#2515,#2517,.T.);
#2513 = VERTEX_POINT('',#2514);
#2514 = CARTESIAN_POINT('',(-53.5,28.,15.));
#2515 = VERTEX_POINT('',#2516);
#2516 = CARTESIAN_POINT('',(-53.5,31.,15.));
#2517 = LINE('',#2518,#2519);
#2518 = CARTESIAN_POINT('',(-53.5,14.,15.));
#2519 = VECTOR('',#2520,1.);
#2520 = DIRECTION('',(0.,1.,0.));
#2521 = ORIENTED_EDGE('',*,*,#2522,.T.);
#2522 = EDGE_CURVE('',#2513,#2523,#2525,.T.);
#2523 = VERTEX_POINT('',#2524);
#2524 = CARTESIAN_POINT('',(-53.5,28.,-15.));
#2525 = LINE('',#2526,#2527);
#2526 = CARTESIAN_POINT('',(-53.5,28.,13.5));
#2527 = VECTOR('',#2528,1.);
#2528 = DIRECTION('',(3.330669073875E-16,0.,-1.));
#2529 = ORIENTED_EDGE('',*,*,#2530,.T.);
#2530 = EDGE_CURVE('',#2523,#2531,#2533,.T.);
#2531 = VERTEX_POINT('',#2532);
#2532 = CARTESIAN_POINT('',(-53.5,31.,-15.));
#2533 = LINE('',#2534,#2535);
#2534 = CARTESIAN_POINT('',(-53.5,14.,-15.));
#2535 = VECTOR('',#2536,1.);
#2536 = DIRECTION('',(0.,1.,0.));
#2537 = ORIENTED_EDGE('',*,*,#2538,.F.);
#2538 = EDGE_CURVE('',#2515,#2531,#2539,.T.);
#2539 = LINE('',#2540,#2541);
#2540 = CARTESIAN_POINT('',(-53.5,31.,13.5));
#2541 = VECTOR('',#2542,1.);
#2542 = DIRECTION('',(3.330669073875E-16,0.,-1.));
#2543 = FACE_BOUND('',#2544,.F.);
#2544 = EDGE_LOOP('',(#2545,#2555,#2563,#2571));
#2545 = ORIENTED_EDGE('',*,*,#2546,.F.);
#2546 = EDGE_CURVE('',#2547,#2549,#2551,.T.);
#2547 = VERTEX_POINT('',#2548);
#2548 = CARTESIAN_POINT('',(-53.5,22.,15.));
#2549 = VERTEX_POINT('',#2550);
#2550 = CARTESIAN_POINT('',(-53.5,25.,15.));
#2551 = LINE('',#2552,#2553);
#2552 = CARTESIAN_POINT('',(-53.5,11.,15.));
#2553 = VECTOR('',#2554,1.);
#2554 = DIRECTION('',(0.,1.,0.));
#2555 = ORIENTED_EDGE('',*,*,#2556,.T.);
#2556 = EDGE_CURVE('',#2547,#2557,#2559,.T.);
#2557 = VERTEX_POINT('',#2558);
#2558 = CARTESIAN_POINT('',(-53.5,22.,-15.));
#2559 = LINE('',#2560,#2561);
#2560 = CARTESIAN_POINT('',(-53.5,22.,13.5));
#2561 = VECTOR('',#2562,1.);
#2562 = DIRECTION('',(3.330669073875E-16,0.,-1.));
#2563 = ORIENTED_EDGE('',*,*,#2564,.T.);
#2564 = EDGE_CURVE('',#2557,#2565,#2567,.T.);
#2565 = VERTEX_POINT('',#2566);
#2566 = CARTESIAN_POINT('',(-53.5,25.,-15.));
#2567 = LINE('',#2568,#2569);
#2568 = CARTESIAN_POINT('',(-53.5,11.,-15.));
#2569 = VECTOR('',#2570,1.);
#2570 = DIRECTION('',(0.,1.,0.));
#2571 = ORIENTED_EDGE('',*,*,#2572,.F.);
#2572 = EDGE_CURVE('',#2549,#2565,#2573,.T.);
#2573 = LINE('',#2574,#2575);
#2574 = CARTESIAN_POINT('',(-53.5,25.,13.5));
#2575 = VECTOR('',#2576,1.);
#2576 = DIRECTION('',(3.330669073875E-16,0.,-1.));
#2577 = FACE_BOUND('',#2578,.F.);
#2578 = EDGE_LOOP('',(#2579,#2589,#2597,#2605));
#2579 = ORIENTED_EDGE('',*,*,#2580,.F.);
#2580 = EDGE_CURVE('',#2581,#2583,#2585,.T.);
#2581 = VERTEX_POINT('',#2582);
#2582 = CARTESIAN_POINT('',(-53.5,16.,15.));
#2583 = VERTEX_POINT('',#2584);
#2584 = CARTESIAN_POINT('',(-53.5,19.,15.));
#2585 = LINE('',#2586,#2587);
#2586 = CARTESIAN_POINT('',(-53.5,8.,15.));
#2587 = VECTOR('',#2588,1.);
#2588 = DIRECTION('',(0.,1.,0.));
#2589 = ORIENTED_EDGE('',*,*,#2590,.T.);
#2590 = EDGE_CURVE('',#2581,#2591,#2593,.T.);
#2591 = VERTEX_POINT('',#2592);
#2592 = CARTESIAN_POINT('',(-53.5,16.,-15.));
#2593 = LINE('',#2594,#2595);
#2594 = CARTESIAN_POINT('',(-53.5,16.,13.5));
#2595 = VECTOR('',#2596,1.);
#2596 = DIRECTION('',(3.330669073875E-16,0.,-1.));
#2597 = ORIENTED_EDGE('',*,*,#2598,.T.);
#2598 = EDGE_CURVE('',#2591,#2599,#2601,.T.);
#2599 = VERTEX_POINT('',#2600);
#2600 = CARTESIAN_POINT('',(-53.5,19.,-15.));
#2601 = LINE('',#2602,#2603);
#2602 = CARTESIAN_POINT('',(-53.5,8.,-15.));
#2603 = VECTOR('',#2604,1.);
#2604 = DIRECTION('',(0.,1.,0.));
#2605 = ORIENTED_EDGE('',*,*,#2606,.F.);
#2606 = EDGE_CURVE('',#2583,#2599,#2607,.T.);
#2607 = LINE('',#2608,#2609);
#2608 = CARTESIAN_POINT('',(-53.5,19.,13.5));
#2609 = VECTOR('',#2610,1.);
#2610 = DIRECTION('',(3.330669073875E-16,0.,-1.));
#2611 = PLANE('',#2612);
#2612 = AXIS2_PLACEMENT_3D('',#2613,#2614,#2615);
#2613 = CARTESIAN_POINT('',(-53.5,2.362554596402E-13,42.));
#2614 = DIRECTION('',(-1.,0.,-3.330669073875E-16));
#2615 = DIRECTION('',(3.330669073875E-16,-5.551115123126E-15,-1.));
#2616 = ADVANCED_FACE('',(#2617),#2636,.F.);
#2617 = FACE_BOUND('',#2618,.F.);
#2618 = EDGE_LOOP('',(#2619,#2620,#2628,#2635));
#2619 = ORIENTED_EDGE('',*,*,#565,.F.);
#2620 = ORIENTED_EDGE('',*,*,#2621,.F.);
#2621 = EDGE_CURVE('',#2622,#566,#2624,.T.);
#2622 = VERTEX_POINT('',#2623);
#2623 = CARTESIAN_POINT('',(-48.,2.5,-39.5));
#2624 = LINE('',#2625,#2626);
#2625 = CARTESIAN_POINT('',(-48.,-2.149391775674E-13,-39.5));
#2626 = VECTOR('',#2627,1.);
#2627 = DIRECTION('',(1.577721810442E-30,1.,-5.551115123126E-15));
#2628 = ORIENTED_EDGE('',*,*,#2629,.T.);
#2629 = EDGE_CURVE('',#2622,#2428,#2630,.T.);
#2630 = CIRCLE('',#2631,5.5);
#2631 = AXIS2_PLACEMENT_3D('',#2632,#2633,#2634);
#2632 = CARTESIAN_POINT('',(-48.,2.5,-34.));
#2633 = DIRECTION('',(1.848892746612E-30,1.,-5.551115123126E-15));
#2634 = DIRECTION('',(3.330669073875E-16,-5.551115123126E-15,-1.));
#2635 = ORIENTED_EDGE('',*,*,#2427,.T.);
#2636 = CYLINDRICAL_SURFACE('',#2637,5.5);
#2637 = AXIS2_PLACEMENT_3D('',#2638,#2639,#2640);
#2638 = CARTESIAN_POINT('',(-48.,-1.847411112976E-13,-34.));
#2639 = DIRECTION('',(1.577721810442E-30,1.,-5.551115123126E-15));
#2640 = DIRECTION('',(3.330669073875E-16,-5.551115123126E-15,-1.));
#2641 = ADVANCED_FACE('',(#2642,#2660,#2666,#2672,#2678,#2684,#2690,
    #2696),#2702,.F.);
#2642 = FACE_BOUND('',#2643,.F.);
#2643 = EDGE_LOOP('',(#2644,#2652,#2653,#2654));
#2644 = ORIENTED_EDGE('',*,*,#2645,.F.);
#2645 = EDGE_CURVE('',#2622,#2646,#2648,.T.);
#2646 = VERTEX_POINT('',#2647);
#2647 = CARTESIAN_POINT('',(48.,2.5,-39.5));
#2648 = LINE('',#2649,#2650);
#2649 = CARTESIAN_POINT('',(-28.,2.5,-39.5));
#2650 = VECTOR('',#2651,1.);
#2651 = DIRECTION('',(1.,0.,3.330669073875E-16));
#2652 = ORIENTED_EDGE('',*,*,#2621,.T.);
#2653 = ORIENTED_EDGE('',*,*,#574,.F.);
#2654 = ORIENTED_EDGE('',*,*,#2655,.F.);
#2655 = EDGE_CURVE('',#2646,#575,#2656,.T.);
#2656 = LINE('',#2657,#2658);
#2657 = CARTESIAN_POINT('',(48.,-2.149391775674E-13,-39.5));
#2658 = VECTOR('',#2659,1.);
#2659 = DIRECTION('',(1.577721810442E-30,1.,-5.551115123126E-15));
#2660 = FACE_BOUND('',#2661,.F.);
#2661 = EDGE_LOOP('',(#2662,#2663,#2664,#2665));
#2662 = ORIENTED_EDGE('',*,*,#622,.F.);
#2663 = ORIENTED_EDGE('',*,*,#646,.T.);
#2664 = ORIENTED_EDGE('',*,*,#687,.T.);
#2665 = ORIENTED_EDGE('',*,*,#670,.F.);
#2666 = FACE_BOUND('',#2667,.F.);
#2667 = EDGE_LOOP('',(#2668,#2669,#2670,#2671));
#2668 = ORIENTED_EDGE('',*,*,#718,.F.);
#2669 = ORIENTED_EDGE('',*,*,#742,.T.);
#2670 = ORIENTED_EDGE('',*,*,#783,.T.);
#2671 = ORIENTED_EDGE('',*,*,#766,.F.);
#2672 = FACE_BOUND('',#2673,.F.);
#2673 = EDGE_LOOP('',(#2674,#2675,#2676,#2677));
#2674 = ORIENTED_EDGE('',*,*,#814,.F.);
#2675 = ORIENTED_EDGE('',*,*,#838,.T.);
#2676 = ORIENTED_EDGE('',*,*,#879,.T.);
#2677 = ORIENTED_EDGE('',*,*,#862,.F.);
#2678 = FACE_BOUND('',#2679,.F.);
#2679 = EDGE_LOOP('',(#2680,#2681,#2682,#2683));
#2680 = ORIENTED_EDGE('',*,*,#910,.F.);
#2681 = ORIENTED_EDGE('',*,*,#934,.T.);
#2682 = ORIENTED_EDGE('',*,*,#975,.T.);
#2683 = ORIENTED_EDGE('',*,*,#958,.F.);
#2684 = FACE_BOUND('',#2685,.F.);
#2685 = EDGE_LOOP('',(#2686,#2687,#2688,#2689));
#2686 = ORIENTED_EDGE('',*,*,#1006,.F.);
#2687 = ORIENTED_EDGE('',*,*,#1030,.T.);
#2688 = ORIENTED_EDGE('',*,*,#1071,.T.);
#2689 = ORIENTED_EDGE('',*,*,#1054,.F.);
#2690 = FACE_BOUND('',#2691,.F.);
#2691 = EDGE_LOOP('',(#2692,#2693,#2694,#2695));
#2692 = ORIENTED_EDGE('',*,*,#1102,.F.);
#2693 = ORIENTED_EDGE('',*,*,#1126,.T.);
#2694 = ORIENTED_EDGE('',*,*,#1167,.T.);
#2695 = ORIENTED_EDGE('',*,*,#1150,.F.);
#2696 = FACE_BOUND('',#2697,.F.);
#2697 = EDGE_LOOP('',(#2698,#2699,#2700,#2701));
#2698 = ORIENTED_EDGE('',*,*,#1198,.F.);
#2699 = ORIENTED_EDGE('',*,*,#1263,.T.);
#2700 = ORIENTED_EDGE('',*,*,#1246,.T.);
#2701 = ORIENTED_EDGE('',*,*,#1222,.F.);
#2702 = PLANE('',#2703);
#2703 = AXIS2_PLACEMENT_3D('',#2704,#2705,#2706);
#2704 = CARTESIAN_POINT('',(-56.,-2.149391775674E-13,-39.5));
#2705 = DIRECTION('',(3.330669073875E-16,-5.551115123126E-15,-1.));
#2706 = DIRECTION('',(1.,0.,3.330669073875E-16));
#2707 = ADVANCED_FACE('',(#2708),#2727,.F.);
#2708 = FACE_BOUND('',#2709,.T.);
#2709 = EDGE_LOOP('',(#2710,#2711,#2712,#2721));
#2710 = ORIENTED_EDGE('',*,*,#582,.T.);
#2711 = ORIENTED_EDGE('',*,*,#2655,.F.);
#2712 = ORIENTED_EDGE('',*,*,#2713,.F.);
#2713 = EDGE_CURVE('',#2714,#2646,#2716,.T.);
#2714 = VERTEX_POINT('',#2715);
#2715 = CARTESIAN_POINT('',(53.5,2.5,-34.));
#2716 = CIRCLE('',#2717,5.5);
#2717 = AXIS2_PLACEMENT_3D('',#2718,#2719,#2720);
#2718 = CARTESIAN_POINT('',(48.,2.5,-34.));
#2719 = DIRECTION('',(1.848892746612E-30,1.,-5.551115123126E-15));
#2720 = DIRECTION('',(3.330669073875E-16,-5.551115123126E-15,-1.));
#2721 = ORIENTED_EDGE('',*,*,#2722,.T.);
#2722 = EDGE_CURVE('',#2714,#583,#2723,.T.);
#2723 = LINE('',#2724,#2725);
#2724 = CARTESIAN_POINT('',(53.5,-1.829647544582E-13,-34.));
#2725 = VECTOR('',#2726,1.);
#2726 = DIRECTION('',(1.577721810442E-30,1.,-5.551115123126E-15));
#2727 = CYLINDRICAL_SURFACE('',#2728,5.5);
#2728 = AXIS2_PLACEMENT_3D('',#2729,#2730,#2731);
#2729 = CARTESIAN_POINT('',(48.,-1.847411112976E-13,-34.));
#2730 = DIRECTION('',(1.577721810442E-30,1.,-5.551115123126E-15));
#2731 = DIRECTION('',(3.330669073875E-16,-5.551115123126E-15,-1.));
#2732 = ADVANCED_FACE('',(#2733,#2744,#2778,#2812,#2846,#2880),#2914,.F.
  );
#2733 = FACE_BOUND('',#2734,.F.);
#2734 = EDGE_LOOP('',(#2735,#2736,#2737,#2743));
#2735 = ORIENTED_EDGE('',*,*,#591,.F.);
#2736 = ORIENTED_EDGE('',*,*,#2142,.F.);
#2737 = ORIENTED_EDGE('',*,*,#2738,.T.);
#2738 = EDGE_CURVE('',#2143,#2714,#2739,.T.);
#2739 = LINE('',#2740,#2741);
#2740 = CARTESIAN_POINT('',(53.5,2.5,-21.));
#2741 = VECTOR('',#2742,1.);
#2742 = DIRECTION('',(3.330669073875E-16,-5.329070518201E-15,-1.));
#2743 = ORIENTED_EDGE('',*,*,#2722,.T.);
#2744 = FACE_BOUND('',#2745,.F.);
#2745 = EDGE_LOOP('',(#2746,#2756,#2764,#2772));
#2746 = ORIENTED_EDGE('',*,*,#2747,.T.);
#2747 = EDGE_CURVE('',#2748,#2750,#2752,.T.);
#2748 = VERTEX_POINT('',#2749);
#2749 = CARTESIAN_POINT('',(53.5,43.,-15.));
#2750 = VERTEX_POINT('',#2751);
#2751 = CARTESIAN_POINT('',(53.5,40.,-15.));
#2752 = LINE('',#2753,#2754);
#2753 = CARTESIAN_POINT('',(53.5,20.,-15.));
#2754 = VECTOR('',#2755,1.);
#2755 = DIRECTION('',(-0.,-1.,0.));
#2756 = ORIENTED_EDGE('',*,*,#2757,.T.);
#2757 = EDGE_CURVE('',#2750,#2758,#2760,.T.);
#2758 = VERTEX_POINT('',#2759);
#2759 = CARTESIAN_POINT('',(53.5,40.,15.));
#2760 = LINE('',#2761,#2762);
#2761 = CARTESIAN_POINT('',(53.5,40.,-28.5));
#2762 = VECTOR('',#2763,1.);
#2763 = DIRECTION('',(-3.330669073875E-16,0.,1.));
#2764 = ORIENTED_EDGE('',*,*,#2765,.F.);
#2765 = EDGE_CURVE('',#2766,#2758,#2768,.T.);
#2766 = VERTEX_POINT('',#2767);
#2767 = CARTESIAN_POINT('',(53.5,43.,15.));
#2768 = LINE('',#2769,#2770);
#2769 = CARTESIAN_POINT('',(53.5,20.,15.));
#2770 = VECTOR('',#2771,1.);
#2771 = DIRECTION('',(-0.,-1.,0.));
#2772 = ORIENTED_EDGE('',*,*,#2773,.F.);
#2773 = EDGE_CURVE('',#2748,#2766,#2774,.T.);
#2774 = LINE('',#2775,#2776);
#2775 = CARTESIAN_POINT('',(53.5,43.,-28.5));
#2776 = VECTOR('',#2777,1.);
#2777 = DIRECTION('',(-3.330669073875E-16,0.,1.));
#2778 = FACE_BOUND('',#2779,.F.);
#2779 = EDGE_LOOP('',(#2780,#2790,#2798,#2806));
#2780 = ORIENTED_EDGE('',*,*,#2781,.T.);
#2781 = EDGE_CURVE('',#2782,#2784,#2786,.T.);
#2782 = VERTEX_POINT('',#2783);
#2783 = CARTESIAN_POINT('',(53.5,37.,-15.));
#2784 = VERTEX_POINT('',#2785);
#2785 = CARTESIAN_POINT('',(53.5,34.,-15.));
#2786 = LINE('',#2787,#2788);
#2787 = CARTESIAN_POINT('',(53.5,17.,-15.));
#2788 = VECTOR('',#2789,1.);
#2789 = DIRECTION('',(-0.,-1.,0.));
#2790 = ORIENTED_EDGE('',*,*,#2791,.T.);
#2791 = EDGE_CURVE('',#2784,#2792,#2794,.T.);
#2792 = VERTEX_POINT('',#2793);
#2793 = CARTESIAN_POINT('',(53.5,34.,15.));
#2794 = LINE('',#2795,#2796);
#2795 = CARTESIAN_POINT('',(53.5,34.,-28.5));
#2796 = VECTOR('',#2797,1.);
#2797 = DIRECTION('',(-3.330669073875E-16,0.,1.));
#2798 = ORIENTED_EDGE('',*,*,#2799,.F.);
#2799 = EDGE_CURVE('',#2800,#2792,#2802,.T.);
#2800 = VERTEX_POINT('',#2801);
#2801 = CARTESIAN_POINT('',(53.5,37.,15.));
#2802 = LINE('',#2803,#2804);
#2803 = CARTESIAN_POINT('',(53.5,17.,15.));
#2804 = VECTOR('',#2805,1.);
#2805 = DIRECTION('',(-0.,-1.,0.));
#2806 = ORIENTED_EDGE('',*,*,#2807,.F.);
#2807 = EDGE_CURVE('',#2782,#2800,#2808,.T.);
#2808 = LINE('',#2809,#2810);
#2809 = CARTESIAN_POINT('',(53.5,37.,-28.5));
#2810 = VECTOR('',#2811,1.);
#2811 = DIRECTION('',(-3.330669073875E-16,0.,1.));
#2812 = FACE_BOUND('',#2813,.F.);
#2813 = EDGE_LOOP('',(#2814,#2824,#2832,#2840));
#2814 = ORIENTED_EDGE('',*,*,#2815,.T.);
#2815 = EDGE_CURVE('',#2816,#2818,#2820,.T.);
#2816 = VERTEX_POINT('',#2817);
#2817 = CARTESIAN_POINT('',(53.5,25.,-15.));
#2818 = VERTEX_POINT('',#2819);
#2819 = CARTESIAN_POINT('',(53.5,22.,-15.));
#2820 = LINE('',#2821,#2822);
#2821 = CARTESIAN_POINT('',(53.5,11.,-15.));
#2822 = VECTOR('',#2823,1.);
#2823 = DIRECTION('',(-0.,-1.,0.));
#2824 = ORIENTED_EDGE('',*,*,#2825,.T.);
#2825 = EDGE_CURVE('',#2818,#2826,#2828,.T.);
#2826 = VERTEX_POINT('',#2827);
#2827 = CARTESIAN_POINT('',(53.5,22.,15.));
#2828 = LINE('',#2829,#2830);
#2829 = CARTESIAN_POINT('',(53.5,22.,-28.5));
#2830 = VECTOR('',#2831,1.);
#2831 = DIRECTION('',(-3.330669073875E-16,0.,1.));
#2832 = ORIENTED_EDGE('',*,*,#2833,.F.);
#2833 = EDGE_CURVE('',#2834,#2826,#2836,.T.);
#2834 = VERTEX_POINT('',#2835);
#2835 = CARTESIAN_POINT('',(53.5,25.,15.));
#2836 = LINE('',#2837,#2838);
#2837 = CARTESIAN_POINT('',(53.5,11.,15.));
#2838 = VECTOR('',#2839,1.);
#2839 = DIRECTION('',(-0.,-1.,0.));
#2840 = ORIENTED_EDGE('',*,*,#2841,.F.);
#2841 = EDGE_CURVE('',#2816,#2834,#2842,.T.);
#2842 = LINE('',#2843,#2844);
#2843 = CARTESIAN_POINT('',(53.5,25.,-28.5));
#2844 = VECTOR('',#2845,1.);
#2845 = DIRECTION('',(-3.330669073875E-16,0.,1.));
#2846 = FACE_BOUND('',#2847,.F.);
#2847 = EDGE_LOOP('',(#2848,#2858,#2866,#2874));
#2848 = ORIENTED_EDGE('',*,*,#2849,.T.);
#2849 = EDGE_CURVE('',#2850,#2852,#2854,.T.);
#2850 = VERTEX_POINT('',#2851);
#2851 = CARTESIAN_POINT('',(53.5,19.,-15.));
#2852 = VERTEX_POINT('',#2853);
#2853 = CARTESIAN_POINT('',(53.5,16.,-15.));
#2854 = LINE('',#2855,#2856);
#2855 = CARTESIAN_POINT('',(53.5,8.,-15.));
#2856 = VECTOR('',#2857,1.);
#2857 = DIRECTION('',(-0.,-1.,0.));
#2858 = ORIENTED_EDGE('',*,*,#2859,.T.);
#2859 = EDGE_CURVE('',#2852,#2860,#2862,.T.);
#2860 = VERTEX_POINT('',#2861);
#2861 = CARTESIAN_POINT('',(53.5,16.,15.));
#2862 = LINE('',#2863,#2864);
#2863 = CARTESIAN_POINT('',(53.5,16.,-28.5));
#2864 = VECTOR('',#2865,1.);
#2865 = DIRECTION('',(-3.330669073875E-16,0.,1.));
#2866 = ORIENTED_EDGE('',*,*,#2867,.F.);
#2867 = EDGE_CURVE('',#2868,#2860,#2870,.T.);
#2868 = VERTEX_POINT('',#2869);
#2869 = CARTESIAN_POINT('',(53.5,19.,15.));
#2870 = LINE('',#2871,#2872);
#2871 = CARTESIAN_POINT('',(53.5,8.,15.));
#2872 = VECTOR('',#2873,1.);
#2873 = DIRECTION('',(-0.,-1.,0.));
#2874 = ORIENTED_EDGE('',*,*,#2875,.F.);
#2875 = EDGE_CURVE('',#2850,#2868,#2876,.T.);
#2876 = LINE('',#2877,#2878);
#2877 = CARTESIAN_POINT('',(53.5,19.,-28.5));
#2878 = VECTOR('',#2879,1.);
#2879 = DIRECTION('',(-3.330669073875E-16,0.,1.));
#2880 = FACE_BOUND('',#2881,.F.);
#2881 = EDGE_LOOP('',(#2882,#2892,#2900,#2908));
#2882 = ORIENTED_EDGE('',*,*,#2883,.T.);
#2883 = EDGE_CURVE('',#2884,#2886,#2888,.T.);
#2884 = VERTEX_POINT('',#2885);
#2885 = CARTESIAN_POINT('',(53.5,31.,-15.));
#2886 = VERTEX_POINT('',#2887);
#2887 = CARTESIAN_POINT('',(53.5,28.,-15.));
#2888 = LINE('',#2889,#2890);
#2889 = CARTESIAN_POINT('',(53.5,14.,-15.));
#2890 = VECTOR('',#2891,1.);
#2891 = DIRECTION('',(-0.,-1.,0.));
#2892 = ORIENTED_EDGE('',*,*,#2893,.T.);
#2893 = EDGE_CURVE('',#2886,#2894,#2896,.T.);
#2894 = VERTEX_POINT('',#2895);
#2895 = CARTESIAN_POINT('',(53.5,28.,15.));
#2896 = LINE('',#2897,#2898);
#2897 = CARTESIAN_POINT('',(53.5,28.,-28.5));
#2898 = VECTOR('',#2899,1.);
#2899 = DIRECTION('',(-3.330669073875E-16,0.,1.));
#2900 = ORIENTED_EDGE('',*,*,#2901,.F.);
#2901 = EDGE_CURVE('',#2902,#2894,#2904,.T.);
#2902 = VERTEX_POINT('',#2903);
#2903 = CARTESIAN_POINT('',(53.5,31.,15.));
#2904 = LINE('',#2905,#2906);
#2905 = CARTESIAN_POINT('',(53.5,14.,15.));
#2906 = VECTOR('',#2907,1.);
#2907 = DIRECTION('',(-0.,-1.,0.));
#2908 = ORIENTED_EDGE('',*,*,#2909,.F.);
#2909 = EDGE_CURVE('',#2884,#2902,#2910,.T.);
#2910 = LINE('',#2911,#2912);
#2911 = CARTESIAN_POINT('',(53.5,31.,-28.5));
#2912 = VECTOR('',#2913,1.);
#2913 = DIRECTION('',(-3.330669073875E-16,0.,1.));
#2914 = PLANE('',#2915);
#2915 = AXIS2_PLACEMENT_3D('',#2916,#2917,#2918);
#2916 = CARTESIAN_POINT('',(53.5,-2.273736754432E-13,-42.));
#2917 = DIRECTION('',(1.,0.,3.330669073875E-16));
#2918 = DIRECTION('',(-3.330669073875E-16,5.551115123126E-15,1.));
#2919 = ADVANCED_FACE('',(#2920),#2936,.F.);
#2920 = FACE_BOUND('',#2921,.F.);
#2921 = EDGE_LOOP('',(#2922,#2928,#2929,#2935));
#2922 = ORIENTED_EDGE('',*,*,#2923,.F.);
#2923 = EDGE_CURVE('',#1291,#2447,#2924,.T.);
#2924 = LINE('',#2925,#2926);
#2925 = CARTESIAN_POINT('',(-61.,43.,15.));
#2926 = VECTOR('',#2927,1.);
#2927 = DIRECTION('',(1.,0.,3.330669073875E-16));
#2928 = ORIENTED_EDGE('',*,*,#1288,.F.);
#2929 = ORIENTED_EDGE('',*,*,#2930,.T.);
#2930 = EDGE_CURVE('',#1289,#2445,#2931,.T.);
#2931 = LINE('',#2932,#2933);
#2932 = CARTESIAN_POINT('',(-61.,40.,15.));
#2933 = VECTOR('',#2934,1.);
#2934 = DIRECTION('',(1.,0.,3.330669073875E-16));
#2935 = ORIENTED_EDGE('',*,*,#2444,.T.);
#2936 = PLANE('',#2937);
#2937 = AXIS2_PLACEMENT_3D('',#2938,#2939,#2940);
#2938 = CARTESIAN_POINT('',(-61.,40.,15.));
#2939 = DIRECTION('',(-3.330669073875E-16,0.,1.));
#2940 = DIRECTION('',(1.,0.,3.330669073875E-16));
#2941 = ADVANCED_FACE('',(#2942),#2953,.F.);
#2942 = FACE_BOUND('',#2943,.F.);
#2943 = EDGE_LOOP('',(#2944,#2950,#2951,#2952));
#2944 = ORIENTED_EDGE('',*,*,#2945,.F.);
#2945 = EDGE_CURVE('',#1307,#2463,#2946,.T.);
#2946 = LINE('',#2947,#2948);
#2947 = CARTESIAN_POINT('',(-61.,43.,-15.));
#2948 = VECTOR('',#2949,1.);
#2949 = DIRECTION('',(1.,0.,3.330669073875E-16));
#2950 = ORIENTED_EDGE('',*,*,#1314,.F.);
#2951 = ORIENTED_EDGE('',*,*,#2923,.T.);
#2952 = ORIENTED_EDGE('',*,*,#2470,.T.);
#2953 = PLANE('',#2954);
#2954 = AXIS2_PLACEMENT_3D('',#2955,#2956,#2957);
#2955 = CARTESIAN_POINT('',(-61.,43.,-15.));
#2956 = DIRECTION('',(0.,1.,0.));
#2957 = DIRECTION('',(-3.330669073875E-16,0.,1.));
#2958 = ADVANCED_FACE('',(#2959),#2970,.T.);
#2959 = FACE_BOUND('',#2960,.T.);
#2960 = EDGE_LOOP('',(#2961,#2962,#2963,#2969));
#2961 = ORIENTED_EDGE('',*,*,#2945,.F.);
#2962 = ORIENTED_EDGE('',*,*,#1306,.F.);
#2963 = ORIENTED_EDGE('',*,*,#2964,.T.);
#2964 = EDGE_CURVE('',#1299,#2455,#2965,.T.);
#2965 = LINE('',#2966,#2967);
#2966 = CARTESIAN_POINT('',(-61.,40.,-15.));
#2967 = VECTOR('',#2968,1.);
#2968 = DIRECTION('',(1.,0.,3.330669073875E-16));
#2969 = ORIENTED_EDGE('',*,*,#2462,.T.);
#2970 = PLANE('',#2971);
#2971 = AXIS2_PLACEMENT_3D('',#2972,#2973,#2974);
#2972 = CARTESIAN_POINT('',(-61.,40.,-15.));
#2973 = DIRECTION('',(-3.330669073875E-16,0.,1.));
#2974 = DIRECTION('',(1.,0.,3.330669073875E-16));
#2975 = ADVANCED_FACE('',(#2976),#2982,.T.);
#2976 = FACE_BOUND('',#2977,.T.);
#2977 = EDGE_LOOP('',(#2978,#2979,#2980,#2981));
#2978 = ORIENTED_EDGE('',*,*,#2964,.F.);
#2979 = ORIENTED_EDGE('',*,*,#1298,.F.);
#2980 = ORIENTED_EDGE('',*,*,#2930,.T.);
#2981 = ORIENTED_EDGE('',*,*,#2454,.T.);
#2982 = PLANE('',#2983);
#2983 = AXIS2_PLACEMENT_3D('',#2984,#2985,#2986);
#2984 = CARTESIAN_POINT('',(-61.,40.,-15.));
#2985 = DIRECTION('',(0.,1.,0.));
#2986 = DIRECTION('',(-3.330669073875E-16,0.,1.));
#2987 = ADVANCED_FACE('',(#2988),#3004,.F.);
#2988 = FACE_BOUND('',#2989,.F.);
#2989 = EDGE_LOOP('',(#2990,#2996,#2997,#3003));
#2990 = ORIENTED_EDGE('',*,*,#2991,.F.);
#2991 = EDGE_CURVE('',#1325,#2481,#2992,.T.);
#2992 = LINE('',#2993,#2994);
#2993 = CARTESIAN_POINT('',(-61.,37.,15.));
#2994 = VECTOR('',#2995,1.);
#2995 = DIRECTION('',(1.,0.,3.330669073875E-16));
#2996 = ORIENTED_EDGE('',*,*,#1322,.F.);
#2997 = ORIENTED_EDGE('',*,*,#2998,.T.);
#2998 = EDGE_CURVE('',#1323,#2479,#2999,.T.);
#2999 = LINE('',#3000,#3001);
#3000 = CARTESIAN_POINT('',(-61.,34.,15.));
#3001 = VECTOR('',#3002,1.);
#3002 = DIRECTION('',(1.,0.,3.330669073875E-16));
#3003 = ORIENTED_EDGE('',*,*,#2478,.T.);
#3004 = PLANE('',#3005);
#3005 = AXIS2_PLACEMENT_3D('',#3006,#3007,#3008);
#3006 = CARTESIAN_POINT('',(-61.,34.,15.));
#3007 = DIRECTION('',(-3.330669073875E-16,0.,1.));
#3008 = DIRECTION('',(1.,0.,3.330669073875E-16));
#3009 = ADVANCED_FACE('',(#3010),#3021,.T.);
#3010 = FACE_BOUND('',#3011,.T.);
#3011 = EDGE_LOOP('',(#3012,#3018,#3019,#3020));
#3012 = ORIENTED_EDGE('',*,*,#3013,.F.);
#3013 = EDGE_CURVE('',#1333,#2489,#3014,.T.);
#3014 = LINE('',#3015,#3016);
#3015 = CARTESIAN_POINT('',(-61.,34.,-15.));
#3016 = VECTOR('',#3017,1.);
#3017 = DIRECTION('',(1.,0.,3.330669073875E-16));
#3018 = ORIENTED_EDGE('',*,*,#1332,.F.);
#3019 = ORIENTED_EDGE('',*,*,#2998,.T.);
#3020 = ORIENTED_EDGE('',*,*,#2488,.T.);
#3021 = PLANE('',#3022);
#3022 = AXIS2_PLACEMENT_3D('',#3023,#3024,#3025);
#3023 = CARTESIAN_POINT('',(-61.,34.,-15.));
#3024 = DIRECTION('',(0.,1.,0.));
#3025 = DIRECTION('',(-3.330669073875E-16,0.,1.));
#3026 = ADVANCED_FACE('',(#3027),#3038,.F.);
#3027 = FACE_BOUND('',#3028,.F.);
#3028 = EDGE_LOOP('',(#3029,#3035,#3036,#3037));
#3029 = ORIENTED_EDGE('',*,*,#3030,.F.);
#3030 = EDGE_CURVE('',#1341,#2497,#3031,.T.);
#3031 = LINE('',#3032,#3033);
#3032 = CARTESIAN_POINT('',(-61.,37.,-15.));
#3033 = VECTOR('',#3034,1.);
#3034 = DIRECTION('',(1.,0.,3.330669073875E-16));
#3035 = ORIENTED_EDGE('',*,*,#1348,.F.);
#3036 = ORIENTED_EDGE('',*,*,#2991,.T.);
#3037 = ORIENTED_EDGE('',*,*,#2504,.T.);
#3038 = PLANE('',#3039);
#3039 = AXIS2_PLACEMENT_3D('',#3040,#3041,#3042);
#3040 = CARTESIAN_POINT('',(-61.,37.,-15.));
#3041 = DIRECTION('',(0.,1.,0.));
#3042 = DIRECTION('',(-3.330669073875E-16,0.,1.));
#3043 = ADVANCED_FACE('',(#3044),#3050,.T.);
#3044 = FACE_BOUND('',#3045,.T.);
#3045 = EDGE_LOOP('',(#3046,#3047,#3048,#3049));
#3046 = ORIENTED_EDGE('',*,*,#3030,.F.);
#3047 = ORIENTED_EDGE('',*,*,#1340,.F.);
#3048 = ORIENTED_EDGE('',*,*,#3013,.T.);
#3049 = ORIENTED_EDGE('',*,*,#2496,.T.);
#3050 = PLANE('',#3051);
#3051 = AXIS2_PLACEMENT_3D('',#3052,#3053,#3054);
#3052 = CARTESIAN_POINT('',(-61.,34.,-15.));
#3053 = DIRECTION('',(-3.330669073875E-16,0.,1.));
#3054 = DIRECTION('',(1.,0.,3.330669073875E-16));
#3055 = ADVANCED_FACE('',(#3056),#3072,.F.);
#3056 = FACE_BOUND('',#3057,.F.);
#3057 = EDGE_LOOP('',(#3058,#3064,#3065,#3071));
#3058 = ORIENTED_EDGE('',*,*,#3059,.F.);
#3059 = EDGE_CURVE('',#1359,#2515,#3060,.T.);
#3060 = LINE('',#3061,#3062);
#3061 = CARTESIAN_POINT('',(-61.,31.,15.));
#3062 = VECTOR('',#3063,1.);
#3063 = DIRECTION('',(1.,0.,3.330669073875E-16));
#3064 = ORIENTED_EDGE('',*,*,#1356,.F.);
#3065 = ORIENTED_EDGE('',*,*,#3066,.T.);
#3066 = EDGE_CURVE('',#1357,#2513,#3067,.T.);
#3067 = LINE('',#3068,#3069);
#3068 = CARTESIAN_POINT('',(-61.,28.,15.));
#3069 = VECTOR('',#3070,1.);
#3070 = DIRECTION('',(1.,0.,3.330669073875E-16));
#3071 = ORIENTED_EDGE('',*,*,#2512,.T.);
#3072 = PLANE('',#3073);
#3073 = AXIS2_PLACEMENT_3D('',#3074,#3075,#3076);
#3074 = CARTESIAN_POINT('',(-61.,28.,15.));
#3075 = DIRECTION('',(-3.330669073875E-16,0.,1.));
#3076 = DIRECTION('',(1.,0.,3.330669073875E-16));
#3077 = ADVANCED_FACE('',(#3078),#3089,.T.);
#3078 = FACE_BOUND('',#3079,.T.);
#3079 = EDGE_LOOP('',(#3080,#3086,#3087,#3088));
#3080 = ORIENTED_EDGE('',*,*,#3081,.F.);
#3081 = EDGE_CURVE('',#1367,#2523,#3082,.T.);
#3082 = LINE('',#3083,#3084);
#3083 = CARTESIAN_POINT('',(-61.,28.,-15.));
#3084 = VECTOR('',#3085,1.);
#3085 = DIRECTION('',(1.,0.,3.330669073875E-16));
#3086 = ORIENTED_EDGE('',*,*,#1366,.F.);
#3087 = ORIENTED_EDGE('',*,*,#3066,.T.);
#3088 = ORIENTED_EDGE('',*,*,#2522,.T.);
#3089 = PLANE('',#3090);
#3090 = AXIS2_PLACEMENT_3D('',#3091,#3092,#3093);
#3091 = CARTESIAN_POINT('',(-61.,28.,-15.));
#3092 = DIRECTION('',(0.,1.,0.));
#3093 = DIRECTION('',(-3.330669073875E-16,0.,1.));
#3094 = ADVANCED_FACE('',(#3095),#3106,.F.);
#3095 = FACE_BOUND('',#3096,.F.);
#3096 = EDGE_LOOP('',(#3097,#3103,#3104,#3105));
#3097 = ORIENTED_EDGE('',*,*,#3098,.F.);
#3098 = EDGE_CURVE('',#1375,#2531,#3099,.T.);
#3099 = LINE('',#3100,#3101);
#3100 = CARTESIAN_POINT('',(-61.,31.,-15.));
#3101 = VECTOR('',#3102,1.);
#3102 = DIRECTION('',(1.,0.,3.330669073875E-16));
#3103 = ORIENTED_EDGE('',*,*,#1382,.F.);
#3104 = ORIENTED_EDGE('',*,*,#3059,.T.);
#3105 = ORIENTED_EDGE('',*,*,#2538,.T.);
#3106 = PLANE('',#3107);
#3107 = AXIS2_PLACEMENT_3D('',#3108,#3109,#3110);
#3108 = CARTESIAN_POINT('',(-61.,31.,-15.));
#3109 = DIRECTION('',(0.,1.,0.));
#3110 = DIRECTION('',(-3.330669073875E-16,0.,1.));
#3111 = ADVANCED_FACE('',(#3112),#3118,.T.);
#3112 = FACE_BOUND('',#3113,.T.);
#3113 = EDGE_LOOP('',(#3114,#3115,#3116,#3117));
#3114 = ORIENTED_EDGE('',*,*,#3098,.F.);
#3115 = ORIENTED_EDGE('',*,*,#1374,.F.);
#3116 = ORIENTED_EDGE('',*,*,#3081,.T.);
#3117 = ORIENTED_EDGE('',*,*,#2530,.T.);
#3118 = PLANE('',#3119);
#3119 = AXIS2_PLACEMENT_3D('',#3120,#3121,#3122);
#3120 = CARTESIAN_POINT('',(-61.,28.,-15.));
#3121 = DIRECTION('',(-3.330669073875E-16,0.,1.));
#3122 = DIRECTION('',(1.,0.,3.330669073875E-16));
#3123 = ADVANCED_FACE('',(#3124),#3140,.F.);
#3124 = FACE_BOUND('',#3125,.F.);
#3125 = EDGE_LOOP('',(#3126,#3132,#3133,#3139));
#3126 = ORIENTED_EDGE('',*,*,#3127,.F.);
#3127 = EDGE_CURVE('',#1393,#2549,#3128,.T.);
#3128 = LINE('',#3129,#3130);
#3129 = CARTESIAN_POINT('',(-61.,25.,15.));
#3130 = VECTOR('',#3131,1.);
#3131 = DIRECTION('',(1.,0.,3.330669073875E-16));
#3132 = ORIENTED_EDGE('',*,*,#1390,.F.);
#3133 = ORIENTED_EDGE('',*,*,#3134,.T.);
#3134 = EDGE_CURVE('',#1391,#2547,#3135,.T.);
#3135 = LINE('',#3136,#3137);
#3136 = CARTESIAN_POINT('',(-61.,22.,15.));
#3137 = VECTOR('',#3138,1.);
#3138 = DIRECTION('',(1.,0.,3.330669073875E-16));
#3139 = ORIENTED_EDGE('',*,*,#2546,.T.);
#3140 = PLANE('',#3141);
#3141 = AXIS2_PLACEMENT_3D('',#3142,#3143,#3144);
#3142 = CARTESIAN_POINT('',(-61.,22.,15.));
#3143 = DIRECTION('',(-3.330669073875E-16,0.,1.));
#3144 = DIRECTION('',(1.,0.,3.330669073875E-16));
#3145 = ADVANCED_FACE('',(#3146),#3157,.T.);
#3146 = FACE_BOUND('',#3147,.T.);
#3147 = EDGE_LOOP('',(#3148,#3154,#3155,#3156));
#3148 = ORIENTED_EDGE('',*,*,#3149,.F.);
#3149 = EDGE_CURVE('',#1401,#2557,#3150,.T.);
#3150 = LINE('',#3151,#3152);
#3151 = CARTESIAN_POINT('',(-61.,22.,-15.));
#3152 = VECTOR('',#3153,1.);
#3153 = DIRECTION('',(1.,0.,3.330669073875E-16));
#3154 = ORIENTED_EDGE('',*,*,#1400,.F.);
#3155 = ORIENTED_EDGE('',*,*,#3134,.T.);
#3156 = ORIENTED_EDGE('',*,*,#2556,.T.);
#3157 = PLANE('',#3158);
#3158 = AXIS2_PLACEMENT_3D('',#3159,#3160,#3161);
#3159 = CARTESIAN_POINT('',(-61.,22.,-15.));
#3160 = DIRECTION('',(0.,1.,0.));
#3161 = DIRECTION('',(-3.330669073875E-16,0.,1.));
#3162 = ADVANCED_FACE('',(#3163),#3174,.F.);
#3163 = FACE_BOUND('',#3164,.F.);
#3164 = EDGE_LOOP('',(#3165,#3171,#3172,#3173));
#3165 = ORIENTED_EDGE('',*,*,#3166,.F.);
#3166 = EDGE_CURVE('',#1409,#2565,#3167,.T.);
#3167 = LINE('',#3168,#3169);
#3168 = CARTESIAN_POINT('',(-61.,25.,-15.));
#3169 = VECTOR('',#3170,1.);
#3170 = DIRECTION('',(1.,0.,3.330669073875E-16));
#3171 = ORIENTED_EDGE('',*,*,#1416,.F.);
#3172 = ORIENTED_EDGE('',*,*,#3127,.T.);
#3173 = ORIENTED_EDGE('',*,*,#2572,.T.);
#3174 = PLANE('',#3175);
#3175 = AXIS2_PLACEMENT_3D('',#3176,#3177,#3178);
#3176 = CARTESIAN_POINT('',(-61.,25.,-15.));
#3177 = DIRECTION('',(0.,1.,0.));
#3178 = DIRECTION('',(-3.330669073875E-16,0.,1.));
#3179 = ADVANCED_FACE('',(#3180),#3186,.T.);
#3180 = FACE_BOUND('',#3181,.T.);
#3181 = EDGE_LOOP('',(#3182,#3183,#3184,#3185));
#3182 = ORIENTED_EDGE('',*,*,#3166,.F.);
#3183 = ORIENTED_EDGE('',*,*,#1408,.F.);
#3184 = ORIENTED_EDGE('',*,*,#3149,.T.);
#3185 = ORIENTED_EDGE('',*,*,#2564,.T.);
#3186 = PLANE('',#3187);
#3187 = AXIS2_PLACEMENT_3D('',#3188,#3189,#3190);
#3188 = CARTESIAN_POINT('',(-61.,22.,-15.));
#3189 = DIRECTION('',(-3.330669073875E-16,0.,1.));
#3190 = DIRECTION('',(1.,0.,3.330669073875E-16));
#3191 = ADVANCED_FACE('',(#3192),#3208,.F.);
#3192 = FACE_BOUND('',#3193,.F.);
#3193 = EDGE_LOOP('',(#3194,#3200,#3201,#3207));
#3194 = ORIENTED_EDGE('',*,*,#3195,.F.);
#3195 = EDGE_CURVE('',#1427,#2583,#3196,.T.);
#3196 = LINE('',#3197,#3198);
#3197 = CARTESIAN_POINT('',(-61.,19.,15.));
#3198 = VECTOR('',#3199,1.);
#3199 = DIRECTION('',(1.,0.,3.330669073875E-16));
#3200 = ORIENTED_EDGE('',*,*,#1424,.F.);
#3201 = ORIENTED_EDGE('',*,*,#3202,.T.);
#3202 = EDGE_CURVE('',#1425,#2581,#3203,.T.);
#3203 = LINE('',#3204,#3205);
#3204 = CARTESIAN_POINT('',(-61.,16.,15.));
#3205 = VECTOR('',#3206,1.);
#3206 = DIRECTION('',(1.,0.,3.330669073875E-16));
#3207 = ORIENTED_EDGE('',*,*,#2580,.T.);
#3208 = PLANE('',#3209);
#3209 = AXIS2_PLACEMENT_3D('',#3210,#3211,#3212);
#3210 = CARTESIAN_POINT('',(-61.,16.,15.));
#3211 = DIRECTION('',(-3.330669073875E-16,0.,1.));
#3212 = DIRECTION('',(1.,0.,3.330669073875E-16));
#3213 = ADVANCED_FACE('',(#3214),#3225,.T.);
#3214 = FACE_BOUND('',#3215,.T.);
#3215 = EDGE_LOOP('',(#3216,#3222,#3223,#3224));
#3216 = ORIENTED_EDGE('',*,*,#3217,.F.);
#3217 = EDGE_CURVE('',#1435,#2591,#3218,.T.);
#3218 = LINE('',#3219,#3220);
#3219 = CARTESIAN_POINT('',(-61.,16.,-15.));
#3220 = VECTOR('',#3221,1.);
#3221 = DIRECTION('',(1.,0.,3.330669073875E-16));
#3222 = ORIENTED_EDGE('',*,*,#1434,.F.);
#3223 = ORIENTED_EDGE('',*,*,#3202,.T.);
#3224 = ORIENTED_EDGE('',*,*,#2590,.T.);
#3225 = PLANE('',#3226);
#3226 = AXIS2_PLACEMENT_3D('',#3227,#3228,#3229);
#3227 = CARTESIAN_POINT('',(-61.,16.,-15.));
#3228 = DIRECTION('',(0.,1.,0.));
#3229 = DIRECTION('',(-3.330669073875E-16,0.,1.));
#3230 = ADVANCED_FACE('',(#3231),#3242,.F.);
#3231 = FACE_BOUND('',#3232,.F.);
#3232 = EDGE_LOOP('',(#3233,#3239,#3240,#3241));
#3233 = ORIENTED_EDGE('',*,*,#3234,.F.);
#3234 = EDGE_CURVE('',#1443,#2599,#3235,.T.);
#3235 = LINE('',#3236,#3237);
#3236 = CARTESIAN_POINT('',(-61.,19.,-15.));
#3237 = VECTOR('',#3238,1.);
#3238 = DIRECTION('',(1.,0.,3.330669073875E-16));
#3239 = ORIENTED_EDGE('',*,*,#1450,.F.);
#3240 = ORIENTED_EDGE('',*,*,#3195,.T.);
#3241 = ORIENTED_EDGE('',*,*,#2606,.T.);
#3242 = PLANE('',#3243);
#3243 = AXIS2_PLACEMENT_3D('',#3244,#3245,#3246);
#3244 = CARTESIAN_POINT('',(-61.,19.,-15.));
#3245 = DIRECTION('',(0.,1.,0.));
#3246 = DIRECTION('',(-3.330669073875E-16,0.,1.));
#3247 = ADVANCED_FACE('',(#3248),#3254,.T.);
#3248 = FACE_BOUND('',#3249,.T.);
#3249 = EDGE_LOOP('',(#3250,#3251,#3252,#3253));
#3250 = ORIENTED_EDGE('',*,*,#3234,.F.);
#3251 = ORIENTED_EDGE('',*,*,#1442,.F.);
#3252 = ORIENTED_EDGE('',*,*,#3217,.T.);
#3253 = ORIENTED_EDGE('',*,*,#2598,.T.);
#3254 = PLANE('',#3255);
#3255 = AXIS2_PLACEMENT_3D('',#3256,#3257,#3258);
#3256 = CARTESIAN_POINT('',(-61.,16.,-15.));
#3257 = DIRECTION('',(-3.330669073875E-16,0.,1.));
#3258 = DIRECTION('',(1.,0.,3.330669073875E-16));
#3259 = ADVANCED_FACE('',(#3260),#3276,.T.);
#3260 = FACE_BOUND('',#3261,.T.);
#3261 = EDGE_LOOP('',(#3262,#3268,#3269,#3275));
#3262 = ORIENTED_EDGE('',*,*,#3263,.F.);
#3263 = EDGE_CURVE('',#2748,#1476,#3264,.T.);
#3264 = LINE('',#3265,#3266);
#3265 = CARTESIAN_POINT('',(-61.,43.,-15.));
#3266 = VECTOR('',#3267,1.);
#3267 = DIRECTION('',(1.,0.,3.330669073875E-16));
#3268 = ORIENTED_EDGE('',*,*,#2747,.T.);
#3269 = ORIENTED_EDGE('',*,*,#3270,.T.);
#3270 = EDGE_CURVE('',#2750,#1478,#3271,.T.);
#3271 = LINE('',#3272,#3273);
#3272 = CARTESIAN_POINT('',(-61.,40.,-15.));
#3273 = VECTOR('',#3274,1.);
#3274 = DIRECTION('',(1.,0.,3.330669073875E-16));
#3275 = ORIENTED_EDGE('',*,*,#1475,.F.);
#3276 = PLANE('',#3277);
#3277 = AXIS2_PLACEMENT_3D('',#3278,#3279,#3280);
#3278 = CARTESIAN_POINT('',(-61.,40.,-15.));
#3279 = DIRECTION('',(-3.330669073875E-16,0.,1.));
#3280 = DIRECTION('',(1.,0.,3.330669073875E-16));
#3281 = ADVANCED_FACE('',(#3282),#3293,.F.);
#3282 = FACE_BOUND('',#3283,.F.);
#3283 = EDGE_LOOP('',(#3284,#3285,#3286,#3292));
#3284 = ORIENTED_EDGE('',*,*,#3263,.F.);
#3285 = ORIENTED_EDGE('',*,*,#2773,.T.);
#3286 = ORIENTED_EDGE('',*,*,#3287,.T.);
#3287 = EDGE_CURVE('',#2766,#1494,#3288,.T.);
#3288 = LINE('',#3289,#3290);
#3289 = CARTESIAN_POINT('',(-61.,43.,15.));
#3290 = VECTOR('',#3291,1.);
#3291 = DIRECTION('',(1.,0.,3.330669073875E-16));
#3292 = ORIENTED_EDGE('',*,*,#1501,.F.);
#3293 = PLANE('',#3294);
#3294 = AXIS2_PLACEMENT_3D('',#3295,#3296,#3297);
#3295 = CARTESIAN_POINT('',(-61.,43.,-15.));
#3296 = DIRECTION('',(0.,1.,0.));
#3297 = DIRECTION('',(-3.330669073875E-16,0.,1.));
#3298 = ADVANCED_FACE('',(#3299),#3310,.F.);
#3299 = FACE_BOUND('',#3300,.F.);
#3300 = EDGE_LOOP('',(#3301,#3302,#3303,#3309));
#3301 = ORIENTED_EDGE('',*,*,#3287,.F.);
#3302 = ORIENTED_EDGE('',*,*,#2765,.T.);
#3303 = ORIENTED_EDGE('',*,*,#3304,.T.);
#3304 = EDGE_CURVE('',#2758,#1486,#3305,.T.);
#3305 = LINE('',#3306,#3307);
#3306 = CARTESIAN_POINT('',(-61.,40.,15.));
#3307 = VECTOR('',#3308,1.);
#3308 = DIRECTION('',(1.,0.,3.330669073875E-16));
#3309 = ORIENTED_EDGE('',*,*,#1493,.F.);
#3310 = PLANE('',#3311);
#3311 = AXIS2_PLACEMENT_3D('',#3312,#3313,#3314);
#3312 = CARTESIAN_POINT('',(-61.,40.,15.));
#3313 = DIRECTION('',(-3.330669073875E-16,0.,1.));
#3314 = DIRECTION('',(1.,0.,3.330669073875E-16));
#3315 = ADVANCED_FACE('',(#3316),#3322,.T.);
#3316 = FACE_BOUND('',#3317,.T.);
#3317 = EDGE_LOOP('',(#3318,#3319,#3320,#3321));
#3318 = ORIENTED_EDGE('',*,*,#3270,.F.);
#3319 = ORIENTED_EDGE('',*,*,#2757,.T.);
#3320 = ORIENTED_EDGE('',*,*,#3304,.T.);
#3321 = ORIENTED_EDGE('',*,*,#1485,.F.);
#3322 = PLANE('',#3323);
#3323 = AXIS2_PLACEMENT_3D('',#3324,#3325,#3326);
#3324 = CARTESIAN_POINT('',(-61.,40.,-15.));
#3325 = DIRECTION('',(0.,1.,0.));
#3326 = DIRECTION('',(-3.330669073875E-16,0.,1.));
#3327 = ADVANCED_FACE('',(#3328),#3344,.T.);
#3328 = FACE_BOUND('',#3329,.T.);
#3329 = EDGE_LOOP('',(#3330,#3336,#3337,#3343));
#3330 = ORIENTED_EDGE('',*,*,#3331,.F.);
#3331 = EDGE_CURVE('',#2782,#1510,#3332,.T.);
#3332 = LINE('',#3333,#3334);
#3333 = CARTESIAN_POINT('',(-61.,37.,-15.));
#3334 = VECTOR('',#3335,1.);
#3335 = DIRECTION('',(1.,0.,3.330669073875E-16));
#3336 = ORIENTED_EDGE('',*,*,#2781,.T.);
#3337 = ORIENTED_EDGE('',*,*,#3338,.T.);
#3338 = EDGE_CURVE('',#2784,#1512,#3339,.T.);
#3339 = LINE('',#3340,#3341);
#3340 = CARTESIAN_POINT('',(-61.,34.,-15.));
#3341 = VECTOR('',#3342,1.);
#3342 = DIRECTION('',(1.,0.,3.330669073875E-16));
#3343 = ORIENTED_EDGE('',*,*,#1509,.F.);
#3344 = PLANE('',#3345);
#3345 = AXIS2_PLACEMENT_3D('',#3346,#3347,#3348);
#3346 = CARTESIAN_POINT('',(-61.,34.,-15.));
#3347 = DIRECTION('',(-3.330669073875E-16,0.,1.));
#3348 = DIRECTION('',(1.,0.,3.330669073875E-16));
#3349 = ADVANCED_FACE('',(#3350),#3361,.F.);
#3350 = FACE_BOUND('',#3351,.F.);
#3351 = EDGE_LOOP('',(#3352,#3353,#3354,#3360));
#3352 = ORIENTED_EDGE('',*,*,#3331,.F.);
#3353 = ORIENTED_EDGE('',*,*,#2807,.T.);
#3354 = ORIENTED_EDGE('',*,*,#3355,.T.);
#3355 = EDGE_CURVE('',#2800,#1528,#3356,.T.);
#3356 = LINE('',#3357,#3358);
#3357 = CARTESIAN_POINT('',(-61.,37.,15.));
#3358 = VECTOR('',#3359,1.);
#3359 = DIRECTION('',(1.,0.,3.330669073875E-16));
#3360 = ORIENTED_EDGE('',*,*,#1535,.F.);
#3361 = PLANE('',#3362);
#3362 = AXIS2_PLACEMENT_3D('',#3363,#3364,#3365);
#3363 = CARTESIAN_POINT('',(-61.,37.,-15.));
#3364 = DIRECTION('',(0.,1.,0.));
#3365 = DIRECTION('',(-3.330669073875E-16,0.,1.));
#3366 = ADVANCED_FACE('',(#3367),#3378,.T.);
#3367 = FACE_BOUND('',#3368,.T.);
#3368 = EDGE_LOOP('',(#3369,#3370,#3371,#3377));
#3369 = ORIENTED_EDGE('',*,*,#3338,.F.);
#3370 = ORIENTED_EDGE('',*,*,#2791,.T.);
#3371 = ORIENTED_EDGE('',*,*,#3372,.T.);
#3372 = EDGE_CURVE('',#2792,#1520,#3373,.T.);
#3373 = LINE('',#3374,#3375);
#3374 = CARTESIAN_POINT('',(-61.,34.,15.));
#3375 = VECTOR('',#3376,1.);
#3376 = DIRECTION('',(1.,0.,3.330669073875E-16));
#3377 = ORIENTED_EDGE('',*,*,#1519,.F.);
#3378 = PLANE('',#3379);
#3379 = AXIS2_PLACEMENT_3D('',#3380,#3381,#3382);
#3380 = CARTESIAN_POINT('',(-61.,34.,-15.));
#3381 = DIRECTION('',(0.,1.,0.));
#3382 = DIRECTION('',(-3.330669073875E-16,0.,1.));
#3383 = ADVANCED_FACE('',(#3384),#3390,.F.);
#3384 = FACE_BOUND('',#3385,.F.);
#3385 = EDGE_LOOP('',(#3386,#3387,#3388,#3389));
#3386 = ORIENTED_EDGE('',*,*,#3355,.F.);
#3387 = ORIENTED_EDGE('',*,*,#2799,.T.);
#3388 = ORIENTED_EDGE('',*,*,#3372,.T.);
#3389 = ORIENTED_EDGE('',*,*,#1527,.F.);
#3390 = PLANE('',#3391);
#3391 = AXIS2_PLACEMENT_3D('',#3392,#3393,#3394);
#3392 = CARTESIAN_POINT('',(-61.,34.,15.));
#3393 = DIRECTION('',(-3.330669073875E-16,0.,1.));
#3394 = DIRECTION('',(1.,0.,3.330669073875E-16));
#3395 = ADVANCED_FACE('',(#3396),#3412,.T.);
#3396 = FACE_BOUND('',#3397,.T.);
#3397 = EDGE_LOOP('',(#3398,#3404,#3405,#3411));
#3398 = ORIENTED_EDGE('',*,*,#3399,.F.);
#3399 = EDGE_CURVE('',#2816,#1544,#3400,.T.);
#3400 = LINE('',#3401,#3402);
#3401 = CARTESIAN_POINT('',(-61.,25.,-15.));
#3402 = VECTOR('',#3403,1.);
#3403 = DIRECTION('',(1.,0.,3.330669073875E-16));
#3404 = ORIENTED_EDGE('',*,*,#2815,.T.);
#3405 = ORIENTED_EDGE('',*,*,#3406,.T.);
#3406 = EDGE_CURVE('',#2818,#1546,#3407,.T.);
#3407 = LINE('',#3408,#3409);
#3408 = CARTESIAN_POINT('',(-61.,22.,-15.));
#3409 = VECTOR('',#3410,1.);
#3410 = DIRECTION('',(1.,0.,3.330669073875E-16));
#3411 = ORIENTED_EDGE('',*,*,#1543,.F.);
#3412 = PLANE('',#3413);
#3413 = AXIS2_PLACEMENT_3D('',#3414,#3415,#3416);
#3414 = CARTESIAN_POINT('',(-61.,22.,-15.));
#3415 = DIRECTION('',(-3.330669073875E-16,0.,1.));
#3416 = DIRECTION('',(1.,0.,3.330669073875E-16));
#3417 = ADVANCED_FACE('',(#3418),#3429,.F.);
#3418 = FACE_BOUND('',#3419,.F.);
#3419 = EDGE_LOOP('',(#3420,#3421,#3422,#3428));
#3420 = ORIENTED_EDGE('',*,*,#3399,.F.);
#3421 = ORIENTED_EDGE('',*,*,#2841,.T.);
#3422 = ORIENTED_EDGE('',*,*,#3423,.T.);
#3423 = EDGE_CURVE('',#2834,#1562,#3424,.T.);
#3424 = LINE('',#3425,#3426);
#3425 = CARTESIAN_POINT('',(-61.,25.,15.));
#3426 = VECTOR('',#3427,1.);
#3427 = DIRECTION('',(1.,0.,3.330669073875E-16));
#3428 = ORIENTED_EDGE('',*,*,#1569,.F.);
#3429 = PLANE('',#3430);
#3430 = AXIS2_PLACEMENT_3D('',#3431,#3432,#3433);
#3431 = CARTESIAN_POINT('',(-61.,25.,-15.));
#3432 = DIRECTION('',(0.,1.,0.));
#3433 = DIRECTION('',(-3.330669073875E-16,0.,1.));
#3434 = ADVANCED_FACE('',(#3435),#3446,.T.);
#3435 = FACE_BOUND('',#3436,.T.);
#3436 = EDGE_LOOP('',(#3437,#3438,#3439,#3445));
#3437 = ORIENTED_EDGE('',*,*,#3406,.F.);
#3438 = ORIENTED_EDGE('',*,*,#2825,.T.);
#3439 = ORIENTED_EDGE('',*,*,#3440,.T.);
#3440 = EDGE_CURVE('',#2826,#1554,#3441,.T.);
#3441 = LINE('',#3442,#3443);
#3442 = CARTESIAN_POINT('',(-61.,22.,15.));
#3443 = VECTOR('',#3444,1.);
#3444 = DIRECTION('',(1.,0.,3.330669073875E-16));
#3445 = ORIENTED_EDGE('',*,*,#1553,.F.);
#3446 = PLANE('',#3447);
#3447 = AXIS2_PLACEMENT_3D('',#3448,#3449,#3450);
#3448 = CARTESIAN_POINT('',(-61.,22.,-15.));
#3449 = DIRECTION('',(0.,1.,0.));
#3450 = DIRECTION('',(-3.330669073875E-16,0.,1.));
#3451 = ADVANCED_FACE('',(#3452),#3458,.F.);
#3452 = FACE_BOUND('',#3453,.F.);
#3453 = EDGE_LOOP('',(#3454,#3455,#3456,#3457));
#3454 = ORIENTED_EDGE('',*,*,#3423,.F.);
#3455 = ORIENTED_EDGE('',*,*,#2833,.T.);
#3456 = ORIENTED_EDGE('',*,*,#3440,.T.);
#3457 = ORIENTED_EDGE('',*,*,#1561,.F.);
#3458 = PLANE('',#3459);
#3459 = AXIS2_PLACEMENT_3D('',#3460,#3461,#3462);
#3460 = CARTESIAN_POINT('',(-61.,22.,15.));
#3461 = DIRECTION('',(-3.330669073875E-16,0.,1.));
#3462 = DIRECTION('',(1.,0.,3.330669073875E-16));
#3463 = ADVANCED_FACE('',(#3464),#3480,.T.);
#3464 = FACE_BOUND('',#3465,.T.);
#3465 = EDGE_LOOP('',(#3466,#3472,#3473,#3479));
#3466 = ORIENTED_EDGE('',*,*,#3467,.F.);
#3467 = EDGE_CURVE('',#2850,#1578,#3468,.T.);
#3468 = LINE('',#3469,#3470);
#3469 = CARTESIAN_POINT('',(-61.,19.,-15.));
#3470 = VECTOR('',#3471,1.);
#3471 = DIRECTION('',(1.,0.,3.330669073875E-16));
#3472 = ORIENTED_EDGE('',*,*,#2849,.T.);
#3473 = ORIENTED_EDGE('',*,*,#3474,.T.);
#3474 = EDGE_CURVE('',#2852,#1580,#3475,.T.);
#3475 = LINE('',#3476,#3477);
#3476 = CARTESIAN_POINT('',(-61.,16.,-15.));
#3477 = VECTOR('',#3478,1.);
#3478 = DIRECTION('',(1.,0.,3.330669073875E-16));
#3479 = ORIENTED_EDGE('',*,*,#1577,.F.);
#3480 = PLANE('',#3481);
#3481 = AXIS2_PLACEMENT_3D('',#3482,#3483,#3484);
#3482 = CARTESIAN_POINT('',(-61.,16.,-15.));
#3483 = DIRECTION('',(-3.330669073875E-16,0.,1.));
#3484 = DIRECTION('',(1.,0.,3.330669073875E-16));
#3485 = ADVANCED_FACE('',(#3486),#3497,.F.);
#3486 = FACE_BOUND('',#3487,.F.);
#3487 = EDGE_LOOP('',(#3488,#3489,#3490,#3496));
#3488 = ORIENTED_EDGE('',*,*,#3467,.F.);
#3489 = ORIENTED_EDGE('',*,*,#2875,.T.);
#3490 = ORIENTED_EDGE('',*,*,#3491,.T.);
#3491 = EDGE_CURVE('',#2868,#1596,#3492,.T.);
#3492 = LINE('',#3493,#3494);
#3493 = CARTESIAN_POINT('',(-61.,19.,15.));
#3494 = VECTOR('',#3495,1.);
#3495 = DIRECTION('',(1.,0.,3.330669073875E-16));
#3496 = ORIENTED_EDGE('',*,*,#1603,.F.);
#3497 = PLANE('',#3498);
#3498 = AXIS2_PLACEMENT_3D('',#3499,#3500,#3501);
#3499 = CARTESIAN_POINT('',(-61.,19.,-15.));
#3500 = DIRECTION('',(0.,1.,0.));
#3501 = DIRECTION('',(-3.330669073875E-16,0.,1.));
#3502 = ADVANCED_FACE('',(#3503),#3514,.T.);
#3503 = FACE_BOUND('',#3504,.T.);
#3504 = EDGE_LOOP('',(#3505,#3506,#3507,#3513));
#3505 = ORIENTED_EDGE('',*,*,#3474,.F.);
#3506 = ORIENTED_EDGE('',*,*,#2859,.T.);
#3507 = ORIENTED_EDGE('',*,*,#3508,.T.);
#3508 = EDGE_CURVE('',#2860,#1588,#3509,.T.);
#3509 = LINE('',#3510,#3511);
#3510 = CARTESIAN_POINT('',(-61.,16.,15.));
#3511 = VECTOR('',#3512,1.);
#3512 = DIRECTION('',(1.,0.,3.330669073875E-16));
#3513 = ORIENTED_EDGE('',*,*,#1587,.F.);
#3514 = PLANE('',#3515);
#3515 = AXIS2_PLACEMENT_3D('',#3516,#3517,#3518);
#3516 = CARTESIAN_POINT('',(-61.,16.,-15.));
#3517 = DIRECTION('',(0.,1.,0.));
#3518 = DIRECTION('',(-3.330669073875E-16,0.,1.));
#3519 = ADVANCED_FACE('',(#3520),#3526,.F.);
#3520 = FACE_BOUND('',#3521,.F.);
#3521 = EDGE_LOOP('',(#3522,#3523,#3524,#3525));
#3522 = ORIENTED_EDGE('',*,*,#3491,.F.);
#3523 = ORIENTED_EDGE('',*,*,#2867,.T.);
#3524 = ORIENTED_EDGE('',*,*,#3508,.T.);
#3525 = ORIENTED_EDGE('',*,*,#1595,.F.);
#3526 = PLANE('',#3527);
#3527 = AXIS2_PLACEMENT_3D('',#3528,#3529,#3530);
#3528 = CARTESIAN_POINT('',(-61.,16.,15.));
#3529 = DIRECTION('',(-3.330669073875E-16,0.,1.));
#3530 = DIRECTION('',(1.,0.,3.330669073875E-16));
#3531 = ADVANCED_FACE('',(#3532),#3548,.T.);
#3532 = FACE_BOUND('',#3533,.T.);
#3533 = EDGE_LOOP('',(#3534,#3540,#3541,#3547));
#3534 = ORIENTED_EDGE('',*,*,#3535,.F.);
#3535 = EDGE_CURVE('',#2884,#1612,#3536,.T.);
#3536 = LINE('',#3537,#3538);
#3537 = CARTESIAN_POINT('',(-61.,31.,-15.));
#3538 = VECTOR('',#3539,1.);
#3539 = DIRECTION('',(1.,0.,3.330669073875E-16));
#3540 = ORIENTED_EDGE('',*,*,#2883,.T.);
#3541 = ORIENTED_EDGE('',*,*,#3542,.T.);
#3542 = EDGE_CURVE('',#2886,#1614,#3543,.T.);
#3543 = LINE('',#3544,#3545);
#3544 = CARTESIAN_POINT('',(-61.,28.,-15.));
#3545 = VECTOR('',#3546,1.);
#3546 = DIRECTION('',(1.,0.,3.330669073875E-16));
#3547 = ORIENTED_EDGE('',*,*,#1611,.F.);
#3548 = PLANE('',#3549);
#3549 = AXIS2_PLACEMENT_3D('',#3550,#3551,#3552);
#3550 = CARTESIAN_POINT('',(-61.,28.,-15.));
#3551 = DIRECTION('',(-3.330669073875E-16,0.,1.));
#3552 = DIRECTION('',(1.,0.,3.330669073875E-16));
#3553 = ADVANCED_FACE('',(#3554),#3565,.F.);
#3554 = FACE_BOUND('',#3555,.F.);
#3555 = EDGE_LOOP('',(#3556,#3557,#3558,#3564));
#3556 = ORIENTED_EDGE('',*,*,#3535,.F.);
#3557 = ORIENTED_EDGE('',*,*,#2909,.T.);
#3558 = ORIENTED_EDGE('',*,*,#3559,.T.);
#3559 = EDGE_CURVE('',#2902,#1630,#3560,.T.);
#3560 = LINE('',#3561,#3562);
#3561 = CARTESIAN_POINT('',(-61.,31.,15.));
#3562 = VECTOR('',#3563,1.);
#3563 = DIRECTION('',(1.,0.,3.330669073875E-16));
#3564 = ORIENTED_EDGE('',*,*,#1637,.F.);
#3565 = PLANE('',#3566);
#3566 = AXIS2_PLACEMENT_3D('',#3567,#3568,#3569);
#3567 = CARTESIAN_POINT('',(-61.,31.,-15.));
#3568 = DIRECTION('',(0.,1.,0.));
#3569 = DIRECTION('',(-3.330669073875E-16,0.,1.));
#3570 = ADVANCED_FACE('',(#3571),#3582,.T.);
#3571 = FACE_BOUND('',#3572,.T.);
#3572 = EDGE_LOOP('',(#3573,#3574,#3575,#3581));
#3573 = ORIENTED_EDGE('',*,*,#3542,.F.);
#3574 = ORIENTED_EDGE('',*,*,#2893,.T.);
#3575 = ORIENTED_EDGE('',*,*,#3576,.T.);
#3576 = EDGE_CURVE('',#2894,#1622,#3577,.T.);
#3577 = LINE('',#3578,#3579);
#3578 = CARTESIAN_POINT('',(-61.,28.,15.));
#3579 = VECTOR('',#3580,1.);
#3580 = DIRECTION('',(1.,0.,3.330669073875E-16));
#3581 = ORIENTED_EDGE('',*,*,#1621,.F.);
#3582 = PLANE('',#3583);
#3583 = AXIS2_PLACEMENT_3D('',#3584,#3585,#3586);
#3584 = CARTESIAN_POINT('',(-61.,28.,-15.));
#3585 = DIRECTION('',(0.,1.,0.));
#3586 = DIRECTION('',(-3.330669073875E-16,0.,1.));
#3587 = ADVANCED_FACE('',(#3588),#3594,.F.);
#3588 = FACE_BOUND('',#3589,.F.);
#3589 = EDGE_LOOP('',(#3590,#3591,#3592,#3593));
#3590 = ORIENTED_EDGE('',*,*,#3559,.F.);
#3591 = ORIENTED_EDGE('',*,*,#2901,.T.);
#3592 = ORIENTED_EDGE('',*,*,#3576,.T.);
#3593 = ORIENTED_EDGE('',*,*,#1629,.F.);
#3594 = PLANE('',#3595);
#3595 = AXIS2_PLACEMENT_3D('',#3596,#3597,#3598);
#3596 = CARTESIAN_POINT('',(-61.,28.,15.));
#3597 = DIRECTION('',(-3.330669073875E-16,0.,1.));
#3598 = DIRECTION('',(1.,0.,3.330669073875E-16));
#3599 = ADVANCED_FACE('',(#3600),#3616,.T.);
#3600 = FACE_BOUND('',#3601,.T.);
#3601 = EDGE_LOOP('',(#3602,#3608,#3609,#3615));
#3602 = ORIENTED_EDGE('',*,*,#3603,.F.);
#3603 = EDGE_CURVE('',#2192,#1692,#3604,.T.);
#3604 = LINE('',#3605,#3606);
#3605 = CARTESIAN_POINT('',(21.,14.,-47.));
#3606 = VECTOR('',#3607,1.);
#3607 = DIRECTION('',(-3.330669073875E-16,0.,1.));
#3608 = ORIENTED_EDGE('',*,*,#2191,.T.);
#3609 = ORIENTED_EDGE('',*,*,#3610,.T.);
#3610 = EDGE_CURVE('',#2194,#1694,#3611,.T.);
#3611 = LINE('',#3612,#3613);
#3612 = CARTESIAN_POINT('',(18.,14.,-47.));
#3613 = VECTOR('',#3614,1.);
#3614 = DIRECTION('',(-3.330669073875E-16,0.,1.));
#3615 = ORIENTED_EDGE('',*,*,#1691,.F.);
#3616 = PLANE('',#3617);
#3617 = AXIS2_PLACEMENT_3D('',#3618,#3619,#3620);
#3618 = CARTESIAN_POINT('',(18.,14.,-47.));
#3619 = DIRECTION('',(0.,1.,0.));
#3620 = DIRECTION('',(-3.330669073875E-16,0.,1.));
#3621 = ADVANCED_FACE('',(#3622),#3633,.F.);
#3622 = FACE_BOUND('',#3623,.F.);
#3623 = EDGE_LOOP('',(#3624,#3625,#3626,#3632));
#3624 = ORIENTED_EDGE('',*,*,#3603,.F.);
#3625 = ORIENTED_EDGE('',*,*,#2217,.T.);
#3626 = ORIENTED_EDGE('',*,*,#3627,.T.);
#3627 = EDGE_CURVE('',#2210,#1710,#3628,.T.);
#3628 = LINE('',#3629,#3630);
#3629 = CARTESIAN_POINT('',(21.,32.,-47.));
#3630 = VECTOR('',#3631,1.);
#3631 = DIRECTION('',(-3.330669073875E-16,0.,1.));
#3632 = ORIENTED_EDGE('',*,*,#1717,.F.);
#3633 = PLANE('',#3634);
#3634 = AXIS2_PLACEMENT_3D('',#3635,#3636,#3637);
#3635 = CARTESIAN_POINT('',(21.,14.,-47.));
#3636 = DIRECTION('',(1.,0.,3.330669073875E-16));
#3637 = DIRECTION('',(-3.330669073875E-16,0.,1.));
#3638 = ADVANCED_FACE('',(#3639),#3650,.F.);
#3639 = FACE_BOUND('',#3640,.F.);
#3640 = EDGE_LOOP('',(#3641,#3642,#3643,#3649));
#3641 = ORIENTED_EDGE('',*,*,#3627,.F.);
#3642 = ORIENTED_EDGE('',*,*,#2209,.T.);
#3643 = ORIENTED_EDGE('',*,*,#3644,.T.);
#3644 = EDGE_CURVE('',#2202,#1702,#3645,.T.);
#3645 = LINE('',#3646,#3647);
#3646 = CARTESIAN_POINT('',(18.,32.,-47.));
#3647 = VECTOR('',#3648,1.);
#3648 = DIRECTION('',(-3.330669073875E-16,0.,1.));
#3649 = ORIENTED_EDGE('',*,*,#1709,.F.);
#3650 = PLANE('',#3651);
#3651 = AXIS2_PLACEMENT_3D('',#3652,#3653,#3654);
#3652 = CARTESIAN_POINT('',(18.,32.,-47.));
#3653 = DIRECTION('',(0.,1.,0.));
#3654 = DIRECTION('',(-3.330669073875E-16,0.,1.));
#3655 = ADVANCED_FACE('',(#3656),#3662,.T.);
#3656 = FACE_BOUND('',#3657,.T.);
#3657 = EDGE_LOOP('',(#3658,#3659,#3660,#3661));
#3658 = ORIENTED_EDGE('',*,*,#3610,.F.);
#3659 = ORIENTED_EDGE('',*,*,#2201,.T.);
#3660 = ORIENTED_EDGE('',*,*,#3644,.T.);
#3661 = ORIENTED_EDGE('',*,*,#1701,.F.);
#3662 = PLANE('',#3663);
#3663 = AXIS2_PLACEMENT_3D('',#3664,#3665,#3666);
#3664 = CARTESIAN_POINT('',(18.,14.,-47.));
#3665 = DIRECTION('',(1.,0.,3.330669073875E-16));
#3666 = DIRECTION('',(-3.330669073875E-16,0.,1.));
#3667 = ADVANCED_FACE('',(#3668),#3684,.T.);
#3668 = FACE_BOUND('',#3669,.T.);
#3669 = EDGE_LOOP('',(#3670,#3676,#3677,#3683));
#3670 = ORIENTED_EDGE('',*,*,#3671,.F.);
#3671 = EDGE_CURVE('',#2226,#1726,#3672,.T.);
#3672 = LINE('',#3673,#3674);
#3673 = CARTESIAN_POINT('',(13.,14.,-47.));
#3674 = VECTOR('',#3675,1.);
#3675 = DIRECTION('',(-3.330669073875E-16,0.,1.));
#3676 = ORIENTED_EDGE('',*,*,#2225,.T.);
#3677 = ORIENTED_EDGE('',*,*,#3678,.T.);
#3678 = EDGE_CURVE('',#2228,#1728,#3679,.T.);
#3679 = LINE('',#3680,#3681);
#3680 = CARTESIAN_POINT('',(10.,14.,-47.));
#3681 = VECTOR('',#3682,1.);
#3682 = DIRECTION('',(-3.330669073875E-16,0.,1.));
#3683 = ORIENTED_EDGE('',*,*,#1725,.F.);
#3684 = PLANE('',#3685);
#3685 = AXIS2_PLACEMENT_3D('',#3686,#3687,#3688);
#3686 = CARTESIAN_POINT('',(10.,14.,-47.));
#3687 = DIRECTION('',(0.,1.,0.));
#3688 = DIRECTION('',(-3.330669073875E-16,0.,1.));
#3689 = ADVANCED_FACE('',(#3690),#3701,.F.);
#3690 = FACE_BOUND('',#3691,.F.);
#3691 = EDGE_LOOP('',(#3692,#3693,#3694,#3700));
#3692 = ORIENTED_EDGE('',*,*,#3671,.F.);
#3693 = ORIENTED_EDGE('',*,*,#2251,.T.);
#3694 = ORIENTED_EDGE('',*,*,#3695,.T.);
#3695 = EDGE_CURVE('',#2244,#1744,#3696,.T.);
#3696 = LINE('',#3697,#3698);
#3697 = CARTESIAN_POINT('',(13.,32.,-47.));
#3698 = VECTOR('',#3699,1.);
#3699 = DIRECTION('',(-3.330669073875E-16,0.,1.));
#3700 = ORIENTED_EDGE('',*,*,#1751,.F.);
#3701 = PLANE('',#3702);
#3702 = AXIS2_PLACEMENT_3D('',#3703,#3704,#3705);
#3703 = CARTESIAN_POINT('',(13.,14.,-47.));
#3704 = DIRECTION('',(1.,0.,3.330669073875E-16));
#3705 = DIRECTION('',(-3.330669073875E-16,0.,1.));
#3706 = ADVANCED_FACE('',(#3707),#3718,.T.);
#3707 = FACE_BOUND('',#3708,.T.);
#3708 = EDGE_LOOP('',(#3709,#3710,#3711,#3717));
#3709 = ORIENTED_EDGE('',*,*,#3678,.F.);
#3710 = ORIENTED_EDGE('',*,*,#2235,.T.);
#3711 = ORIENTED_EDGE('',*,*,#3712,.T.);
#3712 = EDGE_CURVE('',#2236,#1736,#3713,.T.);
#3713 = LINE('',#3714,#3715);
#3714 = CARTESIAN_POINT('',(10.,32.,-47.));
#3715 = VECTOR('',#3716,1.);
#3716 = DIRECTION('',(-3.330669073875E-16,0.,1.));
#3717 = ORIENTED_EDGE('',*,*,#1735,.F.);
#3718 = PLANE('',#3719);
#3719 = AXIS2_PLACEMENT_3D('',#3720,#3721,#3722);
#3720 = CARTESIAN_POINT('',(10.,14.,-47.));
#3721 = DIRECTION('',(1.,0.,3.330669073875E-16));
#3722 = DIRECTION('',(-3.330669073875E-16,0.,1.));
#3723 = ADVANCED_FACE('',(#3724),#3730,.F.);
#3724 = FACE_BOUND('',#3725,.F.);
#3725 = EDGE_LOOP('',(#3726,#3727,#3728,#3729));
#3726 = ORIENTED_EDGE('',*,*,#3695,.F.);
#3727 = ORIENTED_EDGE('',*,*,#2243,.T.);
#3728 = ORIENTED_EDGE('',*,*,#3712,.T.);
#3729 = ORIENTED_EDGE('',*,*,#1743,.F.);
#3730 = PLANE('',#3731);
#3731 = AXIS2_PLACEMENT_3D('',#3732,#3733,#3734);
#3732 = CARTESIAN_POINT('',(10.,32.,-47.));
#3733 = DIRECTION('',(0.,1.,0.));
#3734 = DIRECTION('',(-3.330669073875E-16,0.,1.));
#3735 = ADVANCED_FACE('',(#3736),#3752,.T.);
#3736 = FACE_BOUND('',#3737,.T.);
#3737 = EDGE_LOOP('',(#3738,#3744,#3745,#3751));
#3738 = ORIENTED_EDGE('',*,*,#3739,.F.);
#3739 = EDGE_CURVE('',#2260,#1760,#3740,.T.);
#3740 = LINE('',#3741,#3742);
#3741 = CARTESIAN_POINT('',(5.,14.,-47.));
#3742 = VECTOR('',#3743,1.);
#3743 = DIRECTION('',(-3.330669073875E-16,0.,1.));
#3744 = ORIENTED_EDGE('',*,*,#2259,.T.);
#3745 = ORIENTED_EDGE('',*,*,#3746,.T.);
#3746 = EDGE_CURVE('',#2262,#1762,#3747,.T.);
#3747 = LINE('',#3748,#3749);
#3748 = CARTESIAN_POINT('',(2.,14.,-47.));
#3749 = VECTOR('',#3750,1.);
#3750 = DIRECTION('',(-3.330669073875E-16,0.,1.));
#3751 = ORIENTED_EDGE('',*,*,#1759,.F.);
#3752 = PLANE('',#3753);
#3753 = AXIS2_PLACEMENT_3D('',#3754,#3755,#3756);
#3754 = CARTESIAN_POINT('',(2.,14.,-47.));
#3755 = DIRECTION('',(0.,1.,0.));
#3756 = DIRECTION('',(-3.330669073875E-16,0.,1.));
#3757 = ADVANCED_FACE('',(#3758),#3769,.F.);
#3758 = FACE_BOUND('',#3759,.F.);
#3759 = EDGE_LOOP('',(#3760,#3761,#3762,#3768));
#3760 = ORIENTED_EDGE('',*,*,#3739,.F.);
#3761 = ORIENTED_EDGE('',*,*,#2285,.T.);
#3762 = ORIENTED_EDGE('',*,*,#3763,.T.);
#3763 = EDGE_CURVE('',#2278,#1778,#3764,.T.);
#3764 = LINE('',#3765,#3766);
#3765 = CARTESIAN_POINT('',(5.,32.,-47.));
#3766 = VECTOR('',#3767,1.);
#3767 = DIRECTION('',(-3.330669073875E-16,0.,1.));
#3768 = ORIENTED_EDGE('',*,*,#1785,.F.);
#3769 = PLANE('',#3770);
#3770 = AXIS2_PLACEMENT_3D('',#3771,#3772,#3773);
#3771 = CARTESIAN_POINT('',(5.,14.,-47.));
#3772 = DIRECTION('',(1.,0.,3.330669073875E-16));
#3773 = DIRECTION('',(-3.330669073875E-16,0.,1.));
#3774 = ADVANCED_FACE('',(#3775),#3786,.T.);
#3775 = FACE_BOUND('',#3776,.T.);
#3776 = EDGE_LOOP('',(#3777,#3778,#3779,#3785));
#3777 = ORIENTED_EDGE('',*,*,#3746,.F.);
#3778 = ORIENTED_EDGE('',*,*,#2269,.T.);
#3779 = ORIENTED_EDGE('',*,*,#3780,.T.);
#3780 = EDGE_CURVE('',#2270,#1770,#3781,.T.);
#3781 = LINE('',#3782,#3783);
#3782 = CARTESIAN_POINT('',(2.,32.,-47.));
#3783 = VECTOR('',#3784,1.);
#3784 = DIRECTION('',(-3.330669073875E-16,0.,1.));
#3785 = ORIENTED_EDGE('',*,*,#1769,.F.);
#3786 = PLANE('',#3787);
#3787 = AXIS2_PLACEMENT_3D('',#3788,#3789,#3790);
#3788 = CARTESIAN_POINT('',(2.,14.,-47.));
#3789 = DIRECTION('',(1.,0.,3.330669073875E-16));
#3790 = DIRECTION('',(-3.330669073875E-16,0.,1.));
#3791 = ADVANCED_FACE('',(#3792),#3798,.F.);
#3792 = FACE_BOUND('',#3793,.F.);
#3793 = EDGE_LOOP('',(#3794,#3795,#3796,#3797));
#3794 = ORIENTED_EDGE('',*,*,#3763,.F.);
#3795 = ORIENTED_EDGE('',*,*,#2277,.T.);
#3796 = ORIENTED_EDGE('',*,*,#3780,.T.);
#3797 = ORIENTED_EDGE('',*,*,#1777,.F.);
#3798 = PLANE('',#3799);
#3799 = AXIS2_PLACEMENT_3D('',#3800,#3801,#3802);
#3800 = CARTESIAN_POINT('',(2.,32.,-47.));
#3801 = DIRECTION('',(0.,1.,0.));
#3802 = DIRECTION('',(-3.330669073875E-16,0.,1.));
#3803 = ADVANCED_FACE('',(#3804),#3820,.T.);
#3804 = FACE_BOUND('',#3805,.T.);
#3805 = EDGE_LOOP('',(#3806,#3812,#3813,#3819));
#3806 = ORIENTED_EDGE('',*,*,#3807,.F.);
#3807 = EDGE_CURVE('',#2294,#1794,#3808,.T.);
#3808 = LINE('',#3809,#3810);
#3809 = CARTESIAN_POINT('',(-3.,14.,-47.));
#3810 = VECTOR('',#3811,1.);
#3811 = DIRECTION('',(-3.330669073875E-16,0.,1.));
#3812 = ORIENTED_EDGE('',*,*,#2293,.T.);
#3813 = ORIENTED_EDGE('',*,*,#3814,.T.);
#3814 = EDGE_CURVE('',#2296,#1796,#3815,.T.);
#3815 = LINE('',#3816,#3817);
#3816 = CARTESIAN_POINT('',(-6.,14.,-47.));
#3817 = VECTOR('',#3818,1.);
#3818 = DIRECTION('',(-3.330669073875E-16,0.,1.));
#3819 = ORIENTED_EDGE('',*,*,#1793,.F.);
#3820 = PLANE('',#3821);
#3821 = AXIS2_PLACEMENT_3D('',#3822,#3823,#3824);
#3822 = CARTESIAN_POINT('',(-6.,14.,-47.));
#3823 = DIRECTION('',(0.,1.,0.));
#3824 = DIRECTION('',(-3.330669073875E-16,0.,1.));
#3825 = ADVANCED_FACE('',(#3826),#3837,.F.);
#3826 = FACE_BOUND('',#3827,.F.);
#3827 = EDGE_LOOP('',(#3828,#3829,#3830,#3836));
#3828 = ORIENTED_EDGE('',*,*,#3807,.F.);
#3829 = ORIENTED_EDGE('',*,*,#2319,.T.);
#3830 = ORIENTED_EDGE('',*,*,#3831,.T.);
#3831 = EDGE_CURVE('',#2312,#1812,#3832,.T.);
#3832 = LINE('',#3833,#3834);
#3833 = CARTESIAN_POINT('',(-3.,32.,-47.));
#3834 = VECTOR('',#3835,1.);
#3835 = DIRECTION('',(-3.330669073875E-16,0.,1.));
#3836 = ORIENTED_EDGE('',*,*,#1819,.F.);
#3837 = PLANE('',#3838);
#3838 = AXIS2_PLACEMENT_3D('',#3839,#3840,#3841);
#3839 = CARTESIAN_POINT('',(-3.,14.,-47.));
#3840 = DIRECTION('',(1.,0.,3.330669073875E-16));
#3841 = DIRECTION('',(-3.330669073875E-16,0.,1.));
#3842 = ADVANCED_FACE('',(#3843),#3854,.T.);
#3843 = FACE_BOUND('',#3844,.T.);
#3844 = EDGE_LOOP('',(#3845,#3846,#3847,#3853));
#3845 = ORIENTED_EDGE('',*,*,#3814,.F.);
#3846 = ORIENTED_EDGE('',*,*,#2303,.T.);
#3847 = ORIENTED_EDGE('',*,*,#3848,.T.);
#3848 = EDGE_CURVE('',#2304,#1804,#3849,.T.);
#3849 = LINE('',#3850,#3851);
#3850 = CARTESIAN_POINT('',(-6.,32.,-47.));
#3851 = VECTOR('',#3852,1.);
#3852 = DIRECTION('',(-3.330669073875E-16,0.,1.));
#3853 = ORIENTED_EDGE('',*,*,#1803,.F.);
#3854 = PLANE('',#3855);
#3855 = AXIS2_PLACEMENT_3D('',#3856,#3857,#3858);
#3856 = CARTESIAN_POINT('',(-6.,14.,-47.));
#3857 = DIRECTION('',(1.,0.,3.330669073875E-16));
#3858 = DIRECTION('',(-3.330669073875E-16,0.,1.));
#3859 = ADVANCED_FACE('',(#3860),#3866,.F.);
#3860 = FACE_BOUND('',#3861,.F.);
#3861 = EDGE_LOOP('',(#3862,#3863,#3864,#3865));
#3862 = ORIENTED_EDGE('',*,*,#3831,.F.);
#3863 = ORIENTED_EDGE('',*,*,#2311,.T.);
#3864 = ORIENTED_EDGE('',*,*,#3848,.T.);
#3865 = ORIENTED_EDGE('',*,*,#1811,.F.);
#3866 = PLANE('',#3867);
#3867 = AXIS2_PLACEMENT_3D('',#3868,#3869,#3870);
#3868 = CARTESIAN_POINT('',(-6.,32.,-47.));
#3869 = DIRECTION('',(0.,1.,0.));
#3870 = DIRECTION('',(-3.330669073875E-16,0.,1.));
#3871 = ADVANCED_FACE('',(#3872),#3888,.T.);
#3872 = FACE_BOUND('',#3873,.T.);
#3873 = EDGE_LOOP('',(#3874,#3880,#3881,#3887));
#3874 = ORIENTED_EDGE('',*,*,#3875,.F.);
#3875 = EDGE_CURVE('',#2328,#1828,#3876,.T.);
#3876 = LINE('',#3877,#3878);
#3877 = CARTESIAN_POINT('',(-11.,14.,-47.));
#3878 = VECTOR('',#3879,1.);
#3879 = DIRECTION('',(-3.330669073875E-16,0.,1.));
#3880 = ORIENTED_EDGE('',*,*,#2327,.T.);
#3881 = ORIENTED_EDGE('',*,*,#3882,.T.);
#3882 = EDGE_CURVE('',#2330,#1830,#3883,.T.);
#3883 = LINE('',#3884,#3885);
#3884 = CARTESIAN_POINT('',(-14.,14.,-47.));
#3885 = VECTOR('',#3886,1.);
#3886 = DIRECTION('',(-3.330669073875E-16,0.,1.));
#3887 = ORIENTED_EDGE('',*,*,#1827,.F.);
#3888 = PLANE('',#3889);
#3889 = AXIS2_PLACEMENT_3D('',#3890,#3891,#3892);
#3890 = CARTESIAN_POINT('',(-14.,14.,-47.));
#3891 = DIRECTION('',(0.,1.,0.));
#3892 = DIRECTION('',(-3.330669073875E-16,0.,1.));
#3893 = ADVANCED_FACE('',(#3894),#3905,.F.);
#3894 = FACE_BOUND('',#3895,.F.);
#3895 = EDGE_LOOP('',(#3896,#3897,#3898,#3904));
#3896 = ORIENTED_EDGE('',*,*,#3875,.F.);
#3897 = ORIENTED_EDGE('',*,*,#2353,.T.);
#3898 = ORIENTED_EDGE('',*,*,#3899,.T.);
#3899 = EDGE_CURVE('',#2346,#1846,#3900,.T.);
#3900 = LINE('',#3901,#3902);
#3901 = CARTESIAN_POINT('',(-11.,32.,-47.));
#3902 = VECTOR('',#3903,1.);
#3903 = DIRECTION('',(-3.330669073875E-16,0.,1.));
#3904 = ORIENTED_EDGE('',*,*,#1853,.F.);
#3905 = PLANE('',#3906);
#3906 = AXIS2_PLACEMENT_3D('',#3907,#3908,#3909);
#3907 = CARTESIAN_POINT('',(-11.,14.,-47.));
#3908 = DIRECTION('',(1.,0.,3.330669073875E-16));
#3909 = DIRECTION('',(-3.330669073875E-16,0.,1.));
#3910 = ADVANCED_FACE('',(#3911),#3922,.T.);
#3911 = FACE_BOUND('',#3912,.T.);
#3912 = EDGE_LOOP('',(#3913,#3914,#3915,#3921));
#3913 = ORIENTED_EDGE('',*,*,#3882,.F.);
#3914 = ORIENTED_EDGE('',*,*,#2337,.T.);
#3915 = ORIENTED_EDGE('',*,*,#3916,.T.);
#3916 = EDGE_CURVE('',#2338,#1838,#3917,.T.);
#3917 = LINE('',#3918,#3919);
#3918 = CARTESIAN_POINT('',(-14.,32.,-47.));
#3919 = VECTOR('',#3920,1.);
#3920 = DIRECTION('',(-3.330669073875E-16,0.,1.));
#3921 = ORIENTED_EDGE('',*,*,#1837,.F.);
#3922 = PLANE('',#3923);
#3923 = AXIS2_PLACEMENT_3D('',#3924,#3925,#3926);
#3924 = CARTESIAN_POINT('',(-14.,14.,-47.));
#3925 = DIRECTION('',(1.,0.,3.330669073875E-16));
#3926 = DIRECTION('',(-3.330669073875E-16,0.,1.));
#3927 = ADVANCED_FACE('',(#3928),#3934,.F.);
#3928 = FACE_BOUND('',#3929,.F.);
#3929 = EDGE_LOOP('',(#3930,#3931,#3932,#3933));
#3930 = ORIENTED_EDGE('',*,*,#3899,.F.);
#3931 = ORIENTED_EDGE('',*,*,#2345,.T.);
#3932 = ORIENTED_EDGE('',*,*,#3916,.T.);
#3933 = ORIENTED_EDGE('',*,*,#1845,.F.);
#3934 = PLANE('',#3935);
#3935 = AXIS2_PLACEMENT_3D('',#3936,#3937,#3938);
#3936 = CARTESIAN_POINT('',(-14.,32.,-47.));
#3937 = DIRECTION('',(0.,1.,0.));
#3938 = DIRECTION('',(-3.330669073875E-16,0.,1.));
#3939 = ADVANCED_FACE('',(#3940),#3956,.T.);
#3940 = FACE_BOUND('',#3941,.T.);
#3941 = EDGE_LOOP('',(#3942,#3948,#3949,#3955));
#3942 = ORIENTED_EDGE('',*,*,#3943,.F.);
#3943 = EDGE_CURVE('',#2362,#1862,#3944,.T.);
#3944 = LINE('',#3945,#3946);
#3945 = CARTESIAN_POINT('',(-19.,14.,-47.));
#3946 = VECTOR('',#3947,1.);
#3947 = DIRECTION('',(-3.330669073875E-16,0.,1.));
#3948 = ORIENTED_EDGE('',*,*,#2361,.T.);
#3949 = ORIENTED_EDGE('',*,*,#3950,.T.);
#3950 = EDGE_CURVE('',#2364,#1864,#3951,.T.);
#3951 = LINE('',#3952,#3953);
#3952 = CARTESIAN_POINT('',(-22.,14.,-47.));
#3953 = VECTOR('',#3954,1.);
#3954 = DIRECTION('',(-3.330669073875E-16,0.,1.));
#3955 = ORIENTED_EDGE('',*,*,#1861,.F.);
#3956 = PLANE('',#3957);
#3957 = AXIS2_PLACEMENT_3D('',#3958,#3959,#3960);
#3958 = CARTESIAN_POINT('',(-22.,14.,-47.));
#3959 = DIRECTION('',(0.,1.,0.));
#3960 = DIRECTION('',(-3.330669073875E-16,0.,1.));
#3961 = ADVANCED_FACE('',(#3962),#3973,.F.);
#3962 = FACE_BOUND('',#3963,.F.);
#3963 = EDGE_LOOP('',(#3964,#3965,#3966,#3972));
#3964 = ORIENTED_EDGE('',*,*,#3943,.F.);
#3965 = ORIENTED_EDGE('',*,*,#2387,.T.);
#3966 = ORIENTED_EDGE('',*,*,#3967,.T.);
#3967 = EDGE_CURVE('',#2380,#1880,#3968,.T.);
#3968 = LINE('',#3969,#3970);
#3969 = CARTESIAN_POINT('',(-19.,32.,-47.));
#3970 = VECTOR('',#3971,1.);
#3971 = DIRECTION('',(-3.330669073875E-16,0.,1.));
#3972 = ORIENTED_EDGE('',*,*,#1887,.F.);
#3973 = PLANE('',#3974);
#3974 = AXIS2_PLACEMENT_3D('',#3975,#3976,#3977);
#3975 = CARTESIAN_POINT('',(-19.,14.,-47.));
#3976 = DIRECTION('',(1.,0.,3.330669073875E-16));
#3977 = DIRECTION('',(-3.330669073875E-16,0.,1.));
#3978 = ADVANCED_FACE('',(#3979),#3990,.T.);
#3979 = FACE_BOUND('',#3980,.T.);
#3980 = EDGE_LOOP('',(#3981,#3982,#3983,#3989));
#3981 = ORIENTED_EDGE('',*,*,#3950,.F.);
#3982 = ORIENTED_EDGE('',*,*,#2371,.T.);
#3983 = ORIENTED_EDGE('',*,*,#3984,.T.);
#3984 = EDGE_CURVE('',#2372,#1872,#3985,.T.);
#3985 = LINE('',#3986,#3987);
#3986 = CARTESIAN_POINT('',(-22.,32.,-47.));
#3987 = VECTOR('',#3988,1.);
#3988 = DIRECTION('',(-3.330669073875E-16,0.,1.));
#3989 = ORIENTED_EDGE('',*,*,#1871,.F.);
#3990 = PLANE('',#3991);
#3991 = AXIS2_PLACEMENT_3D('',#3992,#3993,#3994);
#3992 = CARTESIAN_POINT('',(-22.,14.,-47.));
#3993 = DIRECTION('',(1.,0.,3.330669073875E-16));
#3994 = DIRECTION('',(-3.330669073875E-16,0.,1.));
#3995 = ADVANCED_FACE('',(#3996),#4002,.F.);
#3996 = FACE_BOUND('',#3997,.F.);
#3997 = EDGE_LOOP('',(#3998,#3999,#4000,#4001));
#3998 = ORIENTED_EDGE('',*,*,#3967,.F.);
#3999 = ORIENTED_EDGE('',*,*,#2379,.T.);
#4000 = ORIENTED_EDGE('',*,*,#3984,.T.);
#4001 = ORIENTED_EDGE('',*,*,#1879,.F.);
#4002 = PLANE('',#4003);
#4003 = AXIS2_PLACEMENT_3D('',#4004,#4005,#4006);
#4004 = CARTESIAN_POINT('',(-22.,32.,-47.));
#4005 = DIRECTION('',(0.,1.,0.));
#4006 = DIRECTION('',(-3.330669073875E-16,0.,1.));
#4007 = ADVANCED_FACE('',(#4008),#4014,.T.);
#4008 = FACE_BOUND('',#4009,.F.);
#4009 = EDGE_LOOP('',(#4010,#4011,#4012,#4013));
#4010 = ORIENTED_EDGE('',*,*,#2005,.F.);
#4011 = ORIENTED_EDGE('',*,*,#1942,.F.);
#4012 = ORIENTED_EDGE('',*,*,#1909,.T.);
#4013 = ORIENTED_EDGE('',*,*,#1969,.T.);
#4014 = CYLINDRICAL_SURFACE('',#4015,7.5);
#4015 = AXIS2_PLACEMENT_3D('',#4016,#4017,#4018);
#4016 = CARTESIAN_POINT('',(-4.6,-10.,12.));
#4017 = DIRECTION('',(-1.,-0.,-4.440892098501E-16));
#4018 = DIRECTION('',(4.440892098501E-16,0.,-1.));
#4019 = ADVANCED_FACE('',(#4020),#4031,.F.);
#4020 = FACE_BOUND('',#4021,.T.);
#4021 = EDGE_LOOP('',(#4022,#4023,#4029,#4030));
#4022 = ORIENTED_EDGE('',*,*,#1951,.T.);
#4023 = ORIENTED_EDGE('',*,*,#4024,.T.);
#4024 = EDGE_CURVE('',#1952,#1988,#4025,.T.);
#4025 = LINE('',#4026,#4027);
#4026 = CARTESIAN_POINT('',(-12.4,-10.,9.4));
#4027 = VECTOR('',#4028,1.);
#4028 = DIRECTION('',(1.,0.,2.22044604925E-16));
#4029 = ORIENTED_EDGE('',*,*,#1987,.F.);
#4030 = ORIENTED_EDGE('',*,*,#4024,.F.);
#4031 = CYLINDRICAL_SURFACE('',#4032,2.6);
#4032 = AXIS2_PLACEMENT_3D('',#4033,#4034,#4035);
#4033 = CARTESIAN_POINT('',(-12.4,-10.,12.));
#4034 = DIRECTION('',(-1.,-0.,-2.22044604925E-16));
#4035 = DIRECTION('',(2.22044604925E-16,0.,-1.));
#4036 = ADVANCED_FACE('',(#4037),#4043,.T.);
#4037 = FACE_BOUND('',#4038,.F.);
#4038 = EDGE_LOOP('',(#4039,#4040,#4041,#4042));
#4039 = ORIENTED_EDGE('',*,*,#2096,.F.);
#4040 = ORIENTED_EDGE('',*,*,#2115,.F.);
#4041 = ORIENTED_EDGE('',*,*,#2029,.T.);
#4042 = ORIENTED_EDGE('',*,*,#2053,.T.);
#4043 = CYLINDRICAL_SURFACE('',#4044,7.5);
#4044 = AXIS2_PLACEMENT_3D('',#4045,#4046,#4047);
#4045 = CARTESIAN_POINT('',(1.6,-10.,12.));
#4046 = DIRECTION('',(-1.,-0.,-3.330669073875E-16));
#4047 = DIRECTION('',(3.330669073875E-16,0.,-1.));
#4048 = ADVANCED_FACE('',(#4049),#4060,.F.);
#4049 = FACE_BOUND('',#4050,.T.);
#4050 = EDGE_LOOP('',(#4051,#4052,#4058,#4059));
#4051 = ORIENTED_EDGE('',*,*,#2124,.T.);
#4052 = ORIENTED_EDGE('',*,*,#4053,.T.);
#4053 = EDGE_CURVE('',#2125,#2072,#4054,.T.);
#4054 = LINE('',#4055,#4056);
#4055 = CARTESIAN_POINT('',(-12.4,-10.,9.4));
#4056 = VECTOR('',#4057,1.);
#4057 = DIRECTION('',(1.,0.,2.22044604925E-16));
#4058 = ORIENTED_EDGE('',*,*,#2071,.F.);
#4059 = ORIENTED_EDGE('',*,*,#4053,.F.);
#4060 = CYLINDRICAL_SURFACE('',#4061,2.6);
#4061 = AXIS2_PLACEMENT_3D('',#4062,#4063,#4064);
#4062 = CARTESIAN_POINT('',(-12.4,-10.,12.));
#4063 = DIRECTION('',(-1.,-0.,-2.22044604925E-16));
#4064 = DIRECTION('',(2.22044604925E-16,0.,-1.));
#4065 = ADVANCED_FACE('',(#4066,#4076,#4087,#4098,#4109,#4120,#4131,
    #4142,#4153),#4164,.T.);
#4066 = FACE_BOUND('',#4067,.T.);
#4067 = EDGE_LOOP('',(#4068,#4069,#4070,#4071,#4072,#4073,#4074,#4075));
#4068 = ORIENTED_EDGE('',*,*,#2629,.T.);
#4069 = ORIENTED_EDGE('',*,*,#2435,.T.);
#4070 = ORIENTED_EDGE('',*,*,#2403,.T.);
#4071 = ORIENTED_EDGE('',*,*,#2182,.T.);
#4072 = ORIENTED_EDGE('',*,*,#2150,.T.);
#4073 = ORIENTED_EDGE('',*,*,#2738,.T.);
#4074 = ORIENTED_EDGE('',*,*,#2713,.T.);
#4075 = ORIENTED_EDGE('',*,*,#2645,.F.);
#4076 = FACE_BOUND('',#4077,.T.);
#4077 = EDGE_LOOP('',(#4078));
#4078 = ORIENTED_EDGE('',*,*,#4079,.T.);
#4079 = EDGE_CURVE('',#4080,#4080,#4082,.T.);
#4080 = VERTEX_POINT('',#4081);
#4081 = CARTESIAN_POINT('',(-45.5,2.5,-35.));
#4082 = CIRCLE('',#4083,3.5);
#4083 = AXIS2_PLACEMENT_3D('',#4084,#4085,#4086);
#4084 = CARTESIAN_POINT('',(-49.,2.5,-35.));
#4085 = DIRECTION('',(-4.067564042546E-31,-1.,1.221245327088E-15));
#4086 = DIRECTION('',(1.,0.,3.330669073875E-16));
#4087 = FACE_BOUND('',#4088,.T.);
#4088 = EDGE_LOOP('',(#4089));
#4089 = ORIENTED_EDGE('',*,*,#4090,.T.);
#4090 = EDGE_CURVE('',#4091,#4091,#4093,.T.);
#4091 = VERTEX_POINT('',#4092);
#4092 = CARTESIAN_POINT('',(-35.75,2.5,-24.5));
#4093 = CIRCLE('',#4094,3.25);
#4094 = AXIS2_PLACEMENT_3D('',#4095,#4096,#4097);
#4095 = CARTESIAN_POINT('',(-39.,2.5,-24.5));
#4096 = DIRECTION('',(-1.294224922628E-30,-1.,3.885780586188E-15));
#4097 = DIRECTION('',(1.,0.,3.330669073875E-16));
#4098 = FACE_BOUND('',#4099,.T.);
#4099 = EDGE_LOOP('',(#4100));
#4100 = ORIENTED_EDGE('',*,*,#4101,.T.);
#4101 = EDGE_CURVE('',#4102,#4102,#4104,.T.);
#4102 = VERTEX_POINT('',#4103);
#4103 = CARTESIAN_POINT('',(-45.5,2.5,35.));
#4104 = CIRCLE('',#4105,3.5);
#4105 = AXIS2_PLACEMENT_3D('',#4106,#4107,#4108);
#4106 = CARTESIAN_POINT('',(-49.,2.5,35.));
#4107 = DIRECTION('',(-8.504906634414E-31,-1.,2.553512956638E-15));
#4108 = DIRECTION('',(1.,0.,3.330669073875E-16));
#4109 = FACE_BOUND('',#4110,.T.);
#4110 = EDGE_LOOP('',(#4111));
#4111 = ORIENTED_EDGE('',*,*,#4112,.T.);
#4112 = EDGE_CURVE('',#4113,#4113,#4115,.T.);
#4113 = VERTEX_POINT('',#4114);
#4114 = CARTESIAN_POINT('',(-35.75,2.5,24.5));
#4115 = CIRCLE('',#4116,3.25);
#4116 = AXIS2_PLACEMENT_3D('',#4117,#4118,#4119);
#4117 = CARTESIAN_POINT('',(-39.,2.5,24.5));
#4118 = DIRECTION('',(-1.737959181815E-30,-1.,5.218048215738E-15));
#4119 = DIRECTION('',(1.,0.,3.330669073875E-16));
#4120 = FACE_BOUND('',#4121,.T.);
#4121 = EDGE_LOOP('',(#4122));
#4122 = ORIENTED_EDGE('',*,*,#4123,.T.);
#4123 = EDGE_CURVE('',#4124,#4124,#4126,.T.);
#4124 = VERTEX_POINT('',#4125);
#4125 = CARTESIAN_POINT('',(22.25,2.5,-24.5));
#4126 = CIRCLE('',#4127,3.25);
#4127 = AXIS2_PLACEMENT_3D('',#4128,#4129,#4130);
#4128 = CARTESIAN_POINT('',(19.,2.5,-24.5));
#4129 = DIRECTION('',(-1.072357793035E-30,-1.,3.219646771413E-15));
#4130 = DIRECTION('',(1.,0.,3.330669073875E-16));
#4131 = FACE_BOUND('',#4132,.T.);
#4132 = EDGE_LOOP('',(#4133));
#4133 = ORIENTED_EDGE('',*,*,#4134,.T.);
#4134 = EDGE_CURVE('',#4135,#4135,#4137,.T.);
#4135 = VERTEX_POINT('',#4136);
#4136 = CARTESIAN_POINT('',(52.5,2.5,-35.));
#4137 = CIRCLE('',#4138,3.5);
#4138 = AXIS2_PLACEMENT_3D('',#4139,#4140,#4141);
#4139 = CARTESIAN_POINT('',(49.,2.5,-35.));
#4140 = DIRECTION('',(-1.848892746612E-31,-1.,5.551115123126E-16));
#4141 = DIRECTION('',(1.,0.,3.330669073875E-16));
#4142 = FACE_BOUND('',#4143,.T.);
#4143 = EDGE_LOOP('',(#4144));
#4144 = ORIENTED_EDGE('',*,*,#4145,.T.);
#4145 = EDGE_CURVE('',#4146,#4146,#4148,.T.);
#4146 = VERTEX_POINT('',#4147);
#4147 = CARTESIAN_POINT('',(22.25,2.5,24.5));
#4148 = CIRCLE('',#4149,3.25);
#4149 = AXIS2_PLACEMENT_3D('',#4150,#4151,#4152);
#4150 = CARTESIAN_POINT('',(19.,2.5,24.5));
#4151 = DIRECTION('',(-1.516092052222E-30,-1.,4.551914400963E-15));
#4152 = DIRECTION('',(1.,0.,3.330669073875E-16));
#4153 = FACE_BOUND('',#4154,.T.);
#4154 = EDGE_LOOP('',(#4155));
#4155 = ORIENTED_EDGE('',*,*,#4156,.T.);
#4156 = EDGE_CURVE('',#4157,#4157,#4159,.T.);
#4157 = VERTEX_POINT('',#4158);
#4158 = CARTESIAN_POINT('',(52.5,2.5,35.));
#4159 = CIRCLE('',#4160,3.5);
#4160 = AXIS2_PLACEMENT_3D('',#4161,#4162,#4163);
#4161 = CARTESIAN_POINT('',(49.,2.5,35.));
#4162 = DIRECTION('',(-6.28623533848E-31,-1.,1.887379141863E-15));
#4163 = DIRECTION('',(1.,0.,3.330669073875E-16));
#4164 = PLANE('',#4165);
#4165 = AXIS2_PLACEMENT_3D('',#4166,#4167,#4168);
#4166 = CARTESIAN_POINT('',(-5.329070518201E-15,2.5,5.151434834261E-14)
  );
#4167 = DIRECTION('',(1.577721810442E-30,1.,-5.329070518201E-15));
#4168 = DIRECTION('',(-3.330669073875E-16,5.329070518201E-15,1.));
#4169 = ADVANCED_FACE('',(#4170),#4189,.T.);
#4170 = FACE_BOUND('',#4171,.F.);
#4171 = EDGE_LOOP('',(#4172,#4173,#4181,#4188));
#4172 = ORIENTED_EDGE('',*,*,#4079,.T.);
#4173 = ORIENTED_EDGE('',*,*,#4174,.T.);
#4174 = EDGE_CURVE('',#4080,#4175,#4177,.T.);
#4175 = VERTEX_POINT('',#4176);
#4176 = CARTESIAN_POINT('',(-45.5,44.,-35.));
#4177 = LINE('',#4178,#4179);
#4178 = CARTESIAN_POINT('',(-45.5,2.,-35.));
#4179 = VECTOR('',#4180,1.);
#4180 = DIRECTION('',(3.944304526105E-31,1.,-1.221245327088E-15));
#4181 = ORIENTED_EDGE('',*,*,#4182,.T.);
#4182 = EDGE_CURVE('',#4175,#4175,#4183,.T.);
#4183 = CIRCLE('',#4184,3.5);
#4184 = AXIS2_PLACEMENT_3D('',#4185,#4186,#4187);
#4185 = CARTESIAN_POINT('',(-49.,44.,-35.));
#4186 = DIRECTION('',(4.067564042546E-31,1.,-1.221245327088E-15));
#4187 = DIRECTION('',(1.,0.,3.330669073875E-16));
#4188 = ORIENTED_EDGE('',*,*,#4174,.F.);
#4189 = CYLINDRICAL_SURFACE('',#4190,3.5);
#4190 = AXIS2_PLACEMENT_3D('',#4191,#4192,#4193);
#4191 = CARTESIAN_POINT('',(-49.,2.,-35.));
#4192 = DIRECTION('',(-3.944304526105E-31,-1.,1.221245327088E-15));
#4193 = DIRECTION('',(1.,0.,3.330669073875E-16));
#4194 = ADVANCED_FACE('',(#4195),#4214,.T.);
#4195 = FACE_BOUND('',#4196,.F.);
#4196 = EDGE_LOOP('',(#4197,#4198,#4206,#4213));
#4197 = ORIENTED_EDGE('',*,*,#4090,.T.);
#4198 = ORIENTED_EDGE('',*,*,#4199,.T.);
#4199 = EDGE_CURVE('',#4091,#4200,#4202,.T.);
#4200 = VERTEX_POINT('',#4201);
#4201 = CARTESIAN_POINT('',(-35.75,6.5,-24.5));
#4202 = LINE('',#4203,#4204);
#4203 = CARTESIAN_POINT('',(-35.75,2.,-24.5));
#4204 = VECTOR('',#4205,1.);
#4205 = DIRECTION('',(1.577721810442E-30,1.,-3.885780586188E-15));
#4206 = ORIENTED_EDGE('',*,*,#4207,.T.);
#4207 = EDGE_CURVE('',#4200,#4200,#4208,.T.);
#4208 = CIRCLE('',#4209,3.25);
#4209 = AXIS2_PLACEMENT_3D('',#4210,#4211,#4212);
#4210 = CARTESIAN_POINT('',(-39.,6.5,-24.5));
#4211 = DIRECTION('',(1.294224922628E-30,1.,-3.885780586188E-15));
#4212 = DIRECTION('',(1.,0.,3.330669073875E-16));
#4213 = ORIENTED_EDGE('',*,*,#4199,.F.);
#4214 = CYLINDRICAL_SURFACE('',#4215,3.25);
#4215 = AXIS2_PLACEMENT_3D('',#4216,#4217,#4218);
#4216 = CARTESIAN_POINT('',(-39.,2.,-24.5));
#4217 = DIRECTION('',(-1.577721810442E-30,-1.,3.885780586188E-15));
#4218 = DIRECTION('',(1.,0.,3.330669073875E-16));
#4219 = ADVANCED_FACE('',(#4220),#4239,.T.);
#4220 = FACE_BOUND('',#4221,.F.);
#4221 = EDGE_LOOP('',(#4222,#4223,#4231,#4238));
#4222 = ORIENTED_EDGE('',*,*,#4101,.T.);
#4223 = ORIENTED_EDGE('',*,*,#4224,.T.);
#4224 = EDGE_CURVE('',#4102,#4225,#4227,.T.);
#4225 = VERTEX_POINT('',#4226);
#4226 = CARTESIAN_POINT('',(-45.5,44.,35.));
#4227 = LINE('',#4228,#4229);
#4228 = CARTESIAN_POINT('',(-45.5,2.,35.));
#4229 = VECTOR('',#4230,1.);
#4230 = DIRECTION('',(7.88860905221E-31,1.,-2.553512956638E-15));
#4231 = ORIENTED_EDGE('',*,*,#4232,.T.);
#4232 = EDGE_CURVE('',#4225,#4225,#4233,.T.);
#4233 = CIRCLE('',#4234,3.5);
#4234 = AXIS2_PLACEMENT_3D('',#4235,#4236,#4237);
#4235 = CARTESIAN_POINT('',(-49.,44.,35.));
#4236 = DIRECTION('',(8.504906634414E-31,1.,-2.553512956638E-15));
#4237 = DIRECTION('',(1.,0.,3.330669073875E-16));
#4238 = ORIENTED_EDGE('',*,*,#4224,.F.);
#4239 = CYLINDRICAL_SURFACE('',#4240,3.5);
#4240 = AXIS2_PLACEMENT_3D('',#4241,#4242,#4243);
#4241 = CARTESIAN_POINT('',(-49.,2.,35.));
#4242 = DIRECTION('',(-7.88860905221E-31,-1.,2.553512956638E-15));
#4243 = DIRECTION('',(1.,0.,3.330669073875E-16));
#4244 = ADVANCED_FACE('',(#4245),#4264,.T.);
#4245 = FACE_BOUND('',#4246,.F.);
#4246 = EDGE_LOOP('',(#4247,#4248,#4256,#4263));
#4247 = ORIENTED_EDGE('',*,*,#4112,.T.);
#4248 = ORIENTED_EDGE('',*,*,#4249,.T.);
#4249 = EDGE_CURVE('',#4113,#4250,#4252,.T.);
#4250 = VERTEX_POINT('',#4251);
#4251 = CARTESIAN_POINT('',(-35.75,6.5,24.5));
#4252 = LINE('',#4253,#4254);
#4253 = CARTESIAN_POINT('',(-35.75,2.,24.5));
#4254 = VECTOR('',#4255,1.);
#4255 = DIRECTION('',(1.577721810442E-30,1.,-5.218048215738E-15));
#4256 = ORIENTED_EDGE('',*,*,#4257,.T.);
#4257 = EDGE_CURVE('',#4250,#4250,#4258,.T.);
#4258 = CIRCLE('',#4259,3.25);
#4259 = AXIS2_PLACEMENT_3D('',#4260,#4261,#4262);
#4260 = CARTESIAN_POINT('',(-39.,6.5,24.5));
#4261 = DIRECTION('',(1.737959181815E-30,1.,-5.218048215738E-15));
#4262 = DIRECTION('',(1.,0.,3.330669073875E-16));
#4263 = ORIENTED_EDGE('',*,*,#4249,.F.);
#4264 = CYLINDRICAL_SURFACE('',#4265,3.25);
#4265 = AXIS2_PLACEMENT_3D('',#4266,#4267,#4268);
#4266 = CARTESIAN_POINT('',(-39.,2.,24.5));
#4267 = DIRECTION('',(-1.577721810442E-30,-1.,5.218048215738E-15));
#4268 = DIRECTION('',(1.,0.,3.330669073875E-16));
#4269 = ADVANCED_FACE('',(#4270),#4289,.T.);
#4270 = FACE_BOUND('',#4271,.F.);
#4271 = EDGE_LOOP('',(#4272,#4273,#4281,#4288));
#4272 = ORIENTED_EDGE('',*,*,#4123,.T.);
#4273 = ORIENTED_EDGE('',*,*,#4274,.T.);
#4274 = EDGE_CURVE('',#4124,#4275,#4277,.T.);
#4275 = VERTEX_POINT('',#4276);
#4276 = CARTESIAN_POINT('',(22.25,6.5,-24.5));
#4277 = LINE('',#4278,#4279);
#4278 = CARTESIAN_POINT('',(22.25,2.,-24.5));
#4279 = VECTOR('',#4280,1.);
#4280 = DIRECTION('',(1.183291357832E-30,1.,-3.219646771413E-15));
#4281 = ORIENTED_EDGE('',*,*,#4282,.T.);
#4282 = EDGE_CURVE('',#4275,#4275,#4283,.T.);
#4283 = CIRCLE('',#4284,3.25);
#4284 = AXIS2_PLACEMENT_3D('',#4285,#4286,#4287);
#4285 = CARTESIAN_POINT('',(19.,6.5,-24.5));
#4286 = DIRECTION('',(1.072357793035E-30,1.,-3.219646771413E-15));
#4287 = DIRECTION('',(1.,0.,3.330669073875E-16));
#4288 = ORIENTED_EDGE('',*,*,#4274,.F.);
#4289 = CYLINDRICAL_SURFACE('',#4290,3.25);
#4290 = AXIS2_PLACEMENT_3D('',#4291,#4292,#4293);
#4291 = CARTESIAN_POINT('',(19.,2.,-24.5));
#4292 = DIRECTION('',(-1.183291357832E-30,-1.,3.219646771413E-15));
#4293 = DIRECTION('',(1.,0.,3.330669073875E-16));
#4294 = ADVANCED_FACE('',(#4295),#4314,.T.);
#4295 = FACE_BOUND('',#4296,.F.);
#4296 = EDGE_LOOP('',(#4297,#4298,#4306,#4313));
#4297 = ORIENTED_EDGE('',*,*,#4134,.T.);
#4298 = ORIENTED_EDGE('',*,*,#4299,.T.);
#4299 = EDGE_CURVE('',#4135,#4300,#4302,.T.);
#4300 = VERTEX_POINT('',#4301);
#4301 = CARTESIAN_POINT('',(52.5,44.,-35.));
#4302 = LINE('',#4303,#4304);
#4303 = CARTESIAN_POINT('',(52.5,2.,-35.));
#4304 = VECTOR('',#4305,1.);
#4305 = DIRECTION('',(1.972152263053E-31,1.,-5.551115123126E-16));
#4306 = ORIENTED_EDGE('',*,*,#4307,.T.);
#4307 = EDGE_CURVE('',#4300,#4300,#4308,.T.);
#4308 = CIRCLE('',#4309,3.5);
#4309 = AXIS2_PLACEMENT_3D('',#4310,#4311,#4312);
#4310 = CARTESIAN_POINT('',(49.,44.,-35.));
#4311 = DIRECTION('',(1.848892746612E-31,1.,-5.551115123126E-16));
#4312 = DIRECTION('',(1.,0.,3.330669073875E-16));
#4313 = ORIENTED_EDGE('',*,*,#4299,.F.);
#4314 = CYLINDRICAL_SURFACE('',#4315,3.5);
#4315 = AXIS2_PLACEMENT_3D('',#4316,#4317,#4318);
#4316 = CARTESIAN_POINT('',(49.,2.,-35.));
#4317 = DIRECTION('',(-1.972152263053E-31,-1.,5.551115123126E-16));
#4318 = DIRECTION('',(1.,0.,3.330669073875E-16));
#4319 = ADVANCED_FACE('',(#4320),#4339,.T.);
#4320 = FACE_BOUND('',#4321,.F.);
#4321 = EDGE_LOOP('',(#4322,#4323,#4331,#4338));
#4322 = ORIENTED_EDGE('',*,*,#4145,.T.);
#4323 = ORIENTED_EDGE('',*,*,#4324,.T.);
#4324 = EDGE_CURVE('',#4146,#4325,#4327,.T.);
#4325 = VERTEX_POINT('',#4326);
#4326 = CARTESIAN_POINT('',(22.25,6.5,24.5));
#4327 = LINE('',#4328,#4329);
#4328 = CARTESIAN_POINT('',(22.25,2.,24.5));
#4329 = VECTOR('',#4330,1.);
#4330 = DIRECTION('',(1.577721810442E-30,1.,-4.551914400963E-15));
#4331 = ORIENTED_EDGE('',*,*,#4332,.T.);
#4332 = EDGE_CURVE('',#4325,#4325,#4333,.T.);
#4333 = CIRCLE('',#4334,3.25);
#4334 = AXIS2_PLACEMENT_3D('',#4335,#4336,#4337);
#4335 = CARTESIAN_POINT('',(19.,6.5,24.5));
#4336 = DIRECTION('',(1.516092052222E-30,1.,-4.551914400963E-15));
#4337 = DIRECTION('',(1.,0.,3.330669073875E-16));
#4338 = ORIENTED_EDGE('',*,*,#4324,.F.);
#4339 = CYLINDRICAL_SURFACE('',#4340,3.25);
#4340 = AXIS2_PLACEMENT_3D('',#4341,#4342,#4343);
#4341 = CARTESIAN_POINT('',(19.,2.,24.5));
#4342 = DIRECTION('',(-1.577721810442E-30,-1.,4.551914400963E-15));
#4343 = DIRECTION('',(1.,0.,3.330669073875E-16));
#4344 = ADVANCED_FACE('',(#4345),#4364,.T.);
#4345 = FACE_BOUND('',#4346,.F.);
#4346 = EDGE_LOOP('',(#4347,#4348,#4356,#4363));
#4347 = ORIENTED_EDGE('',*,*,#4156,.T.);
#4348 = ORIENTED_EDGE('',*,*,#4349,.T.);
#4349 = EDGE_CURVE('',#4157,#4350,#4352,.T.);
#4350 = VERTEX_POINT('',#4351);
#4351 = CARTESIAN_POINT('',(52.5,44.,35.));
#4352 = LINE('',#4353,#4354);
#4353 = CARTESIAN_POINT('',(52.5,2.,35.));
#4354 = VECTOR('',#4355,1.);
#4355 = DIRECTION('',(7.88860905221E-31,1.,-1.887379141863E-15));
#4356 = ORIENTED_EDGE('',*,*,#4357,.T.);
#4357 = EDGE_CURVE('',#4350,#4350,#4358,.T.);
#4358 = CIRCLE('',#4359,3.5);
#4359 = AXIS2_PLACEMENT_3D('',#4360,#4361,#4362);
#4360 = CARTESIAN_POINT('',(49.,44.,35.));
#4361 = DIRECTION('',(6.28623533848E-31,1.,-1.887379141863E-15));
#4362 = DIRECTION('',(1.,0.,3.330669073875E-16));
#4363 = ORIENTED_EDGE('',*,*,#4349,.F.);
#4364 = CYLINDRICAL_SURFACE('',#4365,3.5);
#4365 = AXIS2_PLACEMENT_3D('',#4366,#4367,#4368);
#4366 = CARTESIAN_POINT('',(49.,2.,35.));
#4367 = DIRECTION('',(-7.88860905221E-31,-1.,1.887379141863E-15));
#4368 = DIRECTION('',(1.,0.,3.330669073875E-16));
#4369 = ADVANCED_FACE('',(#4370,#4373),#4384,.T.);
#4370 = FACE_BOUND('',#4371,.T.);
#4371 = EDGE_LOOP('',(#4372));
#4372 = ORIENTED_EDGE('',*,*,#4182,.T.);
#4373 = FACE_BOUND('',#4374,.T.);
#4374 = EDGE_LOOP('',(#4375));
#4375 = ORIENTED_EDGE('',*,*,#4376,.F.);
#4376 = EDGE_CURVE('',#4377,#4377,#4379,.T.);
#4377 = VERTEX_POINT('',#4378);
#4378 = CARTESIAN_POINT('',(-47.,44.,-35.));
#4379 = CIRCLE('',#4380,2.);
#4380 = AXIS2_PLACEMENT_3D('',#4381,#4382,#4383);
#4381 = CARTESIAN_POINT('',(-49.,44.,-35.));
#4382 = DIRECTION('',(2.958228394579E-31,1.,-8.881784197001E-16));
#4383 = DIRECTION('',(1.,0.,3.330669073875E-16));
#4384 = PLANE('',#4385);
#4385 = AXIS2_PLACEMENT_3D('',#4386,#4387,#4388);
#4386 = CARTESIAN_POINT('',(-49.,44.,-35.));
#4387 = DIRECTION('',(3.944304526105E-31,1.,-1.221245327088E-15));
#4388 = DIRECTION('',(1.,0.,3.330669073875E-16));
#4389 = ADVANCED_FACE('',(#4390,#4393),#4404,.T.);
#4390 = FACE_BOUND('',#4391,.T.);
#4391 = EDGE_LOOP('',(#4392));
#4392 = ORIENTED_EDGE('',*,*,#4207,.T.);
#4393 = FACE_BOUND('',#4394,.T.);
#4394 = EDGE_LOOP('',(#4395));
#4395 = ORIENTED_EDGE('',*,*,#4396,.T.);
#4396 = EDGE_CURVE('',#4397,#4397,#4399,.T.);
#4397 = VERTEX_POINT('',#4398);
#4398 = CARTESIAN_POINT('',(-37.2,6.5,-24.5));
#4399 = CIRCLE('',#4400,1.8);
#4400 = AXIS2_PLACEMENT_3D('',#4401,#4402,#4403);
#4401 = CARTESIAN_POINT('',(-39.,6.5,-24.5));
#4402 = DIRECTION('',(-1.183291357832E-30,-1.,3.552713678801E-15));
#4403 = DIRECTION('',(1.,0.,3.330669073875E-16));
#4404 = PLANE('',#4405);
#4405 = AXIS2_PLACEMENT_3D('',#4406,#4407,#4408);
#4406 = CARTESIAN_POINT('',(-39.,6.5,-24.5));
#4407 = DIRECTION('',(1.577721810442E-30,1.,-3.885780586188E-15));
#4408 = DIRECTION('',(1.,0.,3.330669073875E-16));
#4409 = ADVANCED_FACE('',(#4410,#4413),#4424,.T.);
#4410 = FACE_BOUND('',#4411,.T.);
#4411 = EDGE_LOOP('',(#4412));
#4412 = ORIENTED_EDGE('',*,*,#4232,.T.);
#4413 = FACE_BOUND('',#4414,.T.);
#4414 = EDGE_LOOP('',(#4415));
#4415 = ORIENTED_EDGE('',*,*,#4416,.F.);
#4416 = EDGE_CURVE('',#4417,#4417,#4419,.T.);
#4417 = VERTEX_POINT('',#4418);
#4418 = CARTESIAN_POINT('',(-47.,44.,35.));
#4419 = CIRCLE('',#4420,2.);
#4420 = AXIS2_PLACEMENT_3D('',#4421,#4422,#4423);
#4421 = CARTESIAN_POINT('',(-49.,44.,35.));
#4422 = DIRECTION('',(7.395570986447E-31,1.,-2.22044604925E-15));
#4423 = DIRECTION('',(1.,0.,3.330669073875E-16));
#4424 = PLANE('',#4425);
#4425 = AXIS2_PLACEMENT_3D('',#4426,#4427,#4428);
#4426 = CARTESIAN_POINT('',(-49.,44.,35.));
#4427 = DIRECTION('',(7.88860905221E-31,1.,-2.553512956638E-15));
#4428 = DIRECTION('',(1.,0.,3.330669073875E-16));
#4429 = ADVANCED_FACE('',(#4430,#4433),#4444,.T.);
#4430 = FACE_BOUND('',#4431,.T.);
#4431 = EDGE_LOOP('',(#4432));
#4432 = ORIENTED_EDGE('',*,*,#4257,.T.);
#4433 = FACE_BOUND('',#4434,.T.);
#4434 = EDGE_LOOP('',(#4435));
#4435 = ORIENTED_EDGE('',*,*,#4436,.T.);
#4436 = EDGE_CURVE('',#4437,#4437,#4439,.T.);
#4437 = VERTEX_POINT('',#4438);
#4438 = CARTESIAN_POINT('',(-37.2,6.5,24.5));
#4439 = CIRCLE('',#4440,1.8);
#4440 = AXIS2_PLACEMENT_3D('',#4441,#4442,#4443);
#4441 = CARTESIAN_POINT('',(-39.,6.5,24.5));
#4442 = DIRECTION('',(-1.627025617018E-30,-1.,4.884981308351E-15));
#4443 = DIRECTION('',(1.,0.,3.330669073875E-16));
#4444 = PLANE('',#4445);
#4445 = AXIS2_PLACEMENT_3D('',#4446,#4447,#4448);
#4446 = CARTESIAN_POINT('',(-39.,6.5,24.5));
#4447 = DIRECTION('',(1.577721810442E-30,1.,-5.218048215738E-15));
#4448 = DIRECTION('',(1.,0.,3.330669073875E-16));
#4449 = ADVANCED_FACE('',(#4450,#4453),#4464,.T.);
#4450 = FACE_BOUND('',#4451,.T.);
#4451 = EDGE_LOOP('',(#4452));
#4452 = ORIENTED_EDGE('',*,*,#4282,.T.);
#4453 = FACE_BOUND('',#4454,.T.);
#4454 = EDGE_LOOP('',(#4455));
#4455 = ORIENTED_EDGE('',*,*,#4456,.T.);
#4456 = EDGE_CURVE('',#4457,#4457,#4459,.T.);
#4457 = VERTEX_POINT('',#4458);
#4458 = CARTESIAN_POINT('',(20.8,6.5,-24.5));
#4459 = CIRCLE('',#4460,1.8);
#4460 = AXIS2_PLACEMENT_3D('',#4461,#4462,#4463);
#4461 = CARTESIAN_POINT('',(19.,6.5,-24.5));
#4462 = DIRECTION('',(-9.614242282381E-31,-1.,2.886579864025E-15));
#4463 = DIRECTION('',(1.,0.,3.330669073875E-16));
#4464 = PLANE('',#4465);
#4465 = AXIS2_PLACEMENT_3D('',#4466,#4467,#4468);
#4466 = CARTESIAN_POINT('',(19.,6.5,-24.5));
#4467 = DIRECTION('',(1.183291357832E-30,1.,-3.219646771413E-15));
#4468 = DIRECTION('',(1.,0.,3.330669073875E-16));
#4469 = ADVANCED_FACE('',(#4470,#4473),#4484,.T.);
#4470 = FACE_BOUND('',#4471,.T.);
#4471 = EDGE_LOOP('',(#4472));
#4472 = ORIENTED_EDGE('',*,*,#4307,.T.);
#4473 = FACE_BOUND('',#4474,.T.);
#4474 = EDGE_LOOP('',(#4475));
#4475 = ORIENTED_EDGE('',*,*,#4476,.F.);
#4476 = EDGE_CURVE('',#4477,#4477,#4479,.T.);
#4477 = VERTEX_POINT('',#4478);
#4478 = CARTESIAN_POINT('',(51.,44.,-35.));
#4479 = CIRCLE('',#4480,2.);
#4480 = AXIS2_PLACEMENT_3D('',#4481,#4482,#4483);
#4481 = CARTESIAN_POINT('',(49.,44.,-35.));
#4482 = DIRECTION('',(7.395570986447E-32,1.,-2.22044604925E-16));
#4483 = DIRECTION('',(1.,0.,3.330669073875E-16));
#4484 = PLANE('',#4485);
#4485 = AXIS2_PLACEMENT_3D('',#4486,#4487,#4488);
#4486 = CARTESIAN_POINT('',(49.,44.,-35.));
#4487 = DIRECTION('',(1.972152263053E-31,1.,-5.551115123126E-16));
#4488 = DIRECTION('',(1.,0.,3.330669073875E-16));
#4489 = ADVANCED_FACE('',(#4490,#4493),#4504,.T.);
#4490 = FACE_BOUND('',#4491,.T.);
#4491 = EDGE_LOOP('',(#4492));
#4492 = ORIENTED_EDGE('',*,*,#4332,.T.);
#4493 = FACE_BOUND('',#4494,.T.);
#4494 = EDGE_LOOP('',(#4495));
#4495 = ORIENTED_EDGE('',*,*,#4496,.T.);
#4496 = EDGE_CURVE('',#4497,#4497,#4499,.T.);
#4497 = VERTEX_POINT('',#4498);
#4498 = CARTESIAN_POINT('',(20.8,6.5,24.5));
#4499 = CIRCLE('',#4500,1.8);
#4500 = AXIS2_PLACEMENT_3D('',#4501,#4502,#4503);
#4501 = CARTESIAN_POINT('',(19.,6.5,24.5));
#4502 = DIRECTION('',(-1.405158487425E-30,-1.,4.218847493576E-15));
#4503 = DIRECTION('',(1.,0.,3.330669073875E-16));
#4504 = PLANE('',#4505);
#4505 = AXIS2_PLACEMENT_3D('',#4506,#4507,#4508);
#4506 = CARTESIAN_POINT('',(19.,6.5,24.5));
#4507 = DIRECTION('',(1.577721810442E-30,1.,-4.551914400963E-15));
#4508 = DIRECTION('',(1.,0.,3.330669073875E-16));
#4509 = ADVANCED_FACE('',(#4510,#4513),#4524,.T.);
#4510 = FACE_BOUND('',#4511,.T.);
#4511 = EDGE_LOOP('',(#4512));
#4512 = ORIENTED_EDGE('',*,*,#4357,.T.);
#4513 = FACE_BOUND('',#4514,.T.);
#4514 = EDGE_LOOP('',(#4515));
#4515 = ORIENTED_EDGE('',*,*,#4516,.F.);
#4516 = EDGE_CURVE('',#4517,#4517,#4519,.T.);
#4517 = VERTEX_POINT('',#4518);
#4518 = CARTESIAN_POINT('',(51.,44.,35.));
#4519 = CIRCLE('',#4520,2.);
#4520 = AXIS2_PLACEMENT_3D('',#4521,#4522,#4523);
#4521 = CARTESIAN_POINT('',(49.,44.,35.));
#4522 = DIRECTION('',(5.176899690513E-31,1.,-1.554312234475E-15));
#4523 = DIRECTION('',(1.,0.,3.330669073875E-16));
#4524 = PLANE('',#4525);
#4525 = AXIS2_PLACEMENT_3D('',#4526,#4527,#4528);
#4526 = CARTESIAN_POINT('',(49.,44.,35.));
#4527 = DIRECTION('',(7.88860905221E-31,1.,-1.887379141863E-15));
#4528 = DIRECTION('',(1.,0.,3.330669073875E-16));
#4529 = ADVANCED_FACE('',(#4530),#4549,.F.);
#4530 = FACE_BOUND('',#4531,.T.);
#4531 = EDGE_LOOP('',(#4532,#4540,#4541,#4542));
#4532 = ORIENTED_EDGE('',*,*,#4533,.T.);
#4533 = EDGE_CURVE('',#4534,#4377,#4536,.T.);
#4534 = VERTEX_POINT('',#4535);
#4535 = CARTESIAN_POINT('',(-47.,37.,-35.));
#4536 = LINE('',#4537,#4538);
#4537 = CARTESIAN_POINT('',(-47.,37.,-35.));
#4538 = VECTOR('',#4539,1.);
#4539 = DIRECTION('',(2.958228394579E-31,1.,-8.881784197001E-16));
#4540 = ORIENTED_EDGE('',*,*,#4376,.T.);
#4541 = ORIENTED_EDGE('',*,*,#4533,.F.);
#4542 = ORIENTED_EDGE('',*,*,#4543,.F.);
#4543 = EDGE_CURVE('',#4534,#4534,#4544,.T.);
#4544 = CIRCLE('',#4545,2.);
#4545 = AXIS2_PLACEMENT_3D('',#4546,#4547,#4548);
#4546 = CARTESIAN_POINT('',(-49.,37.,-35.));
#4547 = DIRECTION('',(2.958228394579E-31,1.,-8.881784197001E-16));
#4548 = DIRECTION('',(1.,0.,3.330669073875E-16));
#4549 = CYLINDRICAL_SURFACE('',#4550,2.);
#4550 = AXIS2_PLACEMENT_3D('',#4551,#4552,#4553);
#4551 = CARTESIAN_POINT('',(-49.,37.,-35.));
#4552 = DIRECTION('',(-2.958228394579E-31,-1.,8.881784197001E-16));
#4553 = DIRECTION('',(1.,0.,3.330669073875E-16));
#4554 = ADVANCED_FACE('',(#4555),#4574,.F.);
#4555 = FACE_BOUND('',#4556,.T.);
#4556 = EDGE_LOOP('',(#4557,#4566,#4572,#4573));
#4557 = ORIENTED_EDGE('',*,*,#4558,.F.);
#4558 = EDGE_CURVE('',#4559,#4559,#4561,.T.);
#4559 = VERTEX_POINT('',#4560);
#4560 = CARTESIAN_POINT('',(-37.2,3.,-24.5));
#4561 = CIRCLE('',#4562,1.8);
#4562 = AXIS2_PLACEMENT_3D('',#4563,#4564,#4565);
#4563 = CARTESIAN_POINT('',(-39.,3.,-24.5));
#4564 = DIRECTION('',(1.183291357832E-30,1.,-3.552713678801E-15));
#4565 = DIRECTION('',(1.,0.,3.330669073875E-16));
#4566 = ORIENTED_EDGE('',*,*,#4567,.T.);
#4567 = EDGE_CURVE('',#4559,#4397,#4568,.T.);
#4568 = LINE('',#4569,#4570);
#4569 = CARTESIAN_POINT('',(-37.2,3.,-24.5));
#4570 = VECTOR('',#4571,1.);
#4571 = DIRECTION('',(1.183291357832E-30,1.,-3.552713678801E-15));
#4572 = ORIENTED_EDGE('',*,*,#4396,.F.);
#4573 = ORIENTED_EDGE('',*,*,#4567,.F.);
#4574 = CYLINDRICAL_SURFACE('',#4575,1.8);
#4575 = AXIS2_PLACEMENT_3D('',#4576,#4577,#4578);
#4576 = CARTESIAN_POINT('',(-39.,3.,-24.5));
#4577 = DIRECTION('',(-1.183291357832E-30,-1.,3.552713678801E-15));
#4578 = DIRECTION('',(1.,0.,3.330669073875E-16));
#4579 = ADVANCED_FACE('',(#4580),#4599,.F.);
#4580 = FACE_BOUND('',#4581,.T.);
#4581 = EDGE_LOOP('',(#4582,#4590,#4591,#4592));
#4582 = ORIENTED_EDGE('',*,*,#4583,.T.);
#4583 = EDGE_CURVE('',#4584,#4417,#4586,.T.);
#4584 = VERTEX_POINT('',#4585);
#4585 = CARTESIAN_POINT('',(-47.,37.,35.));
#4586 = LINE('',#4587,#4588);
#4587 = CARTESIAN_POINT('',(-47.,37.,35.));
#4588 = VECTOR('',#4589,1.);
#4589 = DIRECTION('',(7.88860905221E-31,1.,-2.22044604925E-15));
#4590 = ORIENTED_EDGE('',*,*,#4416,.T.);
#4591 = ORIENTED_EDGE('',*,*,#4583,.F.);
#4592 = ORIENTED_EDGE('',*,*,#4593,.F.);
#4593 = EDGE_CURVE('',#4584,#4584,#4594,.T.);
#4594 = CIRCLE('',#4595,2.);
#4595 = AXIS2_PLACEMENT_3D('',#4596,#4597,#4598);
#4596 = CARTESIAN_POINT('',(-49.,37.,35.));
#4597 = DIRECTION('',(7.395570986447E-31,1.,-2.22044604925E-15));
#4598 = DIRECTION('',(1.,0.,3.330669073875E-16));
#4599 = CYLINDRICAL_SURFACE('',#4600,2.);
#4600 = AXIS2_PLACEMENT_3D('',#4601,#4602,#4603);
#4601 = CARTESIAN_POINT('',(-49.,37.,35.));
#4602 = DIRECTION('',(-7.88860905221E-31,-1.,2.22044604925E-15));
#4603 = DIRECTION('',(1.,0.,3.330669073875E-16));
#4604 = ADVANCED_FACE('',(#4605),#4624,.F.);
#4605 = FACE_BOUND('',#4606,.T.);
#4606 = EDGE_LOOP('',(#4607,#4616,#4622,#4623));
#4607 = ORIENTED_EDGE('',*,*,#4608,.F.);
#4608 = EDGE_CURVE('',#4609,#4609,#4611,.T.);
#4609 = VERTEX_POINT('',#4610);
#4610 = CARTESIAN_POINT('',(-37.2,3.,24.5));
#4611 = CIRCLE('',#4612,1.8);
#4612 = AXIS2_PLACEMENT_3D('',#4613,#4614,#4615);
#4613 = CARTESIAN_POINT('',(-39.,3.,24.5));
#4614 = DIRECTION('',(1.627025617018E-30,1.,-4.884981308351E-15));
#4615 = DIRECTION('',(1.,0.,3.330669073875E-16));
#4616 = ORIENTED_EDGE('',*,*,#4617,.T.);
#4617 = EDGE_CURVE('',#4609,#4437,#4618,.T.);
#4618 = LINE('',#4619,#4620);
#4619 = CARTESIAN_POINT('',(-37.2,3.,24.5));
#4620 = VECTOR('',#4621,1.);
#4621 = DIRECTION('',(1.577721810442E-30,1.,-4.884981308351E-15));
#4622 = ORIENTED_EDGE('',*,*,#4436,.F.);
#4623 = ORIENTED_EDGE('',*,*,#4617,.F.);
#4624 = CYLINDRICAL_SURFACE('',#4625,1.8);
#4625 = AXIS2_PLACEMENT_3D('',#4626,#4627,#4628);
#4626 = CARTESIAN_POINT('',(-39.,3.,24.5));
#4627 = DIRECTION('',(-1.577721810442E-30,-1.,4.884981308351E-15));
#4628 = DIRECTION('',(1.,0.,3.330669073875E-16));
#4629 = ADVANCED_FACE('',(#4630),#4649,.F.);
#4630 = FACE_BOUND('',#4631,.T.);
#4631 = EDGE_LOOP('',(#4632,#4641,#4647,#4648));
#4632 = ORIENTED_EDGE('',*,*,#4633,.F.);
#4633 = EDGE_CURVE('',#4634,#4634,#4636,.T.);
#4634 = VERTEX_POINT('',#4635);
#4635 = CARTESIAN_POINT('',(20.8,3.,-24.5));
#4636 = CIRCLE('',#4637,1.8);
#4637 = AXIS2_PLACEMENT_3D('',#4638,#4639,#4640);
#4638 = CARTESIAN_POINT('',(19.,3.,-24.5));
#4639 = DIRECTION('',(9.614242282381E-31,1.,-2.886579864025E-15));
#4640 = DIRECTION('',(1.,0.,3.330669073875E-16));
#4641 = ORIENTED_EDGE('',*,*,#4642,.T.);
#4642 = EDGE_CURVE('',#4634,#4457,#4643,.T.);
#4643 = LINE('',#4644,#4645);
#4644 = CARTESIAN_POINT('',(20.8,3.,-24.5));
#4645 = VECTOR('',#4646,1.);
#4646 = DIRECTION('',(7.88860905221E-31,1.,-2.886579864025E-15));
#4647 = ORIENTED_EDGE('',*,*,#4456,.F.);
#4648 = ORIENTED_EDGE('',*,*,#4642,.F.);
#4649 = CYLINDRICAL_SURFACE('',#4650,1.8);
#4650 = AXIS2_PLACEMENT_3D('',#4651,#4652,#4653);
#4651 = CARTESIAN_POINT('',(19.,3.,-24.5));
#4652 = DIRECTION('',(-7.88860905221E-31,-1.,2.886579864025E-15));
#4653 = DIRECTION('',(1.,0.,3.330669073875E-16));
#4654 = ADVANCED_FACE('',(#4655),#4674,.F.);
#4655 = FACE_BOUND('',#4656,.T.);
#4656 = EDGE_LOOP('',(#4657,#4665,#4666,#4667));
#4657 = ORIENTED_EDGE('',*,*,#4658,.T.);
#4658 = EDGE_CURVE('',#4659,#4477,#4661,.T.);
#4659 = VERTEX_POINT('',#4660);
#4660 = CARTESIAN_POINT('',(51.,37.,-35.));
#4661 = LINE('',#4662,#4663);
#4662 = CARTESIAN_POINT('',(51.,37.,-35.));
#4663 = VECTOR('',#4664,1.);
#4664 = DIRECTION('',(7.395570986447E-32,1.,-2.22044604925E-16));
#4665 = ORIENTED_EDGE('',*,*,#4476,.T.);
#4666 = ORIENTED_EDGE('',*,*,#4658,.F.);
#4667 = ORIENTED_EDGE('',*,*,#4668,.F.);
#4668 = EDGE_CURVE('',#4659,#4659,#4669,.T.);
#4669 = CIRCLE('',#4670,2.);
#4670 = AXIS2_PLACEMENT_3D('',#4671,#4672,#4673);
#4671 = CARTESIAN_POINT('',(49.,37.,-35.));
#4672 = DIRECTION('',(7.395570986447E-32,1.,-2.22044604925E-16));
#4673 = DIRECTION('',(1.,0.,3.330669073875E-16));
#4674 = CYLINDRICAL_SURFACE('',#4675,2.);
#4675 = AXIS2_PLACEMENT_3D('',#4676,#4677,#4678);
#4676 = CARTESIAN_POINT('',(49.,37.,-35.));
#4677 = DIRECTION('',(-7.395570986447E-32,-1.,2.22044604925E-16));
#4678 = DIRECTION('',(1.,0.,3.330669073875E-16));
#4679 = ADVANCED_FACE('',(#4680),#4699,.F.);
#4680 = FACE_BOUND('',#4681,.T.);
#4681 = EDGE_LOOP('',(#4682,#4691,#4697,#4698));
#4682 = ORIENTED_EDGE('',*,*,#4683,.F.);
#4683 = EDGE_CURVE('',#4684,#4684,#4686,.T.);
#4684 = VERTEX_POINT('',#4685);
#4685 = CARTESIAN_POINT('',(20.8,3.,24.5));
#4686 = CIRCLE('',#4687,1.8);
#4687 = AXIS2_PLACEMENT_3D('',#4688,#4689,#4690);
#4688 = CARTESIAN_POINT('',(19.,3.,24.5));
#4689 = DIRECTION('',(1.405158487425E-30,1.,-4.218847493576E-15));
#4690 = DIRECTION('',(1.,0.,3.330669073875E-16));
#4691 = ORIENTED_EDGE('',*,*,#4692,.T.);
#4692 = EDGE_CURVE('',#4684,#4497,#4693,.T.);
#4693 = LINE('',#4694,#4695);
#4694 = CARTESIAN_POINT('',(20.8,3.,24.5));
#4695 = VECTOR('',#4696,1.);
#4696 = DIRECTION('',(1.577721810442E-30,1.,-4.218847493576E-15));
#4697 = ORIENTED_EDGE('',*,*,#4496,.F.);
#4698 = ORIENTED_EDGE('',*,*,#4692,.F.);
#4699 = CYLINDRICAL_SURFACE('',#4700,1.8);
#4700 = AXIS2_PLACEMENT_3D('',#4701,#4702,#4703);
#4701 = CARTESIAN_POINT('',(19.,3.,24.5));
#4702 = DIRECTION('',(-1.577721810442E-30,-1.,4.218847493576E-15));
#4703 = DIRECTION('',(1.,0.,3.330669073875E-16));
#4704 = ADVANCED_FACE('',(#4705),#4724,.F.);
#4705 = FACE_BOUND('',#4706,.T.);
#4706 = EDGE_LOOP('',(#4707,#4715,#4716,#4717));
#4707 = ORIENTED_EDGE('',*,*,#4708,.T.);
#4708 = EDGE_CURVE('',#4709,#4517,#4711,.T.);
#4709 = VERTEX_POINT('',#4710);
#4710 = CARTESIAN_POINT('',(51.,37.,35.));
#4711 = LINE('',#4712,#4713);
#4712 = CARTESIAN_POINT('',(51.,37.,35.));
#4713 = VECTOR('',#4714,1.);
#4714 = DIRECTION('',(5.916456789158E-31,1.,-1.554312234475E-15));
#4715 = ORIENTED_EDGE('',*,*,#4516,.T.);
#4716 = ORIENTED_EDGE('',*,*,#4708,.F.);
#4717 = ORIENTED_EDGE('',*,*,#4718,.F.);
#4718 = EDGE_CURVE('',#4709,#4709,#4719,.T.);
#4719 = CIRCLE('',#4720,2.);
#4720 = AXIS2_PLACEMENT_3D('',#4721,#4722,#4723);
#4721 = CARTESIAN_POINT('',(49.,37.,35.));
#4722 = DIRECTION('',(5.176899690513E-31,1.,-1.554312234475E-15));
#4723 = DIRECTION('',(1.,0.,3.330669073875E-16));
#4724 = CYLINDRICAL_SURFACE('',#4725,2.);
#4725 = AXIS2_PLACEMENT_3D('',#4726,#4727,#4728);
#4726 = CARTESIAN_POINT('',(49.,37.,35.));
#4727 = DIRECTION('',(-5.916456789158E-31,-1.,1.554312234475E-15));
#4728 = DIRECTION('',(1.,0.,3.330669073875E-16));
#4729 = ADVANCED_FACE('',(#4730),#4733,.T.);
#4730 = FACE_BOUND('',#4731,.F.);
#4731 = EDGE_LOOP('',(#4732));
#4732 = ORIENTED_EDGE('',*,*,#4543,.F.);
#4733 = PLANE('',#4734);
#4734 = AXIS2_PLACEMENT_3D('',#4735,#4736,#4737);
#4735 = CARTESIAN_POINT('',(-49.,37.,-35.));
#4736 = DIRECTION('',(2.958228394579E-31,1.,-8.881784197001E-16));
#4737 = DIRECTION('',(1.,0.,3.330669073875E-16));
#4738 = ADVANCED_FACE('',(#4739),#4742,.T.);
#4739 = FACE_BOUND('',#4740,.F.);
#4740 = EDGE_LOOP('',(#4741));
#4741 = ORIENTED_EDGE('',*,*,#4558,.F.);
#4742 = PLANE('',#4743);
#4743 = AXIS2_PLACEMENT_3D('',#4744,#4745,#4746);
#4744 = CARTESIAN_POINT('',(-39.,3.,-24.5));
#4745 = DIRECTION('',(1.183291357832E-30,1.,-3.552713678801E-15));
#4746 = DIRECTION('',(1.,0.,3.330669073875E-16));
#4747 = ADVANCED_FACE('',(#4748),#4751,.T.);
#4748 = FACE_BOUND('',#4749,.F.);
#4749 = EDGE_LOOP('',(#4750));
#4750 = ORIENTED_EDGE('',*,*,#4593,.F.);
#4751 = PLANE('',#4752);
#4752 = AXIS2_PLACEMENT_3D('',#4753,#4754,#4755);
#4753 = CARTESIAN_POINT('',(-49.,37.,35.));
#4754 = DIRECTION('',(7.88860905221E-31,1.,-2.22044604925E-15));
#4755 = DIRECTION('',(1.,0.,3.330669073875E-16));
#4756 = ADVANCED_FACE('',(#4757),#4760,.T.);
#4757 = FACE_BOUND('',#4758,.F.);
#4758 = EDGE_LOOP('',(#4759));
#4759 = ORIENTED_EDGE('',*,*,#4608,.F.);
#4760 = PLANE('',#4761);
#4761 = AXIS2_PLACEMENT_3D('',#4762,#4763,#4764);
#4762 = CARTESIAN_POINT('',(-39.,3.,24.5));
#4763 = DIRECTION('',(1.577721810442E-30,1.,-4.884981308351E-15));
#4764 = DIRECTION('',(1.,0.,3.330669073875E-16));
#4765 = ADVANCED_FACE('',(#4766),#4769,.T.);
#4766 = FACE_BOUND('',#4767,.F.);
#4767 = EDGE_LOOP('',(#4768));
#4768 = ORIENTED_EDGE('',*,*,#4633,.F.);
#4769 = PLANE('',#4770);
#4770 = AXIS2_PLACEMENT_3D('',#4771,#4772,#4773);
#4771 = CARTESIAN_POINT('',(19.,3.,-24.5));
#4772 = DIRECTION('',(7.88860905221E-31,1.,-2.886579864025E-15));
#4773 = DIRECTION('',(1.,0.,3.330669073875E-16));
#4774 = ADVANCED_FACE('',(#4775),#4778,.T.);
#4775 = FACE_BOUND('',#4776,.F.);
#4776 = EDGE_LOOP('',(#4777));
#4777 = ORIENTED_EDGE('',*,*,#4668,.F.);
#4778 = PLANE('',#4779);
#4779 = AXIS2_PLACEMENT_3D('',#4780,#4781,#4782);
#4780 = CARTESIAN_POINT('',(49.,37.,-35.));
#4781 = DIRECTION('',(7.395570986447E-32,1.,-2.22044604925E-16));
#4782 = DIRECTION('',(1.,0.,3.330669073875E-16));
#4783 = ADVANCED_FACE('',(#4784),#4787,.T.);
#4784 = FACE_BOUND('',#4785,.F.);
#4785 = EDGE_LOOP('',(#4786));
#4786 = ORIENTED_EDGE('',*,*,#4683,.F.);
#4787 = PLANE('',#4788);
#4788 = AXIS2_PLACEMENT_3D('',#4789,#4790,#4791);
#4789 = CARTESIAN_POINT('',(19.,3.,24.5));
#4790 = DIRECTION('',(1.577721810442E-30,1.,-4.218847493576E-15));
#4791 = DIRECTION('',(1.,0.,3.330669073875E-16));
#4792 = ADVANCED_FACE('',(#4793),#4796,.T.);
#4793 = FACE_BOUND('',#4794,.F.);
#4794 = EDGE_LOOP('',(#4795));
#4795 = ORIENTED_EDGE('',*,*,#4718,.F.);
#4796 = PLANE('',#4797);
#4797 = AXIS2_PLACEMENT_3D('',#4798,#4799,#4800);
#4798 = CARTESIAN_POINT('',(49.,37.,35.));
#4799 = DIRECTION('',(5.916456789158E-31,1.,-1.554312234475E-15));
#4800 = DIRECTION('',(1.,0.,3.330669073875E-16));
#4801 = ( GEOMETRIC_REPRESENTATION_CONTEXT(3) 
GLOBAL_UNCERTAINTY_ASSIGNED_CONTEXT((#4805)) 
GLOBAL_UNIT_ASSIGNED_CONTEXT((#4802,#4803,#4804)) REPRESENTATION_CONTEXT
('Context #1','3D Context with UNIT and UNCERTAINTY') );
#4802 = ( LENGTH_UNIT() NAMED_UNIT(*) SI_UNIT(.MILLI.,.METRE.) );
#4803 = ( NAMED_UNIT(*) PLANE_ANGLE_UNIT() SI_UNIT($,.RADIAN.) );
#4804 = ( NAMED_UNIT(*) SI_UNIT($,.STERADIAN.) SOLID_ANGLE_UNIT() );
#4805 = UNCERTAINTY_MEASURE_WITH_UNIT(LENGTH_MEASURE(2.E-07),#4802,
  'distance_accuracy_value','confusion accuracy');
#4806 = PRODUCT_RELATED_PRODUCT_CATEGORY('part',$,(#7));
ENDSEC;
END-ISO-10303-21;
