ISO-10303-21;
HEADER;
FILE_DESCRIPTION(('FreeCAD Model'),'2;1');
FILE_NAME('Open CASCADE Shape Model','2026-10-08T19:20:52',('Author'),(
    ''),'Open CASCADE STEP processor 8.0','FreeCAD','Unknown');
FILE_SCHEMA(('AUTOMOTIVE_DESIGN { 1 0 10303 214 1 1 1 1 }'));
ENDSEC;
DATA;
#1 = APPLICATION_PROTOCOL_DEFINITION('international standard',
  'automotive_design',2000,#2);
#2 = APPLICATION_CONTEXT(
  'core data for automotive mechanical design processes');
#3 = SHAPE_DEFINITION_REPRESENTATION(#4,#10);
#4 = PRODUCT_DEFINITION_SHAPE('','',#5);
#5 = PRODUCT_DEFINITION('design','',#6,#9);
#6 = PRODUCT_DEFINITION_FORMATION('','',#7);
#7 = PRODUCT('FrontAssembly','FrontAssembly','',(#8));
#8 = PRODUCT_CONTEXT('',#2,'mechanical');
#9 = PRODUCT_DEFINITION_CONTEXT('part definition',#2,'design');
#10 = ADVANCED_BREP_SHAPE_REPRESENTATION('',(#11,#15),#3611);
#11 = AXIS2_PLACEMENT_3D('',#12,#13,#14);
#12 = CARTESIAN_POINT('',(0.,0.,0.));
#13 = DIRECTION('',(0.,0.,1.));
#14 = DIRECTION('',(1.,0.,-0.));
#15 = MANIFOLD_SOLID_BREP('',#16);
#16 = CLOSED_SHELL('',(#17,#57,#88,#119,#141,#203,#226,#250,#282,#306,
    #330,#349,#383,#423,#454,#485,#507,#553,#584,#608,#632,#649,#695,
    #735,#766,#797,#819,#897,#928,#944,#993,#1009,#1026,#1051,#1075,
    #1093,#1127,#1167,#1198,#1229,#1251,#1313,#1360,#1384,#1408,#1431,
    #1448,#1459,#1493,#1533,#1566,#1599,#1858,#1882,#1907,#1931,#1956,
    #1973,#1998,#2023,#2070,#2110,#2134,#2159,#2184,#2215,#2247,#2287,
    #2311,#2351,#2382,#2424,#2472,#2488,#2520,#2544,#2568,#2599,#2623,
    #2647,#2665,#2690,#2710,#2735,#2755,#2780,#2800,#2825,#2845,#2870,
    #2889,#2935,#2969,#3003,#3037,#3053,#3077,#3099,#3116,#3133,#3145,
    #3162,#3179,#3196,#3213,#3230,#3247,#3272,#3315,#3346,#3386,#3417,
    #3448,#3470,#3507,#3524,#3541,#3553));
#17 = ADVANCED_FACE('',(#18),#52,.F.);
#18 = FACE_BOUND('',#19,.F.);
#19 = EDGE_LOOP('',(#20,#30,#38,#46));
#20 = ORIENTED_EDGE('',*,*,#21,.F.);
#21 = EDGE_CURVE('',#22,#24,#26,.T.);
#22 = VERTEX_POINT('',#23);
#23 = CARTESIAN_POINT('',(12.5,44.,9.));
#24 = VERTEX_POINT('',#25);
#25 = CARTESIAN_POINT('',(12.5,47.,9.));
#26 = LINE('',#27,#28);
#27 = CARTESIAN_POINT('',(12.5,43.,9.));
#28 = VECTOR('',#29,1.);
#29 = DIRECTION('',(0.,1.,0.));
#30 = ORIENTED_EDGE('',*,*,#31,.T.);
#31 = EDGE_CURVE('',#22,#32,#34,.T.);
#32 = VERTEX_POINT('',#33);
#33 = CARTESIAN_POINT('',(46.5,44.,9.));
#34 = LINE('',#35,#36);
#35 = CARTESIAN_POINT('',(-21.75,44.,9.));
#36 = VECTOR('',#37,1.);
#37 = DIRECTION('',(1.,0.,0.));
#38 = ORIENTED_EDGE('',*,*,#39,.T.);
#39 = EDGE_CURVE('',#32,#40,#42,.T.);
#40 = VERTEX_POINT('',#41);
#41 = CARTESIAN_POINT('',(46.5,47.,9.));
#42 = LINE('',#43,#44);
#43 = CARTESIAN_POINT('',(46.5,43.,9.));
#44 = VECTOR('',#45,1.);
#45 = DIRECTION('',(0.,1.,0.));
#46 = ORIENTED_EDGE('',*,*,#47,.F.);
#47 = EDGE_CURVE('',#24,#40,#48,.T.);
#48 = LINE('',#49,#50);
#49 = CARTESIAN_POINT('',(-21.75,47.,9.));
#50 = VECTOR('',#51,1.);
#51 = DIRECTION('',(1.,0.,0.));
#52 = PLANE('',#53);
#53 = AXIS2_PLACEMENT_3D('',#54,#55,#56);
#54 = CARTESIAN_POINT('',(12.5,43.,9.));
#55 = DIRECTION('',(0.,0.,1.));
#56 = DIRECTION('',(1.,0.,0.));
#57 = ADVANCED_FACE('',(#58),#83,.T.);
#58 = FACE_BOUND('',#59,.T.);
#59 = EDGE_LOOP('',(#60,#61,#69,#77));
#60 = ORIENTED_EDGE('',*,*,#21,.F.);
#61 = ORIENTED_EDGE('',*,*,#62,.T.);
#62 = EDGE_CURVE('',#22,#63,#65,.T.);
#63 = VERTEX_POINT('',#64);
#64 = CARTESIAN_POINT('',(12.5,44.,-5.));
#65 = LINE('',#66,#67);
#66 = CARTESIAN_POINT('',(12.5,44.,-23.5));
#67 = VECTOR('',#68,1.);
#68 = DIRECTION('',(0.,-2.6645352591E-15,-1.));
#69 = ORIENTED_EDGE('',*,*,#70,.T.);
#70 = EDGE_CURVE('',#63,#71,#73,.T.);
#71 = VERTEX_POINT('',#72);
#72 = CARTESIAN_POINT('',(12.5,47.,-5.));
#73 = LINE('',#74,#75);
#74 = CARTESIAN_POINT('',(12.5,43.,-5.));
#75 = VECTOR('',#76,1.);
#76 = DIRECTION('',(0.,1.,0.));
#77 = ORIENTED_EDGE('',*,*,#78,.F.);
#78 = EDGE_CURVE('',#24,#71,#79,.T.);
#79 = LINE('',#80,#81);
#80 = CARTESIAN_POINT('',(12.5,47.,-23.5));
#81 = VECTOR('',#82,1.);
#82 = DIRECTION('',(0.,-2.6645352591E-15,-1.));
#83 = PLANE('',#84);
#84 = AXIS2_PLACEMENT_3D('',#85,#86,#87);
#85 = CARTESIAN_POINT('',(12.5,43.,-5.));
#86 = DIRECTION('',(1.,0.,0.));
#87 = DIRECTION('',(0.,0.,1.));
#88 = ADVANCED_FACE('',(#89),#114,.F.);
#89 = FACE_BOUND('',#90,.F.);
#90 = EDGE_LOOP('',(#91,#92,#100,#108));
#91 = ORIENTED_EDGE('',*,*,#39,.F.);
#92 = ORIENTED_EDGE('',*,*,#93,.T.);
#93 = EDGE_CURVE('',#32,#94,#96,.T.);
#94 = VERTEX_POINT('',#95);
#95 = CARTESIAN_POINT('',(46.5,44.,-5.));
#96 = LINE('',#97,#98);
#97 = CARTESIAN_POINT('',(46.5,44.,-23.5));
#98 = VECTOR('',#99,1.);
#99 = DIRECTION('',(0.,-2.6645352591E-15,-1.));
#100 = ORIENTED_EDGE('',*,*,#101,.T.);
#101 = EDGE_CURVE('',#94,#102,#104,.T.);
#102 = VERTEX_POINT('',#103);
#103 = CARTESIAN_POINT('',(46.5,47.,-5.));
#104 = LINE('',#105,#106);
#105 = CARTESIAN_POINT('',(46.5,43.,-5.));
#106 = VECTOR('',#107,1.);
#107 = DIRECTION('',(0.,1.,0.));
#108 = ORIENTED_EDGE('',*,*,#109,.F.);
#109 = EDGE_CURVE('',#40,#102,#110,.T.);
#110 = LINE('',#111,#112);
#111 = CARTESIAN_POINT('',(46.5,47.,-23.5));
#112 = VECTOR('',#113,1.);
#113 = DIRECTION('',(0.,-2.6645352591E-15,-1.));
#114 = PLANE('',#115);
#115 = AXIS2_PLACEMENT_3D('',#116,#117,#118);
#116 = CARTESIAN_POINT('',(46.5,43.,-5.));
#117 = DIRECTION('',(1.,0.,0.));
#118 = DIRECTION('',(0.,0.,1.));
#119 = ADVANCED_FACE('',(#120),#136,.T.);
#120 = FACE_BOUND('',#121,.T.);
#121 = EDGE_LOOP('',(#122,#123,#129,#130));
#122 = ORIENTED_EDGE('',*,*,#70,.F.);
#123 = ORIENTED_EDGE('',*,*,#124,.T.);
#124 = EDGE_CURVE('',#63,#94,#125,.T.);
#125 = LINE('',#126,#127);
#126 = CARTESIAN_POINT('',(-21.75,44.,-5.));
#127 = VECTOR('',#128,1.);
#128 = DIRECTION('',(1.,0.,0.));
#129 = ORIENTED_EDGE('',*,*,#101,.T.);
#130 = ORIENTED_EDGE('',*,*,#131,.F.);
#131 = EDGE_CURVE('',#71,#102,#132,.T.);
#132 = LINE('',#133,#134);
#133 = CARTESIAN_POINT('',(-21.75,47.,-5.));
#134 = VECTOR('',#135,1.);
#135 = DIRECTION('',(1.,0.,0.));
#136 = PLANE('',#137);
#137 = AXIS2_PLACEMENT_3D('',#138,#139,#140);
#138 = CARTESIAN_POINT('',(12.5,43.,-5.));
#139 = DIRECTION('',(0.,0.,1.));
#140 = DIRECTION('',(1.,0.,0.));
#141 = ADVANCED_FACE('',(#142,#192),#198,.T.);
#142 = FACE_BOUND('',#143,.T.);
#143 = EDGE_LOOP('',(#144,#154,#162,#170,#178,#186));
#144 = ORIENTED_EDGE('',*,*,#145,.F.);
#145 = EDGE_CURVE('',#146,#148,#150,.T.);
#146 = VERTEX_POINT('',#147);
#147 = CARTESIAN_POINT('',(24.,47.,13.));
#148 = VERTEX_POINT('',#149);
#149 = CARTESIAN_POINT('',(24.,47.,12.656087053488));
#150 = LINE('',#151,#152);
#151 = CARTESIAN_POINT('',(24.,47.,-15.0814736627));
#152 = VECTOR('',#153,1.);
#153 = DIRECTION('',(0.,-2.6645352591E-15,-1.));
#154 = ORIENTED_EDGE('',*,*,#155,.T.);
#155 = EDGE_CURVE('',#146,#156,#158,.T.);
#156 = VERTEX_POINT('',#157);
#157 = CARTESIAN_POINT('',(52.276075969022,47.,13.));
#158 = LINE('',#159,#160);
#159 = CARTESIAN_POINT('',(-24.97516503086,47.,13.));
#160 = VECTOR('',#161,1.);
#161 = DIRECTION('',(1.,-0.,0.));
#162 = ORIENTED_EDGE('',*,*,#163,.T.);
#163 = EDGE_CURVE('',#156,#164,#166,.T.);
#164 = VERTEX_POINT('',#165);
#165 = CARTESIAN_POINT('',(52.276075969022,47.,-9.));
#166 = LINE('',#167,#168);
#167 = CARTESIAN_POINT('',(52.276075969022,47.,-25.5));
#168 = VECTOR('',#169,1.);
#169 = DIRECTION('',(-7.139600708802E-16,-2.6645352591E-15,-1.));
#170 = ORIENTED_EDGE('',*,*,#171,.F.);
#171 = EDGE_CURVE('',#172,#164,#174,.T.);
#172 = VERTEX_POINT('',#173);
#173 = CARTESIAN_POINT('',(6.723924030978,47.,-9.));
#174 = LINE('',#175,#176);
#175 = CARTESIAN_POINT('',(-24.97516503086,47.,-9.));
#176 = VECTOR('',#177,1.);
#177 = DIRECTION('',(1.,-0.,0.));
#178 = ORIENTED_EDGE('',*,*,#179,.F.);
#179 = EDGE_CURVE('',#180,#172,#182,.T.);
#180 = VERTEX_POINT('',#181);
#181 = CARTESIAN_POINT('',(6.723924030978,47.,12.656087053488));
#182 = LINE('',#183,#184);
#183 = CARTESIAN_POINT('',(6.723924030978,47.,-25.5));
#184 = VECTOR('',#185,1.);
#185 = DIRECTION('',(-7.139600708802E-16,-2.6645352591E-15,-1.));
#186 = ORIENTED_EDGE('',*,*,#187,.T.);
#187 = EDGE_CURVE('',#180,#148,#188,.T.);
#188 = LINE('',#189,#190);
#189 = CARTESIAN_POINT('',(-40.,47.,12.656087053488));
#190 = VECTOR('',#191,1.);
#191 = DIRECTION('',(1.,-0.,-0.));
#192 = FACE_BOUND('',#193,.T.);
#193 = EDGE_LOOP('',(#194,#195,#196,#197));
#194 = ORIENTED_EDGE('',*,*,#47,.F.);
#195 = ORIENTED_EDGE('',*,*,#78,.T.);
#196 = ORIENTED_EDGE('',*,*,#131,.T.);
#197 = ORIENTED_EDGE('',*,*,#109,.F.);
#198 = PLANE('',#199);
#199 = AXIS2_PLACEMENT_3D('',#200,#201,#202);
#200 = CARTESIAN_POINT('',(-56.,47.,-42.));
#201 = DIRECTION('',(0.,1.,-2.6645352591E-15));
#202 = DIRECTION('',(0.,2.6645352591E-15,1.));
#203 = ADVANCED_FACE('',(#204),#221,.T.);
#204 = FACE_BOUND('',#205,.T.);
#205 = EDGE_LOOP('',(#206,#207,#215));
#206 = ORIENTED_EDGE('',*,*,#145,.T.);
#207 = ORIENTED_EDGE('',*,*,#208,.T.);
#208 = EDGE_CURVE('',#148,#209,#211,.T.);
#209 = VERTEX_POINT('',#210);
#210 = CARTESIAN_POINT('',(24.,47.737523693849,13.));
#211 = LINE('',#212,#213);
#212 = CARTESIAN_POINT('',(24.,45.243575106336,11.837052674598));
#213 = VECTOR('',#214,1.);
#214 = DIRECTION('',(0.,0.906307787037,0.422618261741));
#215 = ORIENTED_EDGE('',*,*,#216,.T.);
#216 = EDGE_CURVE('',#209,#146,#217,.T.);
#217 = LINE('',#218,#219);
#218 = CARTESIAN_POINT('',(24.,44.863612287567,13.));
#219 = VECTOR('',#220,1.);
#220 = DIRECTION('',(0.,-1.,0.));
#221 = PLANE('',#222);
#222 = AXIS2_PLACEMENT_3D('',#223,#224,#225);
#223 = CARTESIAN_POINT('',(24.,45.243575106336,11.837052674598));
#224 = DIRECTION('',(1.,0.,0.));
#225 = DIRECTION('',(0.,-0.422618261741,0.906307787037));
#226 = ADVANCED_FACE('',(#227),#245,.F.);
#227 = FACE_BOUND('',#228,.F.);
#228 = EDGE_LOOP('',(#229,#237,#238,#239));
#229 = ORIENTED_EDGE('',*,*,#230,.F.);
#230 = EDGE_CURVE('',#180,#231,#233,.T.);
#231 = VERTEX_POINT('',#232);
#232 = CARTESIAN_POINT('',(6.921542909144,47.737523693849,13.));
#233 = LINE('',#234,#235);
#234 = CARTESIAN_POINT('',(4.316548360209,38.015551683783,8.466569999338
    ));
#235 = VECTOR('',#236,1.);
#236 = DIRECTION('',(0.235985671161,0.88071051463,0.41068205759));
#237 = ORIENTED_EDGE('',*,*,#187,.T.);
#238 = ORIENTED_EDGE('',*,*,#208,.T.);
#239 = ORIENTED_EDGE('',*,*,#240,.T.);
#240 = EDGE_CURVE('',#209,#231,#241,.T.);
#241 = LINE('',#242,#243);
#242 = CARTESIAN_POINT('',(-8.975165030865,47.737523693849,13.));
#243 = VECTOR('',#244,1.);
#244 = DIRECTION('',(-1.,0.,0.));
#245 = PLANE('',#246);
#246 = AXIS2_PLACEMENT_3D('',#247,#248,#249);
#247 = CARTESIAN_POINT('',(-24.,45.243575106336,11.837052674598));
#248 = DIRECTION('',(0.,-0.422618261741,0.906307787037));
#249 = DIRECTION('',(1.,0.,0.));
#250 = ADVANCED_FACE('',(#251),#277,.T.);
#251 = FACE_BOUND('',#252,.T.);
#252 = EDGE_LOOP('',(#253,#261,#262,#263,#271));
#253 = ORIENTED_EDGE('',*,*,#254,.F.);
#254 = EDGE_CURVE('',#231,#255,#257,.T.);
#255 = VERTEX_POINT('',#256);
#256 = CARTESIAN_POINT('',(12.908374633486,70.080683865459,13.));
#257 = LINE('',#258,#259);
#258 = CARTESIAN_POINT('',(6.049669938269,44.483649468798,13.));
#259 = VECTOR('',#260,1.);
#260 = DIRECTION('',(0.258819045103,0.965925826289,0.));
#261 = ORIENTED_EDGE('',*,*,#230,.F.);
#262 = ORIENTED_EDGE('',*,*,#179,.T.);
#263 = ORIENTED_EDGE('',*,*,#264,.T.);
#264 = EDGE_CURVE('',#172,#265,#267,.T.);
#265 = VERTEX_POINT('',#266);
#266 = CARTESIAN_POINT('',(12.908374633486,70.080683865459,-9.));
#267 = LINE('',#268,#269);
#268 = CARTESIAN_POINT('',(6.049669938269,44.483649468798,-9.));
#269 = VECTOR('',#270,1.);
#270 = DIRECTION('',(0.258819045103,0.965925826289,0.));
#271 = ORIENTED_EDGE('',*,*,#272,.T.);
#272 = EDGE_CURVE('',#265,#255,#273,.T.);
#273 = LINE('',#274,#275);
#274 = CARTESIAN_POINT('',(12.908374633486,70.080683865459,-9.));
#275 = VECTOR('',#276,1.);
#276 = DIRECTION('',(0.,0.,1.));
#277 = PLANE('',#278);
#278 = AXIS2_PLACEMENT_3D('',#279,#280,#281);
#279 = CARTESIAN_POINT('',(6.049669938269,44.483649468798,-9.));
#280 = DIRECTION('',(0.965925826289,-0.258819045103,0.));
#281 = DIRECTION('',(0.,0.,1.));
#282 = ADVANCED_FACE('',(#283),#301,.T.);
#283 = FACE_BOUND('',#284,.T.);
#284 = EDGE_LOOP('',(#285,#286,#287,#295));
#285 = ORIENTED_EDGE('',*,*,#264,.F.);
#286 = ORIENTED_EDGE('',*,*,#171,.T.);
#287 = ORIENTED_EDGE('',*,*,#288,.T.);
#288 = EDGE_CURVE('',#164,#289,#291,.T.);
#289 = VERTEX_POINT('',#290);
#290 = CARTESIAN_POINT('',(55.409110990205,58.692645880948,-9.));
#291 = LINE('',#292,#293);
#292 = CARTESIAN_POINT('',(48.550406294988,33.095611484287,-9.));
#293 = VECTOR('',#294,1.);
#294 = DIRECTION('',(0.258819045103,0.965925826289,0.));
#295 = ORIENTED_EDGE('',*,*,#296,.F.);
#296 = EDGE_CURVE('',#265,#289,#297,.T.);
#297 = LINE('',#298,#299);
#298 = CARTESIAN_POINT('',(12.908374633486,70.080683865459,-9.));
#299 = VECTOR('',#300,1.);
#300 = DIRECTION('',(0.965925826289,-0.258819045103,0.));
#301 = PLANE('',#302);
#302 = AXIS2_PLACEMENT_3D('',#303,#304,#305);
#303 = CARTESIAN_POINT('',(6.049669938269,44.483649468798,-9.));
#304 = DIRECTION('',(0.,0.,1.));
#305 = DIRECTION('',(0.965925826289,-0.258819045103,0.));
#306 = ADVANCED_FACE('',(#307),#325,.F.);
#307 = FACE_BOUND('',#308,.F.);
#308 = EDGE_LOOP('',(#309,#317,#318,#319));
#309 = ORIENTED_EDGE('',*,*,#310,.F.);
#310 = EDGE_CURVE('',#156,#311,#313,.T.);
#311 = VERTEX_POINT('',#312);
#312 = CARTESIAN_POINT('',(55.409110990205,58.692645880948,13.));
#313 = LINE('',#314,#315);
#314 = CARTESIAN_POINT('',(48.550406294988,33.095611484287,13.));
#315 = VECTOR('',#316,1.);
#316 = DIRECTION('',(0.258819045103,0.965925826289,0.));
#317 = ORIENTED_EDGE('',*,*,#163,.T.);
#318 = ORIENTED_EDGE('',*,*,#288,.T.);
#319 = ORIENTED_EDGE('',*,*,#320,.T.);
#320 = EDGE_CURVE('',#289,#311,#321,.T.);
#321 = LINE('',#322,#323);
#322 = CARTESIAN_POINT('',(55.409110990205,58.692645880948,-9.));
#323 = VECTOR('',#324,1.);
#324 = DIRECTION('',(0.,0.,1.));
#325 = PLANE('',#326);
#326 = AXIS2_PLACEMENT_3D('',#327,#328,#329);
#327 = CARTESIAN_POINT('',(48.550406294988,33.095611484287,-9.));
#328 = DIRECTION('',(0.965925826289,-0.258819045103,0.));
#329 = DIRECTION('',(0.,0.,1.));
#330 = ADVANCED_FACE('',(#331),#344,.F.);
#331 = FACE_BOUND('',#332,.F.);
#332 = EDGE_LOOP('',(#333,#334,#335,#336,#337,#338));
#333 = ORIENTED_EDGE('',*,*,#254,.F.);
#334 = ORIENTED_EDGE('',*,*,#240,.F.);
#335 = ORIENTED_EDGE('',*,*,#216,.T.);
#336 = ORIENTED_EDGE('',*,*,#155,.T.);
#337 = ORIENTED_EDGE('',*,*,#310,.T.);
#338 = ORIENTED_EDGE('',*,*,#339,.F.);
#339 = EDGE_CURVE('',#255,#311,#340,.T.);
#340 = LINE('',#341,#342);
#341 = CARTESIAN_POINT('',(12.908374633486,70.080683865459,13.));
#342 = VECTOR('',#343,1.);
#343 = DIRECTION('',(0.965925826289,-0.258819045103,0.));
#344 = PLANE('',#345);
#345 = AXIS2_PLACEMENT_3D('',#346,#347,#348);
#346 = CARTESIAN_POINT('',(6.049669938269,44.483649468798,13.));
#347 = DIRECTION('',(0.,0.,1.));
#348 = DIRECTION('',(0.965925826289,-0.258819045103,0.));
#349 = ADVANCED_FACE('',(#350,#356,#367),#378,.F.);
#350 = FACE_BOUND('',#351,.F.);
#351 = EDGE_LOOP('',(#352,#353,#354,#355));
#352 = ORIENTED_EDGE('',*,*,#296,.F.);
#353 = ORIENTED_EDGE('',*,*,#272,.T.);
#354 = ORIENTED_EDGE('',*,*,#339,.T.);
#355 = ORIENTED_EDGE('',*,*,#320,.F.);
#356 = FACE_BOUND('',#357,.F.);
#357 = EDGE_LOOP('',(#358));
#358 = ORIENTED_EDGE('',*,*,#359,.T.);
#359 = EDGE_CURVE('',#360,#360,#362,.T.);
#360 = VERTEX_POINT('',#361);
#361 = CARTESIAN_POINT('',(29.618891428287,65.603114385185,2.));
#362 = CIRCLE('',#363,8.3);
#363 = AXIS2_PLACEMENT_3D('',#364,#365,#366);
#364 = CARTESIAN_POINT('',(21.601707070087,67.751312459536,2.));
#365 = DIRECTION('',(-0.258819045103,-0.965925826289,2.22044604925E-16)
  );
#366 = DIRECTION('',(0.965925826289,-0.258819045103,0.));
#367 = FACE_BOUND('',#368,.F.);
#368 = EDGE_LOOP('',(#369));
#369 = ORIENTED_EDGE('',*,*,#370,.T.);
#370 = EDGE_CURVE('',#371,#371,#373,.T.);
#371 = VERTEX_POINT('',#372);
#372 = CARTESIAN_POINT('',(54.732962911803,58.87381921252,2.));
#373 = CIRCLE('',#374,8.3);
#374 = AXIS2_PLACEMENT_3D('',#375,#376,#377);
#375 = CARTESIAN_POINT('',(46.715778553603,61.02201728687,2.));
#376 = DIRECTION('',(-0.258819045103,-0.965925826289,2.22044604925E-16)
  );
#377 = DIRECTION('',(0.965925826289,-0.258819045103,0.));
#378 = PLANE('',#379);
#379 = AXIS2_PLACEMENT_3D('',#380,#381,#382);
#380 = CARTESIAN_POINT('',(12.908374633486,70.080683865459,-9.));
#381 = DIRECTION('',(0.258819045103,0.965925826289,0.));
#382 = DIRECTION('',(0.,0.,1.));
#383 = ADVANCED_FACE('',(#384),#418,.F.);
#384 = FACE_BOUND('',#385,.F.);
#385 = EDGE_LOOP('',(#386,#396,#404,#412));
#386 = ORIENTED_EDGE('',*,*,#387,.F.);
#387 = EDGE_CURVE('',#388,#390,#392,.T.);
#388 = VERTEX_POINT('',#389);
#389 = CARTESIAN_POINT('',(7.,44.,-20.));
#390 = VERTEX_POINT('',#391);
#391 = CARTESIAN_POINT('',(7.,47.,-20.));
#392 = LINE('',#393,#394);
#393 = CARTESIAN_POINT('',(7.,43.,-20.));
#394 = VECTOR('',#395,1.);
#395 = DIRECTION('',(0.,1.,0.));
#396 = ORIENTED_EDGE('',*,*,#397,.T.);
#397 = EDGE_CURVE('',#388,#398,#400,.T.);
#398 = VERTEX_POINT('',#399);
#399 = CARTESIAN_POINT('',(33.,44.,-20.));
#400 = LINE('',#401,#402);
#401 = CARTESIAN_POINT('',(-24.5,44.,-20.));
#402 = VECTOR('',#403,1.);
#403 = DIRECTION('',(1.,0.,0.));
#404 = ORIENTED_EDGE('',*,*,#405,.T.);
#405 = EDGE_CURVE('',#398,#406,#408,.T.);
#406 = VERTEX_POINT('',#407);
#407 = CARTESIAN_POINT('',(33.,47.,-20.));
#408 = LINE('',#409,#410);
#409 = CARTESIAN_POINT('',(33.,43.,-20.));
#410 = VECTOR('',#411,1.);
#411 = DIRECTION('',(0.,1.,0.));
#412 = ORIENTED_EDGE('',*,*,#413,.F.);
#413 = EDGE_CURVE('',#390,#406,#414,.T.);
#414 = LINE('',#415,#416);
#415 = CARTESIAN_POINT('',(-24.5,47.,-20.));
#416 = VECTOR('',#417,1.);
#417 = DIRECTION('',(1.,0.,0.));
#418 = PLANE('',#419);
#419 = AXIS2_PLACEMENT_3D('',#420,#421,#422);
#420 = CARTESIAN_POINT('',(7.,43.,-20.));
#421 = DIRECTION('',(0.,0.,1.));
#422 = DIRECTION('',(1.,0.,0.));
#423 = ADVANCED_FACE('',(#424),#449,.T.);
#424 = FACE_BOUND('',#425,.T.);
#425 = EDGE_LOOP('',(#426,#427,#435,#443));
#426 = ORIENTED_EDGE('',*,*,#387,.F.);
#427 = ORIENTED_EDGE('',*,*,#428,.T.);
#428 = EDGE_CURVE('',#388,#429,#431,.T.);
#429 = VERTEX_POINT('',#430);
#430 = CARTESIAN_POINT('',(7.,44.,-30.));
#431 = LINE('',#432,#433);
#432 = CARTESIAN_POINT('',(7.,44.,-36.));
#433 = VECTOR('',#434,1.);
#434 = DIRECTION('',(0.,-2.6645352591E-15,-1.));
#435 = ORIENTED_EDGE('',*,*,#436,.T.);
#436 = EDGE_CURVE('',#429,#437,#439,.T.);
#437 = VERTEX_POINT('',#438);
#438 = CARTESIAN_POINT('',(7.,47.,-30.));
#439 = LINE('',#440,#441);
#440 = CARTESIAN_POINT('',(7.,43.,-30.));
#441 = VECTOR('',#442,1.);
#442 = DIRECTION('',(0.,1.,0.));
#443 = ORIENTED_EDGE('',*,*,#444,.F.);
#444 = EDGE_CURVE('',#390,#437,#445,.T.);
#445 = LINE('',#446,#447);
#446 = CARTESIAN_POINT('',(7.,47.,-36.));
#447 = VECTOR('',#448,1.);
#448 = DIRECTION('',(0.,-2.6645352591E-15,-1.));
#449 = PLANE('',#450);
#450 = AXIS2_PLACEMENT_3D('',#451,#452,#453);
#451 = CARTESIAN_POINT('',(7.,43.,-30.));
#452 = DIRECTION('',(1.,0.,0.));
#453 = DIRECTION('',(0.,0.,1.));
#454 = ADVANCED_FACE('',(#455),#480,.F.);
#455 = FACE_BOUND('',#456,.F.);
#456 = EDGE_LOOP('',(#457,#458,#466,#474));
#457 = ORIENTED_EDGE('',*,*,#405,.F.);
#458 = ORIENTED_EDGE('',*,*,#459,.T.);
#459 = EDGE_CURVE('',#398,#460,#462,.T.);
#460 = VERTEX_POINT('',#461);
#461 = CARTESIAN_POINT('',(33.,44.,-30.));
#462 = LINE('',#463,#464);
#463 = CARTESIAN_POINT('',(33.,44.,-36.));
#464 = VECTOR('',#465,1.);
#465 = DIRECTION('',(0.,-2.6645352591E-15,-1.));
#466 = ORIENTED_EDGE('',*,*,#467,.T.);
#467 = EDGE_CURVE('',#460,#468,#470,.T.);
#468 = VERTEX_POINT('',#469);
#469 = CARTESIAN_POINT('',(33.,47.,-30.));
#470 = LINE('',#471,#472);
#471 = CARTESIAN_POINT('',(33.,43.,-30.));
#472 = VECTOR('',#473,1.);
#473 = DIRECTION('',(0.,1.,0.));
#474 = ORIENTED_EDGE('',*,*,#475,.F.);
#475 = EDGE_CURVE('',#406,#468,#476,.T.);
#476 = LINE('',#477,#478);
#477 = CARTESIAN_POINT('',(33.,47.,-36.));
#478 = VECTOR('',#479,1.);
#479 = DIRECTION('',(0.,-2.6645352591E-15,-1.));
#480 = PLANE('',#481);
#481 = AXIS2_PLACEMENT_3D('',#482,#483,#484);
#482 = CARTESIAN_POINT('',(33.,43.,-30.));
#483 = DIRECTION('',(1.,0.,0.));
#484 = DIRECTION('',(0.,0.,1.));
#485 = ADVANCED_FACE('',(#486),#502,.T.);
#486 = FACE_BOUND('',#487,.T.);
#487 = EDGE_LOOP('',(#488,#489,#495,#496));
#488 = ORIENTED_EDGE('',*,*,#436,.F.);
#489 = ORIENTED_EDGE('',*,*,#490,.T.);
#490 = EDGE_CURVE('',#429,#460,#491,.T.);
#491 = LINE('',#492,#493);
#492 = CARTESIAN_POINT('',(-24.5,44.,-30.));
#493 = VECTOR('',#494,1.);
#494 = DIRECTION('',(1.,0.,0.));
#495 = ORIENTED_EDGE('',*,*,#467,.T.);
#496 = ORIENTED_EDGE('',*,*,#497,.F.);
#497 = EDGE_CURVE('',#437,#468,#498,.T.);
#498 = LINE('',#499,#500);
#499 = CARTESIAN_POINT('',(-24.5,47.,-30.));
#500 = VECTOR('',#501,1.);
#501 = DIRECTION('',(1.,0.,0.));
#502 = PLANE('',#503);
#503 = AXIS2_PLACEMENT_3D('',#504,#505,#506);
#504 = CARTESIAN_POINT('',(7.,43.,-30.));
#505 = DIRECTION('',(0.,0.,1.));
#506 = DIRECTION('',(1.,0.,0.));
#507 = ADVANCED_FACE('',(#508,#542),#548,.T.);
#508 = FACE_BOUND('',#509,.T.);
#509 = EDGE_LOOP('',(#510,#520,#528,#536));
#510 = ORIENTED_EDGE('',*,*,#511,.F.);
#511 = EDGE_CURVE('',#512,#514,#516,.T.);
#512 = VERTEX_POINT('',#513);
#513 = CARTESIAN_POINT('',(2.,47.,-11.57147952362));
#514 = VERTEX_POINT('',#515);
#515 = CARTESIAN_POINT('',(2.,47.,-38.42852047637));
#516 = LINE('',#517,#518);
#517 = CARTESIAN_POINT('',(2.,47.,-35.56763638909));
#518 = VECTOR('',#519,1.);
#519 = DIRECTION('',(0.,-2.6645352591E-15,-1.));
#520 = ORIENTED_EDGE('',*,*,#521,.T.);
#521 = EDGE_CURVE('',#512,#522,#524,.T.);
#522 = VERTEX_POINT('',#523);
#523 = CARTESIAN_POINT('',(38.,47.,-11.57147952362));
#524 = LINE('',#525,#526);
#525 = CARTESIAN_POINT('',(-27.,47.,-11.57147952362));
#526 = VECTOR('',#527,1.);
#527 = DIRECTION('',(1.,-0.,0.));
#528 = ORIENTED_EDGE('',*,*,#529,.T.);
#529 = EDGE_CURVE('',#522,#530,#532,.T.);
#530 = VERTEX_POINT('',#531);
#531 = CARTESIAN_POINT('',(38.,47.,-38.42852047637));
#532 = LINE('',#533,#534);
#533 = CARTESIAN_POINT('',(38.,47.,-35.56763638909));
#534 = VECTOR('',#535,1.);
#535 = DIRECTION('',(0.,-2.6645352591E-15,-1.));
#536 = ORIENTED_EDGE('',*,*,#537,.F.);
#537 = EDGE_CURVE('',#514,#530,#538,.T.);
#538 = LINE('',#539,#540);
#539 = CARTESIAN_POINT('',(-27.,47.,-38.42852047637));
#540 = VECTOR('',#541,1.);
#541 = DIRECTION('',(1.,-0.,0.));
#542 = FACE_BOUND('',#543,.T.);
#543 = EDGE_LOOP('',(#544,#545,#546,#547));
#544 = ORIENTED_EDGE('',*,*,#413,.F.);
#545 = ORIENTED_EDGE('',*,*,#444,.T.);
#546 = ORIENTED_EDGE('',*,*,#497,.T.);
#547 = ORIENTED_EDGE('',*,*,#475,.F.);
#548 = PLANE('',#549);
#549 = AXIS2_PLACEMENT_3D('',#550,#551,#552);
#550 = CARTESIAN_POINT('',(-56.,47.,-42.));
#551 = DIRECTION('',(0.,1.,-2.6645352591E-15));
#552 = DIRECTION('',(0.,2.6645352591E-15,1.));
#553 = ADVANCED_FACE('',(#554),#579,.T.);
#554 = FACE_BOUND('',#555,.T.);
#555 = EDGE_LOOP('',(#556,#564,#565,#573));
#556 = ORIENTED_EDGE('',*,*,#557,.F.);
#557 = EDGE_CURVE('',#512,#558,#560,.T.);
#558 = VERTEX_POINT('',#559);
#559 = CARTESIAN_POINT('',(2.,73.788141907086,-30.32873842159));
#560 = LINE('',#561,#562);
#561 = CARTESIAN_POINT('',(2.,46.346548423405,-11.11392780383));
#562 = VECTOR('',#563,1.);
#563 = DIRECTION('',(0.,0.819152044289,-0.573576436351));
#564 = ORIENTED_EDGE('',*,*,#511,.T.);
#565 = ORIENTED_EDGE('',*,*,#566,.T.);
#566 = EDGE_CURVE('',#514,#567,#569,.T.);
#567 = VERTEX_POINT('',#568);
#568 = CARTESIAN_POINT('',(2.,61.169460307363,-48.35008339595));
#569 = LINE('',#570,#571);
#570 = CARTESIAN_POINT('',(2.,33.727866823682,-29.13527277819));
#571 = VECTOR('',#572,1.);
#572 = DIRECTION('',(0.,0.819152044289,-0.573576436351));
#573 = ORIENTED_EDGE('',*,*,#574,.T.);
#574 = EDGE_CURVE('',#567,#558,#575,.T.);
#575 = LINE('',#576,#577);
#576 = CARTESIAN_POINT('',(2.,61.169460307363,-48.35008339595));
#577 = VECTOR('',#578,1.);
#578 = DIRECTION('',(0.,0.573576436351,0.819152044289));
#579 = PLANE('',#580);
#580 = AXIS2_PLACEMENT_3D('',#581,#582,#583);
#581 = CARTESIAN_POINT('',(2.,33.727866823682,-29.13527277819));
#582 = DIRECTION('',(1.,0.,0.));
#583 = DIRECTION('',(0.,0.573576436351,0.819152044289));
#584 = ADVANCED_FACE('',(#585),#603,.T.);
#585 = FACE_BOUND('',#586,.T.);
#586 = EDGE_LOOP('',(#587,#588,#589,#597));
#587 = ORIENTED_EDGE('',*,*,#566,.F.);
#588 = ORIENTED_EDGE('',*,*,#537,.T.);
#589 = ORIENTED_EDGE('',*,*,#590,.T.);
#590 = EDGE_CURVE('',#530,#591,#593,.T.);
#591 = VERTEX_POINT('',#592);
#592 = CARTESIAN_POINT('',(38.,61.169460307363,-48.35008339595));
#593 = LINE('',#594,#595);
#594 = CARTESIAN_POINT('',(38.,33.727866823682,-29.13527277819));
#595 = VECTOR('',#596,1.);
#596 = DIRECTION('',(0.,0.819152044289,-0.573576436351));
#597 = ORIENTED_EDGE('',*,*,#598,.F.);
#598 = EDGE_CURVE('',#567,#591,#599,.T.);
#599 = LINE('',#600,#601);
#600 = CARTESIAN_POINT('',(2.,61.169460307363,-48.35008339595));
#601 = VECTOR('',#602,1.);
#602 = DIRECTION('',(1.,0.,0.));
#603 = PLANE('',#604);
#604 = AXIS2_PLACEMENT_3D('',#605,#606,#607);
#605 = CARTESIAN_POINT('',(2.,33.727866823682,-29.13527277819));
#606 = DIRECTION('',(0.,0.573576436351,0.819152044289));
#607 = DIRECTION('',(1.,0.,0.));
#608 = ADVANCED_FACE('',(#609),#627,.F.);
#609 = FACE_BOUND('',#610,.F.);
#610 = EDGE_LOOP('',(#611,#619,#620,#621));
#611 = ORIENTED_EDGE('',*,*,#612,.F.);
#612 = EDGE_CURVE('',#522,#613,#615,.T.);
#613 = VERTEX_POINT('',#614);
#614 = CARTESIAN_POINT('',(38.,73.788141907086,-30.32873842159));
#615 = LINE('',#616,#617);
#616 = CARTESIAN_POINT('',(38.,46.346548423405,-11.11392780383));
#617 = VECTOR('',#618,1.);
#618 = DIRECTION('',(0.,0.819152044289,-0.573576436351));
#619 = ORIENTED_EDGE('',*,*,#529,.T.);
#620 = ORIENTED_EDGE('',*,*,#590,.T.);
#621 = ORIENTED_EDGE('',*,*,#622,.T.);
#622 = EDGE_CURVE('',#591,#613,#623,.T.);
#623 = LINE('',#624,#625);
#624 = CARTESIAN_POINT('',(38.,61.169460307363,-48.35008339595));
#625 = VECTOR('',#626,1.);
#626 = DIRECTION('',(0.,0.573576436351,0.819152044289));
#627 = PLANE('',#628);
#628 = AXIS2_PLACEMENT_3D('',#629,#630,#631);
#629 = CARTESIAN_POINT('',(38.,33.727866823682,-29.13527277819));
#630 = DIRECTION('',(1.,0.,0.));
#631 = DIRECTION('',(0.,0.573576436351,0.819152044289));
#632 = ADVANCED_FACE('',(#633),#644,.F.);
#633 = FACE_BOUND('',#634,.F.);
#634 = EDGE_LOOP('',(#635,#636,#637,#638));
#635 = ORIENTED_EDGE('',*,*,#557,.F.);
#636 = ORIENTED_EDGE('',*,*,#521,.T.);
#637 = ORIENTED_EDGE('',*,*,#612,.T.);
#638 = ORIENTED_EDGE('',*,*,#639,.F.);
#639 = EDGE_CURVE('',#558,#613,#640,.T.);
#640 = LINE('',#641,#642);
#641 = CARTESIAN_POINT('',(2.,73.788141907086,-30.32873842159));
#642 = VECTOR('',#643,1.);
#643 = DIRECTION('',(1.,0.,0.));
#644 = PLANE('',#645);
#645 = AXIS2_PLACEMENT_3D('',#646,#647,#648);
#646 = CARTESIAN_POINT('',(2.,46.346548423405,-11.11392780383));
#647 = DIRECTION('',(0.,0.573576436351,0.819152044289));
#648 = DIRECTION('',(1.,0.,0.));
#649 = ADVANCED_FACE('',(#650,#656),#690,.F.);
#650 = FACE_BOUND('',#651,.F.);
#651 = EDGE_LOOP('',(#652,#653,#654,#655));
#652 = ORIENTED_EDGE('',*,*,#598,.F.);
#653 = ORIENTED_EDGE('',*,*,#574,.T.);
#654 = ORIENTED_EDGE('',*,*,#639,.T.);
#655 = ORIENTED_EDGE('',*,*,#622,.F.);
#656 = FACE_BOUND('',#657,.F.);
#657 = EDGE_LOOP('',(#658,#668,#676,#684));
#658 = ORIENTED_EDGE('',*,*,#659,.F.);
#659 = EDGE_CURVE('',#660,#662,#664,.T.);
#660 = VERTEX_POINT('',#661);
#661 = CARTESIAN_POINT('',(5.,71.493836161682,-33.60534659875));
#662 = VERTEX_POINT('',#663);
#663 = CARTESIAN_POINT('',(35.,71.493836161682,-33.60534659875));
#664 = LINE('',#665,#666);
#665 = CARTESIAN_POINT('',(3.5,71.493836161682,-33.60534659875));
#666 = VECTOR('',#667,1.);
#667 = DIRECTION('',(1.,0.,0.));
#668 = ORIENTED_EDGE('',*,*,#669,.T.);
#669 = EDGE_CURVE('',#660,#670,#672,.T.);
#670 = VERTEX_POINT('',#671);
#671 = CARTESIAN_POINT('',(5.,63.463766052767,-45.07347521879));
#672 = LINE('',#673,#674);
#673 = CARTESIAN_POINT('',(5.,62.316613180065,-46.71177930737));
#674 = VECTOR('',#675,1.);
#675 = DIRECTION('',(0.,-0.573576436351,-0.819152044289));
#676 = ORIENTED_EDGE('',*,*,#677,.T.);
#677 = EDGE_CURVE('',#670,#678,#680,.T.);
#678 = VERTEX_POINT('',#679);
#679 = CARTESIAN_POINT('',(35.,63.463766052767,-45.07347521879));
#680 = LINE('',#681,#682);
#681 = CARTESIAN_POINT('',(3.5,63.463766052767,-45.07347521879));
#682 = VECTOR('',#683,1.);
#683 = DIRECTION('',(1.,0.,0.));
#684 = ORIENTED_EDGE('',*,*,#685,.F.);
#685 = EDGE_CURVE('',#662,#678,#686,.T.);
#686 = LINE('',#687,#688);
#687 = CARTESIAN_POINT('',(35.,62.316613180065,-46.71177930737));
#688 = VECTOR('',#689,1.);
#689 = DIRECTION('',(0.,-0.573576436351,-0.819152044289));
#690 = PLANE('',#691);
#691 = AXIS2_PLACEMENT_3D('',#692,#693,#694);
#692 = CARTESIAN_POINT('',(2.,61.169460307363,-48.35008339595));
#693 = DIRECTION('',(0.,0.819152044289,-0.573576436351));
#694 = DIRECTION('',(0.,0.573576436351,0.819152044289));
#695 = ADVANCED_FACE('',(#696),#730,.F.);
#696 = FACE_BOUND('',#697,.F.);
#697 = EDGE_LOOP('',(#698,#708,#716,#724));
#698 = ORIENTED_EDGE('',*,*,#699,.F.);
#699 = EDGE_CURVE('',#700,#702,#704,.T.);
#700 = VERTEX_POINT('',#701);
#701 = CARTESIAN_POINT('',(-17.,44.,34.));
#702 = VERTEX_POINT('',#703);
#703 = CARTESIAN_POINT('',(-17.,47.,34.));
#704 = LINE('',#705,#706);
#705 = CARTESIAN_POINT('',(-17.,43.,34.));
#706 = VECTOR('',#707,1.);
#707 = DIRECTION('',(0.,1.,0.));
#708 = ORIENTED_EDGE('',*,*,#709,.T.);
#709 = EDGE_CURVE('',#700,#710,#712,.T.);
#710 = VERTEX_POINT('',#711);
#711 = CARTESIAN_POINT('',(17.,44.,34.));
#712 = LINE('',#713,#714);
#713 = CARTESIAN_POINT('',(-36.5,44.,34.));
#714 = VECTOR('',#715,1.);
#715 = DIRECTION('',(1.,0.,0.));
#716 = ORIENTED_EDGE('',*,*,#717,.T.);
#717 = EDGE_CURVE('',#710,#718,#720,.T.);
#718 = VERTEX_POINT('',#719);
#719 = CARTESIAN_POINT('',(17.,47.,34.));
#720 = LINE('',#721,#722);
#721 = CARTESIAN_POINT('',(17.,43.,34.));
#722 = VECTOR('',#723,1.);
#723 = DIRECTION('',(0.,1.,0.));
#724 = ORIENTED_EDGE('',*,*,#725,.F.);
#725 = EDGE_CURVE('',#702,#718,#726,.T.);
#726 = LINE('',#727,#728);
#727 = CARTESIAN_POINT('',(-36.5,47.,34.));
#728 = VECTOR('',#729,1.);
#729 = DIRECTION('',(1.,0.,0.));
#730 = PLANE('',#731);
#731 = AXIS2_PLACEMENT_3D('',#732,#733,#734);
#732 = CARTESIAN_POINT('',(-17.,43.,34.));
#733 = DIRECTION('',(0.,0.,1.));
#734 = DIRECTION('',(1.,0.,0.));
#735 = ADVANCED_FACE('',(#736),#761,.T.);
#736 = FACE_BOUND('',#737,.T.);
#737 = EDGE_LOOP('',(#738,#739,#747,#755));
#738 = ORIENTED_EDGE('',*,*,#699,.F.);
#739 = ORIENTED_EDGE('',*,*,#740,.T.);
#740 = EDGE_CURVE('',#700,#741,#743,.T.);
#741 = VERTEX_POINT('',#742);
#742 = CARTESIAN_POINT('',(-17.,44.,20.));
#743 = LINE('',#744,#745);
#744 = CARTESIAN_POINT('',(-17.,44.,-11.));
#745 = VECTOR('',#746,1.);
#746 = DIRECTION('',(0.,-2.6645352591E-15,-1.));
#747 = ORIENTED_EDGE('',*,*,#748,.T.);
#748 = EDGE_CURVE('',#741,#749,#751,.T.);
#749 = VERTEX_POINT('',#750);
#750 = CARTESIAN_POINT('',(-17.,47.,20.));
#751 = LINE('',#752,#753);
#752 = CARTESIAN_POINT('',(-17.,43.,20.));
#753 = VECTOR('',#754,1.);
#754 = DIRECTION('',(0.,1.,0.));
#755 = ORIENTED_EDGE('',*,*,#756,.F.);
#756 = EDGE_CURVE('',#702,#749,#757,.T.);
#757 = LINE('',#758,#759);
#758 = CARTESIAN_POINT('',(-17.,47.,-11.));
#759 = VECTOR('',#760,1.);
#760 = DIRECTION('',(0.,-2.6645352591E-15,-1.));
#761 = PLANE('',#762);
#762 = AXIS2_PLACEMENT_3D('',#763,#764,#765);
#763 = CARTESIAN_POINT('',(-17.,43.,20.));
#764 = DIRECTION('',(1.,0.,0.));
#765 = DIRECTION('',(0.,0.,1.));
#766 = ADVANCED_FACE('',(#767),#792,.F.);
#767 = FACE_BOUND('',#768,.F.);
#768 = EDGE_LOOP('',(#769,#770,#778,#786));
#769 = ORIENTED_EDGE('',*,*,#717,.F.);
#770 = ORIENTED_EDGE('',*,*,#771,.T.);
#771 = EDGE_CURVE('',#710,#772,#774,.T.);
#772 = VERTEX_POINT('',#773);
#773 = CARTESIAN_POINT('',(17.,44.,20.));
#774 = LINE('',#775,#776);
#775 = CARTESIAN_POINT('',(17.,44.,-11.));
#776 = VECTOR('',#777,1.);
#777 = DIRECTION('',(0.,-2.6645352591E-15,-1.));
#778 = ORIENTED_EDGE('',*,*,#779,.T.);
#779 = EDGE_CURVE('',#772,#780,#782,.T.);
#780 = VERTEX_POINT('',#781);
#781 = CARTESIAN_POINT('',(17.,47.,20.));
#782 = LINE('',#783,#784);
#783 = CARTESIAN_POINT('',(17.,43.,20.));
#784 = VECTOR('',#785,1.);
#785 = DIRECTION('',(0.,1.,0.));
#786 = ORIENTED_EDGE('',*,*,#787,.F.);
#787 = EDGE_CURVE('',#718,#780,#788,.T.);
#788 = LINE('',#789,#790);
#789 = CARTESIAN_POINT('',(17.,47.,-11.));
#790 = VECTOR('',#791,1.);
#791 = DIRECTION('',(0.,-2.6645352591E-15,-1.));
#792 = PLANE('',#793);
#793 = AXIS2_PLACEMENT_3D('',#794,#795,#796);
#794 = CARTESIAN_POINT('',(17.,43.,20.));
#795 = DIRECTION('',(1.,0.,0.));
#796 = DIRECTION('',(0.,0.,1.));
#797 = ADVANCED_FACE('',(#798),#814,.T.);
#798 = FACE_BOUND('',#799,.T.);
#799 = EDGE_LOOP('',(#800,#801,#807,#808));
#800 = ORIENTED_EDGE('',*,*,#748,.F.);
#801 = ORIENTED_EDGE('',*,*,#802,.T.);
#802 = EDGE_CURVE('',#741,#772,#803,.T.);
#803 = LINE('',#804,#805);
#804 = CARTESIAN_POINT('',(-36.5,44.,20.));
#805 = VECTOR('',#806,1.);
#806 = DIRECTION('',(1.,0.,0.));
#807 = ORIENTED_EDGE('',*,*,#779,.T.);
#808 = ORIENTED_EDGE('',*,*,#809,.F.);
#809 = EDGE_CURVE('',#749,#780,#810,.T.);
#810 = LINE('',#811,#812);
#811 = CARTESIAN_POINT('',(-36.5,47.,20.));
#812 = VECTOR('',#813,1.);
#813 = DIRECTION('',(1.,0.,0.));
#814 = PLANE('',#815);
#815 = AXIS2_PLACEMENT_3D('',#816,#817,#818);
#816 = CARTESIAN_POINT('',(-17.,43.,20.));
#817 = DIRECTION('',(0.,0.,1.));
#818 = DIRECTION('',(1.,0.,0.));
#819 = ADVANCED_FACE('',(#820,#886),#892,.T.);
#820 = FACE_BOUND('',#821,.T.);
#821 = EDGE_LOOP('',(#822,#832,#840,#848,#856,#864,#872,#880));
#822 = ORIENTED_EDGE('',*,*,#823,.F.);
#823 = EDGE_CURVE('',#824,#826,#828,.T.);
#824 = VERTEX_POINT('',#825);
#825 = CARTESIAN_POINT('',(-22.,47.,15.));
#826 = VERTEX_POINT('',#827);
#827 = CARTESIAN_POINT('',(-4.653371670158,47.,15.));
#828 = LINE('',#829,#830);
#829 = CARTESIAN_POINT('',(-53.30583373505,47.,15.));
#830 = VECTOR('',#831,1.);
#831 = DIRECTION('',(1.,-0.,0.));
#832 = ORIENTED_EDGE('',*,*,#833,.F.);
#833 = EDGE_CURVE('',#834,#824,#836,.T.);
#834 = VERTEX_POINT('',#835);
#835 = CARTESIAN_POINT('',(-22.,47.,39.137157108587));
#836 = LINE('',#837,#838);
#837 = CARTESIAN_POINT('',(-22.,47.,-14.2808204411));
#838 = VECTOR('',#839,1.);
#839 = DIRECTION('',(0.,-2.6645352591E-15,-1.));
#840 = ORIENTED_EDGE('',*,*,#841,.T.);
#841 = EDGE_CURVE('',#834,#842,#844,.T.);
#842 = VERTEX_POINT('',#843);
#843 = CARTESIAN_POINT('',(22.,47.,39.137157108587));
#844 = LINE('',#845,#846);
#845 = CARTESIAN_POINT('',(-39.,47.,39.137157108587));
#846 = VECTOR('',#847,1.);
#847 = DIRECTION('',(1.,-0.,-0.));
#848 = ORIENTED_EDGE('',*,*,#849,.T.);
#849 = EDGE_CURVE('',#842,#850,#852,.T.);
#850 = VERTEX_POINT('',#851);
#851 = CARTESIAN_POINT('',(22.,47.,15.));
#852 = LINE('',#853,#854);
#853 = CARTESIAN_POINT('',(22.,47.,-14.2808204411));
#854 = VECTOR('',#855,1.);
#855 = DIRECTION('',(0.,-2.6645352591E-15,-1.));
#856 = ORIENTED_EDGE('',*,*,#857,.F.);
#857 = EDGE_CURVE('',#858,#850,#860,.T.);
#858 = VERTEX_POINT('',#859);
#859 = CARTESIAN_POINT('',(4.653371670158,47.,15.));
#860 = LINE('',#861,#862);
#861 = CARTESIAN_POINT('',(-25.87638609587,47.,15.));
#862 = VECTOR('',#863,1.);
#863 = DIRECTION('',(1.,-0.,0.));
#864 = ORIENTED_EDGE('',*,*,#865,.T.);
#865 = EDGE_CURVE('',#858,#866,#868,.T.);
#866 = VERTEX_POINT('',#867);
#867 = CARTESIAN_POINT('',(4.653371670158,47.,14.862842891413));
#868 = LINE('',#869,#870);
#869 = CARTESIAN_POINT('',(4.653371670158,47.,-26.5));
#870 = VECTOR('',#871,1.);
#871 = DIRECTION('',(-7.139600708802E-16,-2.6645352591E-15,-1.));
#872 = ORIENTED_EDGE('',*,*,#873,.F.);
#873 = EDGE_CURVE('',#874,#866,#876,.T.);
#874 = VERTEX_POINT('',#875);
#875 = CARTESIAN_POINT('',(-4.653371670158,47.,14.862842891413));
#876 = LINE('',#877,#878);
#877 = CARTESIAN_POINT('',(-39.,47.,14.862842891413));
#878 = VECTOR('',#879,1.);
#879 = DIRECTION('',(1.,-0.,-0.));
#880 = ORIENTED_EDGE('',*,*,#881,.F.);
#881 = EDGE_CURVE('',#826,#874,#882,.T.);
#882 = LINE('',#883,#884);
#883 = CARTESIAN_POINT('',(-4.653371670158,47.,-26.5));
#884 = VECTOR('',#885,1.);
#885 = DIRECTION('',(7.139600708802E-16,-2.6645352591E-15,-1.));
#886 = FACE_BOUND('',#887,.T.);
#887 = EDGE_LOOP('',(#888,#889,#890,#891));
#888 = ORIENTED_EDGE('',*,*,#725,.F.);
#889 = ORIENTED_EDGE('',*,*,#756,.T.);
#890 = ORIENTED_EDGE('',*,*,#809,.T.);
#891 = ORIENTED_EDGE('',*,*,#787,.F.);
#892 = PLANE('',#893);
#893 = AXIS2_PLACEMENT_3D('',#894,#895,#896);
#894 = CARTESIAN_POINT('',(-56.,47.,-42.));
#895 = DIRECTION('',(0.,1.,-2.6645352591E-15));
#896 = DIRECTION('',(0.,2.6645352591E-15,1.));
#897 = ADVANCED_FACE('',(#898),#923,.T.);
#898 = FACE_BOUND('',#899,.T.);
#899 = EDGE_LOOP('',(#900,#908,#909,#917));
#900 = ORIENTED_EDGE('',*,*,#901,.T.);
#901 = EDGE_CURVE('',#902,#824,#904,.T.);
#902 = VERTEX_POINT('',#903);
#903 = CARTESIAN_POINT('',(-22.,47.294134368563,15.));
#904 = LINE('',#905,#906);
#905 = CARTESIAN_POINT('',(-22.,38.503060498282,15.));
#906 = VECTOR('',#907,1.);
#907 = DIRECTION('',(0.,-1.,0.));
#908 = ORIENTED_EDGE('',*,*,#823,.T.);
#909 = ORIENTED_EDGE('',*,*,#910,.T.);
#910 = EDGE_CURVE('',#826,#911,#913,.T.);
#911 = VERTEX_POINT('',#912);
#912 = CARTESIAN_POINT('',(-4.732184736681,47.294134368563,15.));
#913 = LINE('',#914,#915);
#914 = CARTESIAN_POINT('',(-4.247227808242,45.484250472148,15.));
#915 = VECTOR('',#916,1.);
#916 = DIRECTION('',(-0.258819045103,0.965925826289,0.));
#917 = ORIENTED_EDGE('',*,*,#918,.T.);
#918 = EDGE_CURVE('',#911,#902,#919,.T.);
#919 = LINE('',#920,#921);
#920 = CARTESIAN_POINT('',(-36.30583373505,47.294134368563,15.));
#921 = VECTOR('',#922,1.);
#922 = DIRECTION('',(-1.,0.,0.));
#923 = PLANE('',#924);
#924 = AXIS2_PLACEMENT_3D('',#925,#926,#927);
#925 = CARTESIAN_POINT('',(-50.61166747011,33.060936307227,15.));
#926 = DIRECTION('',(0.,0.,1.));
#927 = DIRECTION('',(0.965925826289,0.258819045103,0.));
#928 = ADVANCED_FACE('',(#929),#939,.T.);
#929 = FACE_BOUND('',#930,.T.);
#930 = EDGE_LOOP('',(#931,#932,#938));
#931 = ORIENTED_EDGE('',*,*,#881,.T.);
#932 = ORIENTED_EDGE('',*,*,#933,.T.);
#933 = EDGE_CURVE('',#874,#911,#934,.T.);
#934 = LINE('',#935,#936);
#935 = CARTESIAN_POINT('',(-3.327834447339,42.053027737115,
    12.556031840549));
#936 = VECTOR('',#937,1.);
#937 = DIRECTION('',(-0.235985671161,0.88071051463,0.41068205759));
#938 = ORIENTED_EDGE('',*,*,#910,.F.);
#939 = PLANE('',#940);
#940 = AXIS2_PLACEMENT_3D('',#941,#942,#943);
#941 = CARTESIAN_POINT('',(-4.247227808242,45.484250472148,-11.));
#942 = DIRECTION('',(0.965925826289,0.258819045103,0.));
#943 = DIRECTION('',(0.,0.,1.));
#944 = ADVANCED_FACE('',(#945),#988,.T.);
#945 = FACE_BOUND('',#946,.T.);
#946 = EDGE_LOOP('',(#947,#955,#956,#957,#958,#966,#974,#982));
#947 = ORIENTED_EDGE('',*,*,#948,.F.);
#948 = EDGE_CURVE('',#902,#949,#951,.T.);
#949 = VERTEX_POINT('',#950);
#950 = CARTESIAN_POINT('',(-22.,67.962341045807,24.637743053929));
#951 = LINE('',#952,#953);
#952 = CARTESIAN_POINT('',(-22.,43.945184689336,13.438359117801));
#953 = VECTOR('',#954,1.);
#954 = DIRECTION('',(0.,0.906307787037,0.422618261741));
#955 = ORIENTED_EDGE('',*,*,#918,.F.);
#956 = ORIENTED_EDGE('',*,*,#933,.F.);
#957 = ORIENTED_EDGE('',*,*,#873,.T.);
#958 = ORIENTED_EDGE('',*,*,#959,.T.);
#959 = EDGE_CURVE('',#866,#960,#962,.T.);
#960 = VERTEX_POINT('',#961);
#961 = CARTESIAN_POINT('',(4.732184736681,47.294134368563,15.));
#962 = LINE('',#963,#964);
#963 = CARTESIAN_POINT('',(2.102671233488,37.48065637546,10.42390005868)
  );
#964 = VECTOR('',#965,1.);
#965 = DIRECTION('',(0.235985671161,0.88071051463,0.41068205759));
#966 = ORIENTED_EDGE('',*,*,#967,.F.);
#967 = EDGE_CURVE('',#968,#960,#970,.T.);
#968 = VERTEX_POINT('',#969);
#969 = CARTESIAN_POINT('',(22.,47.294134368563,15.));
#970 = LINE('',#971,#972);
#971 = CARTESIAN_POINT('',(-8.876386095879,47.294134368563,15.));
#972 = VECTOR('',#973,1.);
#973 = DIRECTION('',(-1.,0.,0.));
#974 = ORIENTED_EDGE('',*,*,#975,.T.);
#975 = EDGE_CURVE('',#968,#976,#978,.T.);
#976 = VERTEX_POINT('',#977);
#977 = CARTESIAN_POINT('',(22.,67.962341045807,24.637743053929));
#978 = LINE('',#979,#980);
#979 = CARTESIAN_POINT('',(22.,43.945184689336,13.438359117801));
#980 = VECTOR('',#981,1.);
#981 = DIRECTION('',(0.,0.906307787037,0.422618261741));
#982 = ORIENTED_EDGE('',*,*,#983,.F.);
#983 = EDGE_CURVE('',#949,#976,#984,.T.);
#984 = LINE('',#985,#986);
#985 = CARTESIAN_POINT('',(-22.,67.962341045807,24.637743053929));
#986 = VECTOR('',#987,1.);
#987 = DIRECTION('',(1.,0.,0.));
#988 = PLANE('',#989);
#989 = AXIS2_PLACEMENT_3D('',#990,#991,#992);
#990 = CARTESIAN_POINT('',(-22.,43.945184689336,13.438359117801));
#991 = DIRECTION('',(0.,-0.422618261741,0.906307787037));
#992 = DIRECTION('',(1.,0.,0.));
#993 = ADVANCED_FACE('',(#994),#1004,.F.);
#994 = FACE_BOUND('',#995,.F.);
#995 = EDGE_LOOP('',(#996,#997,#998));
#996 = ORIENTED_EDGE('',*,*,#865,.T.);
#997 = ORIENTED_EDGE('',*,*,#959,.T.);
#998 = ORIENTED_EDGE('',*,*,#999,.F.);
#999 = EDGE_CURVE('',#858,#960,#1000,.T.);
#1000 = LINE('',#1001,#1002);
#1001 = CARTESIAN_POINT('',(4.247227808242,45.484250472148,15.));
#1002 = VECTOR('',#1003,1.);
#1003 = DIRECTION('',(0.258819045103,0.965925826289,0.));
#1004 = PLANE('',#1005);
#1005 = AXIS2_PLACEMENT_3D('',#1006,#1007,#1008);
#1006 = CARTESIAN_POINT('',(4.247227808242,45.484250472148,-11.));
#1007 = DIRECTION('',(0.965925826289,-0.258819045103,0.));
#1008 = DIRECTION('',(0.,0.,1.));
#1009 = ADVANCED_FACE('',(#1010),#1021,.T.);
#1010 = FACE_BOUND('',#1011,.T.);
#1011 = EDGE_LOOP('',(#1012,#1013,#1014,#1015));
#1012 = ORIENTED_EDGE('',*,*,#967,.T.);
#1013 = ORIENTED_EDGE('',*,*,#999,.F.);
#1014 = ORIENTED_EDGE('',*,*,#857,.T.);
#1015 = ORIENTED_EDGE('',*,*,#1016,.F.);
#1016 = EDGE_CURVE('',#968,#850,#1017,.T.);
#1017 = LINE('',#1018,#1019);
#1018 = CARTESIAN_POINT('',(22.,44.714717580742,15.));
#1019 = VECTOR('',#1020,1.);
#1020 = DIRECTION('',(0.,-1.,0.));
#1021 = PLANE('',#1022);
#1022 = AXIS2_PLACEMENT_3D('',#1023,#1024,#1025);
#1023 = CARTESIAN_POINT('',(4.247227808242,45.484250472148,15.));
#1024 = DIRECTION('',(0.,0.,1.));
#1025 = DIRECTION('',(0.965925826289,-0.258819045103,0.));
#1026 = ADVANCED_FACE('',(#1027),#1046,.F.);
#1027 = FACE_BOUND('',#1028,.F.);
#1028 = EDGE_LOOP('',(#1029,#1037,#1038,#1039,#1040));
#1029 = ORIENTED_EDGE('',*,*,#1030,.F.);
#1030 = EDGE_CURVE('',#842,#1031,#1033,.T.);
#1031 = VERTEX_POINT('',#1032);
#1032 = CARTESIAN_POINT('',(22.,58.664739287512,44.576514368736));
#1033 = LINE('',#1034,#1035);
#1034 = CARTESIAN_POINT('',(22.,34.647582931041,33.377130432607));
#1035 = VECTOR('',#1036,1.);
#1036 = DIRECTION('',(0.,0.906307787037,0.422618261741));
#1037 = ORIENTED_EDGE('',*,*,#849,.T.);
#1038 = ORIENTED_EDGE('',*,*,#1016,.F.);
#1039 = ORIENTED_EDGE('',*,*,#975,.T.);
#1040 = ORIENTED_EDGE('',*,*,#1041,.T.);
#1041 = EDGE_CURVE('',#976,#1031,#1042,.T.);
#1042 = LINE('',#1043,#1044);
#1043 = CARTESIAN_POINT('',(22.,67.962341045807,24.637743053929));
#1044 = VECTOR('',#1045,1.);
#1045 = DIRECTION('',(0.,-0.422618261741,0.906307787037));
#1046 = PLANE('',#1047);
#1047 = AXIS2_PLACEMENT_3D('',#1048,#1049,#1050);
#1048 = CARTESIAN_POINT('',(22.,43.945184689336,13.438359117801));
#1049 = DIRECTION('',(1.,0.,0.));
#1050 = DIRECTION('',(0.,-0.422618261741,0.906307787037));
#1051 = ADVANCED_FACE('',(#1052),#1070,.F.);
#1052 = FACE_BOUND('',#1053,.F.);
#1053 = EDGE_LOOP('',(#1054,#1062,#1063,#1064));
#1054 = ORIENTED_EDGE('',*,*,#1055,.F.);
#1055 = EDGE_CURVE('',#834,#1056,#1058,.T.);
#1056 = VERTEX_POINT('',#1057);
#1057 = CARTESIAN_POINT('',(-22.,58.664739287512,44.576514368736));
#1058 = LINE('',#1059,#1060);
#1059 = CARTESIAN_POINT('',(-22.,34.647582931041,33.377130432607));
#1060 = VECTOR('',#1061,1.);
#1061 = DIRECTION('',(0.,0.906307787037,0.422618261741));
#1062 = ORIENTED_EDGE('',*,*,#841,.T.);
#1063 = ORIENTED_EDGE('',*,*,#1030,.T.);
#1064 = ORIENTED_EDGE('',*,*,#1065,.F.);
#1065 = EDGE_CURVE('',#1056,#1031,#1066,.T.);
#1066 = LINE('',#1067,#1068);
#1067 = CARTESIAN_POINT('',(-22.,58.664739287512,44.576514368736));
#1068 = VECTOR('',#1069,1.);
#1069 = DIRECTION('',(1.,0.,0.));
#1070 = PLANE('',#1071);
#1071 = AXIS2_PLACEMENT_3D('',#1072,#1073,#1074);
#1072 = CARTESIAN_POINT('',(-22.,34.647582931041,33.377130432607));
#1073 = DIRECTION('',(0.,-0.422618261741,0.906307787037));
#1074 = DIRECTION('',(1.,0.,0.));
#1075 = ADVANCED_FACE('',(#1076),#1088,.T.);
#1076 = FACE_BOUND('',#1077,.T.);
#1077 = EDGE_LOOP('',(#1078,#1079,#1080,#1081,#1082));
#1078 = ORIENTED_EDGE('',*,*,#1055,.F.);
#1079 = ORIENTED_EDGE('',*,*,#833,.T.);
#1080 = ORIENTED_EDGE('',*,*,#901,.F.);
#1081 = ORIENTED_EDGE('',*,*,#948,.T.);
#1082 = ORIENTED_EDGE('',*,*,#1083,.T.);
#1083 = EDGE_CURVE('',#949,#1056,#1084,.T.);
#1084 = LINE('',#1085,#1086);
#1085 = CARTESIAN_POINT('',(-22.,67.962341045807,24.637743053929));
#1086 = VECTOR('',#1087,1.);
#1087 = DIRECTION('',(0.,-0.422618261741,0.906307787037));
#1088 = PLANE('',#1089);
#1089 = AXIS2_PLACEMENT_3D('',#1090,#1091,#1092);
#1090 = CARTESIAN_POINT('',(-22.,43.945184689336,13.438359117801));
#1091 = DIRECTION('',(1.,0.,0.));
#1092 = DIRECTION('',(0.,-0.422618261741,0.906307787037));
#1093 = ADVANCED_FACE('',(#1094,#1100,#1111),#1122,.F.);
#1094 = FACE_BOUND('',#1095,.F.);
#1095 = EDGE_LOOP('',(#1096,#1097,#1098,#1099));
#1096 = ORIENTED_EDGE('',*,*,#983,.F.);
#1097 = ORIENTED_EDGE('',*,*,#1083,.T.);
#1098 = ORIENTED_EDGE('',*,*,#1065,.T.);
#1099 = ORIENTED_EDGE('',*,*,#1041,.F.);
#1100 = FACE_BOUND('',#1101,.F.);
#1101 = EDGE_LOOP('',(#1102));
#1102 = ORIENTED_EDGE('',*,*,#1103,.T.);
#1103 = EDGE_CURVE('',#1104,#1104,#1106,.T.);
#1104 = VERTEX_POINT('',#1105);
#1105 = CARTESIAN_POINT('',(-4.7,63.31354016666,34.607128711333));
#1106 = CIRCLE('',#1107,8.3);
#1107 = AXIS2_PLACEMENT_3D('',#1108,#1109,#1110);
#1108 = CARTESIAN_POINT('',(-13.,63.31354016666,34.607128711333));
#1109 = DIRECTION('',(0.,-0.906307787037,-0.422618261741));
#1110 = DIRECTION('',(1.,0.,0.));
#1111 = FACE_BOUND('',#1112,.F.);
#1112 = EDGE_LOOP('',(#1113));
#1113 = ORIENTED_EDGE('',*,*,#1114,.T.);
#1114 = EDGE_CURVE('',#1115,#1115,#1117,.T.);
#1115 = VERTEX_POINT('',#1116);
#1116 = CARTESIAN_POINT('',(21.3,63.31354016666,34.607128711333));
#1117 = CIRCLE('',#1118,8.3);
#1118 = AXIS2_PLACEMENT_3D('',#1119,#1120,#1121);
#1119 = CARTESIAN_POINT('',(13.,63.31354016666,34.607128711333));
#1120 = DIRECTION('',(0.,-0.906307787037,-0.422618261741));
#1121 = DIRECTION('',(1.,0.,0.));
#1122 = PLANE('',#1123);
#1123 = AXIS2_PLACEMENT_3D('',#1124,#1125,#1126);
#1124 = CARTESIAN_POINT('',(-22.,67.962341045807,24.637743053929));
#1125 = DIRECTION('',(0.,0.906307787037,0.422618261741));
#1126 = DIRECTION('',(0.,-0.422618261741,0.906307787037));
#1127 = ADVANCED_FACE('',(#1128),#1162,.F.);
#1128 = FACE_BOUND('',#1129,.F.);
#1129 = EDGE_LOOP('',(#1130,#1140,#1148,#1156));
#1130 = ORIENTED_EDGE('',*,*,#1131,.F.);
#1131 = EDGE_CURVE('',#1132,#1134,#1136,.T.);
#1132 = VERTEX_POINT('',#1133);
#1133 = CARTESIAN_POINT('',(-46.5,44.,9.));
#1134 = VERTEX_POINT('',#1135);
#1135 = CARTESIAN_POINT('',(-46.5,47.,9.));
#1136 = LINE('',#1137,#1138);
#1137 = CARTESIAN_POINT('',(-46.5,43.,9.));
#1138 = VECTOR('',#1139,1.);
#1139 = DIRECTION('',(0.,1.,0.));
#1140 = ORIENTED_EDGE('',*,*,#1141,.T.);
#1141 = EDGE_CURVE('',#1132,#1142,#1144,.T.);
#1142 = VERTEX_POINT('',#1143);
#1143 = CARTESIAN_POINT('',(-12.5,44.,9.));
#1144 = LINE('',#1145,#1146);
#1145 = CARTESIAN_POINT('',(-51.25,44.,9.));
#1146 = VECTOR('',#1147,1.);
#1147 = DIRECTION('',(1.,0.,0.));
#1148 = ORIENTED_EDGE('',*,*,#1149,.T.);
#1149 = EDGE_CURVE('',#1142,#1150,#1152,.T.);
#1150 = VERTEX_POINT('',#1151);
#1151 = CARTESIAN_POINT('',(-12.5,47.,9.));
#1152 = LINE('',#1153,#1154);
#1153 = CARTESIAN_POINT('',(-12.5,43.,9.));
#1154 = VECTOR('',#1155,1.);
#1155 = DIRECTION('',(0.,1.,0.));
#1156 = ORIENTED_EDGE('',*,*,#1157,.F.);
#1157 = EDGE_CURVE('',#1134,#1150,#1158,.T.);
#1158 = LINE('',#1159,#1160);
#1159 = CARTESIAN_POINT('',(-51.25,47.,9.));
#1160 = VECTOR('',#1161,1.);
#1161 = DIRECTION('',(1.,0.,0.));
#1162 = PLANE('',#1163);
#1163 = AXIS2_PLACEMENT_3D('',#1164,#1165,#1166);
#1164 = CARTESIAN_POINT('',(-46.5,43.,9.));
#1165 = DIRECTION('',(0.,0.,1.));
#1166 = DIRECTION('',(1.,0.,0.));
#1167 = ADVANCED_FACE('',(#1168),#1193,.T.);
#1168 = FACE_BOUND('',#1169,.T.);
#1169 = EDGE_LOOP('',(#1170,#1171,#1179,#1187));
#1170 = ORIENTED_EDGE('',*,*,#1131,.F.);
#1171 = ORIENTED_EDGE('',*,*,#1172,.T.);
#1172 = EDGE_CURVE('',#1132,#1173,#1175,.T.);
#1173 = VERTEX_POINT('',#1174);
#1174 = CARTESIAN_POINT('',(-46.5,44.,-5.));
#1175 = LINE('',#1176,#1177);
#1176 = CARTESIAN_POINT('',(-46.5,44.,-23.5));
#1177 = VECTOR('',#1178,1.);
#1178 = DIRECTION('',(0.,-2.6645352591E-15,-1.));
#1179 = ORIENTED_EDGE('',*,*,#1180,.T.);
#1180 = EDGE_CURVE('',#1173,#1181,#1183,.T.);
#1181 = VERTEX_POINT('',#1182);
#1182 = CARTESIAN_POINT('',(-46.5,47.,-5.));
#1183 = LINE('',#1184,#1185);
#1184 = CARTESIAN_POINT('',(-46.5,43.,-5.));
#1185 = VECTOR('',#1186,1.);
#1186 = DIRECTION('',(0.,1.,0.));
#1187 = ORIENTED_EDGE('',*,*,#1188,.F.);
#1188 = EDGE_CURVE('',#1134,#1181,#1189,.T.);
#1189 = LINE('',#1190,#1191);
#1190 = CARTESIAN_POINT('',(-46.5,47.,-23.5));
#1191 = VECTOR('',#1192,1.);
#1192 = DIRECTION('',(0.,-2.6645352591E-15,-1.));
#1193 = PLANE('',#1194);
#1194 = AXIS2_PLACEMENT_3D('',#1195,#1196,#1197);
#1195 = CARTESIAN_POINT('',(-46.5,43.,-5.));
#1196 = DIRECTION('',(1.,0.,0.));
#1197 = DIRECTION('',(0.,0.,1.));
#1198 = ADVANCED_FACE('',(#1199),#1224,.F.);
#1199 = FACE_BOUND('',#1200,.F.);
#1200 = EDGE_LOOP('',(#1201,#1202,#1210,#1218));
#1201 = ORIENTED_EDGE('',*,*,#1149,.F.);
#1202 = ORIENTED_EDGE('',*,*,#1203,.T.);
#1203 = EDGE_CURVE('',#1142,#1204,#1206,.T.);
#1204 = VERTEX_POINT('',#1205);
#1205 = CARTESIAN_POINT('',(-12.5,44.,-5.));
#1206 = LINE('',#1207,#1208);
#1207 = CARTESIAN_POINT('',(-12.5,44.,-23.5));
#1208 = VECTOR('',#1209,1.);
#1209 = DIRECTION('',(0.,-2.6645352591E-15,-1.));
#1210 = ORIENTED_EDGE('',*,*,#1211,.T.);
#1211 = EDGE_CURVE('',#1204,#1212,#1214,.T.);
#1212 = VERTEX_POINT('',#1213);
#1213 = CARTESIAN_POINT('',(-12.5,47.,-5.));
#1214 = LINE('',#1215,#1216);
#1215 = CARTESIAN_POINT('',(-12.5,43.,-5.));
#1216 = VECTOR('',#1217,1.);
#1217 = DIRECTION('',(0.,1.,0.));
#1218 = ORIENTED_EDGE('',*,*,#1219,.F.);
#1219 = EDGE_CURVE('',#1150,#1212,#1220,.T.);
#1220 = LINE('',#1221,#1222);
#1221 = CARTESIAN_POINT('',(-12.5,47.,-23.5));
#1222 = VECTOR('',#1223,1.);
#1223 = DIRECTION('',(0.,-2.6645352591E-15,-1.));
#1224 = PLANE('',#1225);
#1225 = AXIS2_PLACEMENT_3D('',#1226,#1227,#1228);
#1226 = CARTESIAN_POINT('',(-12.5,43.,-5.));
#1227 = DIRECTION('',(1.,0.,0.));
#1228 = DIRECTION('',(0.,0.,1.));
#1229 = ADVANCED_FACE('',(#1230),#1246,.T.);
#1230 = FACE_BOUND('',#1231,.T.);
#1231 = EDGE_LOOP('',(#1232,#1233,#1239,#1240));
#1232 = ORIENTED_EDGE('',*,*,#1180,.F.);
#1233 = ORIENTED_EDGE('',*,*,#1234,.T.);
#1234 = EDGE_CURVE('',#1173,#1204,#1235,.T.);
#1235 = LINE('',#1236,#1237);
#1236 = CARTESIAN_POINT('',(-51.25,44.,-5.));
#1237 = VECTOR('',#1238,1.);
#1238 = DIRECTION('',(1.,0.,0.));
#1239 = ORIENTED_EDGE('',*,*,#1211,.T.);
#1240 = ORIENTED_EDGE('',*,*,#1241,.F.);
#1241 = EDGE_CURVE('',#1181,#1212,#1242,.T.);
#1242 = LINE('',#1243,#1244);
#1243 = CARTESIAN_POINT('',(-51.25,47.,-5.));
#1244 = VECTOR('',#1245,1.);
#1245 = DIRECTION('',(1.,0.,0.));
#1246 = PLANE('',#1247);
#1247 = AXIS2_PLACEMENT_3D('',#1248,#1249,#1250);
#1248 = CARTESIAN_POINT('',(-46.5,43.,-5.));
#1249 = DIRECTION('',(0.,0.,1.));
#1250 = DIRECTION('',(1.,0.,0.));
#1251 = ADVANCED_FACE('',(#1252,#1302),#1308,.T.);
#1252 = FACE_BOUND('',#1253,.T.);
#1253 = EDGE_LOOP('',(#1254,#1264,#1272,#1280,#1288,#1296));
#1254 = ORIENTED_EDGE('',*,*,#1255,.T.);
#1255 = EDGE_CURVE('',#1256,#1258,#1260,.T.);
#1256 = VERTEX_POINT('',#1257);
#1257 = CARTESIAN_POINT('',(-52.27607596902,47.,13.));
#1258 = VERTEX_POINT('',#1259);
#1259 = CARTESIAN_POINT('',(-24.,47.,13.));
#1260 = LINE('',#1261,#1262);
#1261 = CARTESIAN_POINT('',(-52.27520314749,47.,13.));
#1262 = VECTOR('',#1263,1.);
#1263 = DIRECTION('',(1.,-0.,0.));
#1264 = ORIENTED_EDGE('',*,*,#1265,.T.);
#1265 = EDGE_CURVE('',#1258,#1266,#1268,.T.);
#1266 = VERTEX_POINT('',#1267);
#1267 = CARTESIAN_POINT('',(-24.,47.,12.656087053488));
#1268 = LINE('',#1269,#1270);
#1269 = CARTESIAN_POINT('',(-24.,47.,-15.0814736627));
#1270 = VECTOR('',#1271,1.);
#1271 = DIRECTION('',(0.,-2.6645352591E-15,-1.));
#1272 = ORIENTED_EDGE('',*,*,#1273,.T.);
#1273 = EDGE_CURVE('',#1266,#1274,#1276,.T.);
#1274 = VERTEX_POINT('',#1275);
#1275 = CARTESIAN_POINT('',(-6.723924030978,47.,12.656087053488));
#1276 = LINE('',#1277,#1278);
#1277 = CARTESIAN_POINT('',(-40.,47.,12.656087053488));
#1278 = VECTOR('',#1279,1.);
#1279 = DIRECTION('',(1.,-0.,-0.));
#1280 = ORIENTED_EDGE('',*,*,#1281,.T.);
#1281 = EDGE_CURVE('',#1274,#1282,#1284,.T.);
#1282 = VERTEX_POINT('',#1283);
#1283 = CARTESIAN_POINT('',(-6.723924030978,47.,-9.));
#1284 = LINE('',#1285,#1286);
#1285 = CARTESIAN_POINT('',(-6.723924030978,47.,-25.5));
#1286 = VECTOR('',#1287,1.);
#1287 = DIRECTION('',(7.139600708802E-16,-2.6645352591E-15,-1.));
#1288 = ORIENTED_EDGE('',*,*,#1289,.F.);
#1289 = EDGE_CURVE('',#1290,#1282,#1292,.T.);
#1290 = VERTEX_POINT('',#1291);
#1291 = CARTESIAN_POINT('',(-52.27607596902,47.,-9.));
#1292 = LINE('',#1293,#1294);
#1293 = CARTESIAN_POINT('',(-52.27520314749,47.,-9.));
#1294 = VECTOR('',#1295,1.);
#1295 = DIRECTION('',(1.,-0.,0.));
#1296 = ORIENTED_EDGE('',*,*,#1297,.F.);
#1297 = EDGE_CURVE('',#1256,#1290,#1298,.T.);
#1298 = LINE('',#1299,#1300);
#1299 = CARTESIAN_POINT('',(-52.27607596902,47.,-25.5));
#1300 = VECTOR('',#1301,1.);
#1301 = DIRECTION('',(7.139600708802E-16,-2.6645352591E-15,-1.));
#1302 = FACE_BOUND('',#1303,.T.);
#1303 = EDGE_LOOP('',(#1304,#1305,#1306,#1307));
#1304 = ORIENTED_EDGE('',*,*,#1157,.F.);
#1305 = ORIENTED_EDGE('',*,*,#1188,.T.);
#1306 = ORIENTED_EDGE('',*,*,#1241,.T.);
#1307 = ORIENTED_EDGE('',*,*,#1219,.F.);
#1308 = PLANE('',#1309);
#1309 = AXIS2_PLACEMENT_3D('',#1310,#1311,#1312);
#1310 = CARTESIAN_POINT('',(-56.,47.,-42.));
#1311 = DIRECTION('',(0.,1.,-2.6645352591E-15));
#1312 = DIRECTION('',(0.,2.6645352591E-15,1.));
#1313 = ADVANCED_FACE('',(#1314),#1355,.F.);
#1314 = FACE_BOUND('',#1315,.F.);
#1315 = EDGE_LOOP('',(#1316,#1324,#1325,#1333,#1341,#1349));
#1316 = ORIENTED_EDGE('',*,*,#1317,.F.);
#1317 = EDGE_CURVE('',#1256,#1318,#1320,.T.);
#1318 = VERTEX_POINT('',#1319);
#1319 = CARTESIAN_POINT('',(-55.4091109902,58.692645880948,13.));
#1320 = LINE('',#1321,#1322);
#1321 = CARTESIAN_POINT('',(-48.55040629498,33.095611484287,13.));
#1322 = VECTOR('',#1323,1.);
#1323 = DIRECTION('',(-0.258819045103,0.965925826289,0.));
#1324 = ORIENTED_EDGE('',*,*,#1255,.T.);
#1325 = ORIENTED_EDGE('',*,*,#1326,.F.);
#1326 = EDGE_CURVE('',#1327,#1258,#1329,.T.);
#1327 = VERTEX_POINT('',#1328);
#1328 = CARTESIAN_POINT('',(-24.,47.737523693849,13.));
#1329 = LINE('',#1330,#1331);
#1330 = CARTESIAN_POINT('',(-24.,39.169593295312,13.));
#1331 = VECTOR('',#1332,1.);
#1332 = DIRECTION('',(0.,-1.,0.));
#1333 = ORIENTED_EDGE('',*,*,#1334,.F.);
#1334 = EDGE_CURVE('',#1335,#1327,#1337,.T.);
#1335 = VERTEX_POINT('',#1336);
#1336 = CARTESIAN_POINT('',(-6.921542909144,47.737523693849,13.));
#1337 = LINE('',#1338,#1339);
#1338 = CARTESIAN_POINT('',(-36.27520314749,47.737523693849,13.));
#1339 = VECTOR('',#1340,1.);
#1340 = DIRECTION('',(-1.,0.,0.));
#1341 = ORIENTED_EDGE('',*,*,#1342,.T.);
#1342 = EDGE_CURVE('',#1335,#1343,#1345,.T.);
#1343 = VERTEX_POINT('',#1344);
#1344 = CARTESIAN_POINT('',(-12.90837463348,70.080683865459,13.));
#1345 = LINE('',#1346,#1347);
#1346 = CARTESIAN_POINT('',(-6.049669938269,44.483649468798,13.));
#1347 = VECTOR('',#1348,1.);
#1348 = DIRECTION('',(-0.258819045103,0.965925826289,0.));
#1349 = ORIENTED_EDGE('',*,*,#1350,.F.);
#1350 = EDGE_CURVE('',#1318,#1343,#1351,.T.);
#1351 = LINE('',#1352,#1353);
#1352 = CARTESIAN_POINT('',(-55.4091109902,58.692645880948,13.));
#1353 = VECTOR('',#1354,1.);
#1354 = DIRECTION('',(0.965925826289,0.258819045103,0.));
#1355 = PLANE('',#1356);
#1356 = AXIS2_PLACEMENT_3D('',#1357,#1358,#1359);
#1357 = CARTESIAN_POINT('',(-48.55040629498,33.095611484287,13.));
#1358 = DIRECTION('',(0.,0.,1.));
#1359 = DIRECTION('',(0.965925826289,0.258819045103,0.));
#1360 = ADVANCED_FACE('',(#1361),#1379,.T.);
#1361 = FACE_BOUND('',#1362,.T.);
#1362 = EDGE_LOOP('',(#1363,#1364,#1365,#1373));
#1363 = ORIENTED_EDGE('',*,*,#1317,.F.);
#1364 = ORIENTED_EDGE('',*,*,#1297,.T.);
#1365 = ORIENTED_EDGE('',*,*,#1366,.T.);
#1366 = EDGE_CURVE('',#1290,#1367,#1369,.T.);
#1367 = VERTEX_POINT('',#1368);
#1368 = CARTESIAN_POINT('',(-55.4091109902,58.692645880948,-9.));
#1369 = LINE('',#1370,#1371);
#1370 = CARTESIAN_POINT('',(-48.55040629498,33.095611484287,-9.));
#1371 = VECTOR('',#1372,1.);
#1372 = DIRECTION('',(-0.258819045103,0.965925826289,0.));
#1373 = ORIENTED_EDGE('',*,*,#1374,.T.);
#1374 = EDGE_CURVE('',#1367,#1318,#1375,.T.);
#1375 = LINE('',#1376,#1377);
#1376 = CARTESIAN_POINT('',(-55.4091109902,58.692645880948,-9.));
#1377 = VECTOR('',#1378,1.);
#1378 = DIRECTION('',(0.,0.,1.));
#1379 = PLANE('',#1380);
#1380 = AXIS2_PLACEMENT_3D('',#1381,#1382,#1383);
#1381 = CARTESIAN_POINT('',(-48.55040629498,33.095611484287,-9.));
#1382 = DIRECTION('',(0.965925826289,0.258819045103,0.));
#1383 = DIRECTION('',(0.,0.,1.));
#1384 = ADVANCED_FACE('',(#1385),#1403,.T.);
#1385 = FACE_BOUND('',#1386,.T.);
#1386 = EDGE_LOOP('',(#1387,#1388,#1389,#1397));
#1387 = ORIENTED_EDGE('',*,*,#1366,.F.);
#1388 = ORIENTED_EDGE('',*,*,#1289,.T.);
#1389 = ORIENTED_EDGE('',*,*,#1390,.T.);
#1390 = EDGE_CURVE('',#1282,#1391,#1393,.T.);
#1391 = VERTEX_POINT('',#1392);
#1392 = CARTESIAN_POINT('',(-12.90837463348,70.080683865459,-9.));
#1393 = LINE('',#1394,#1395);
#1394 = CARTESIAN_POINT('',(-6.049669938269,44.483649468798,-9.));
#1395 = VECTOR('',#1396,1.);
#1396 = DIRECTION('',(-0.258819045103,0.965925826289,0.));
#1397 = ORIENTED_EDGE('',*,*,#1398,.F.);
#1398 = EDGE_CURVE('',#1367,#1391,#1399,.T.);
#1399 = LINE('',#1400,#1401);
#1400 = CARTESIAN_POINT('',(-55.4091109902,58.692645880948,-9.));
#1401 = VECTOR('',#1402,1.);
#1402 = DIRECTION('',(0.965925826289,0.258819045103,0.));
#1403 = PLANE('',#1404);
#1404 = AXIS2_PLACEMENT_3D('',#1405,#1406,#1407);
#1405 = CARTESIAN_POINT('',(-48.55040629498,33.095611484287,-9.));
#1406 = DIRECTION('',(0.,0.,1.));
#1407 = DIRECTION('',(0.965925826289,0.258819045103,0.));
#1408 = ADVANCED_FACE('',(#1409),#1426,.F.);
#1409 = FACE_BOUND('',#1410,.F.);
#1410 = EDGE_LOOP('',(#1411,#1412,#1418,#1419,#1420));
#1411 = ORIENTED_EDGE('',*,*,#1342,.F.);
#1412 = ORIENTED_EDGE('',*,*,#1413,.F.);
#1413 = EDGE_CURVE('',#1274,#1335,#1414,.T.);
#1414 = LINE('',#1415,#1416);
#1415 = CARTESIAN_POINT('',(-5.653090048046,43.003593169226,
    10.792531943195));
#1416 = VECTOR('',#1417,1.);
#1417 = DIRECTION('',(-0.235985671161,0.88071051463,0.41068205759));
#1418 = ORIENTED_EDGE('',*,*,#1281,.T.);
#1419 = ORIENTED_EDGE('',*,*,#1390,.T.);
#1420 = ORIENTED_EDGE('',*,*,#1421,.T.);
#1421 = EDGE_CURVE('',#1391,#1343,#1422,.T.);
#1422 = LINE('',#1423,#1424);
#1423 = CARTESIAN_POINT('',(-12.90837463348,70.080683865459,-9.));
#1424 = VECTOR('',#1425,1.);
#1425 = DIRECTION('',(0.,0.,1.));
#1426 = PLANE('',#1427);
#1427 = AXIS2_PLACEMENT_3D('',#1428,#1429,#1430);
#1428 = CARTESIAN_POINT('',(-6.049669938269,44.483649468798,-9.));
#1429 = DIRECTION('',(0.965925826289,0.258819045103,0.));
#1430 = DIRECTION('',(0.,0.,1.));
#1431 = ADVANCED_FACE('',(#1432),#1443,.F.);
#1432 = FACE_BOUND('',#1433,.F.);
#1433 = EDGE_LOOP('',(#1434,#1440,#1441,#1442));
#1434 = ORIENTED_EDGE('',*,*,#1435,.F.);
#1435 = EDGE_CURVE('',#1266,#1327,#1436,.T.);
#1436 = LINE('',#1437,#1438);
#1437 = CARTESIAN_POINT('',(-24.,45.243575106336,11.837052674598));
#1438 = VECTOR('',#1439,1.);
#1439 = DIRECTION('',(0.,0.906307787037,0.422618261741));
#1440 = ORIENTED_EDGE('',*,*,#1273,.T.);
#1441 = ORIENTED_EDGE('',*,*,#1413,.T.);
#1442 = ORIENTED_EDGE('',*,*,#1334,.T.);
#1443 = PLANE('',#1444);
#1444 = AXIS2_PLACEMENT_3D('',#1445,#1446,#1447);
#1445 = CARTESIAN_POINT('',(-24.,45.243575106336,11.837052674598));
#1446 = DIRECTION('',(0.,-0.422618261741,0.906307787037));
#1447 = DIRECTION('',(1.,0.,0.));
#1448 = ADVANCED_FACE('',(#1449),#1454,.F.);
#1449 = FACE_BOUND('',#1450,.F.);
#1450 = EDGE_LOOP('',(#1451,#1452,#1453));
#1451 = ORIENTED_EDGE('',*,*,#1265,.T.);
#1452 = ORIENTED_EDGE('',*,*,#1435,.T.);
#1453 = ORIENTED_EDGE('',*,*,#1326,.T.);
#1454 = PLANE('',#1455);
#1455 = AXIS2_PLACEMENT_3D('',#1456,#1457,#1458);
#1456 = CARTESIAN_POINT('',(-24.,45.243575106336,11.837052674598));
#1457 = DIRECTION('',(1.,0.,0.));
#1458 = DIRECTION('',(0.,-0.422618261741,0.906307787037));
#1459 = ADVANCED_FACE('',(#1460,#1466,#1477),#1488,.F.);
#1460 = FACE_BOUND('',#1461,.F.);
#1461 = EDGE_LOOP('',(#1462,#1463,#1464,#1465));
#1462 = ORIENTED_EDGE('',*,*,#1398,.F.);
#1463 = ORIENTED_EDGE('',*,*,#1374,.T.);
#1464 = ORIENTED_EDGE('',*,*,#1350,.T.);
#1465 = ORIENTED_EDGE('',*,*,#1421,.F.);
#1466 = FACE_BOUND('',#1467,.F.);
#1467 = EDGE_LOOP('',(#1468));
#1468 = ORIENTED_EDGE('',*,*,#1469,.T.);
#1469 = EDGE_CURVE('',#1470,#1470,#1472,.T.);
#1470 = VERTEX_POINT('',#1471);
#1471 = CARTESIAN_POINT('',(-38.6985941954,63.170215361221,2.));
#1472 = CIRCLE('',#1473,8.3);
#1473 = AXIS2_PLACEMENT_3D('',#1474,#1475,#1476);
#1474 = CARTESIAN_POINT('',(-46.7157785536,61.02201728687,2.));
#1475 = DIRECTION('',(0.258819045103,-0.965925826289,2.22044604925E-16)
  );
#1476 = DIRECTION('',(0.965925826289,0.258819045103,0.));
#1477 = FACE_BOUND('',#1478,.F.);
#1478 = EDGE_LOOP('',(#1479));
#1479 = ORIENTED_EDGE('',*,*,#1480,.T.);
#1480 = EDGE_CURVE('',#1481,#1481,#1483,.T.);
#1481 = VERTEX_POINT('',#1482);
#1482 = CARTESIAN_POINT('',(-13.58452271188,69.899510533887,2.));
#1483 = CIRCLE('',#1484,8.3);
#1484 = AXIS2_PLACEMENT_3D('',#1485,#1486,#1487);
#1485 = CARTESIAN_POINT('',(-21.60170707008,67.751312459536,2.));
#1486 = DIRECTION('',(0.258819045103,-0.965925826289,2.22044604925E-16)
  );
#1487 = DIRECTION('',(0.965925826289,0.258819045103,0.));
#1488 = PLANE('',#1489);
#1489 = AXIS2_PLACEMENT_3D('',#1490,#1491,#1492);
#1490 = CARTESIAN_POINT('',(-55.4091109902,58.692645880948,-9.));
#1491 = DIRECTION('',(-0.258819045103,0.965925826289,0.));
#1492 = DIRECTION('',(0.,0.,1.));
#1493 = ADVANCED_FACE('',(#1494),#1528,.F.);
#1494 = FACE_BOUND('',#1495,.F.);
#1495 = EDGE_LOOP('',(#1496,#1506,#1514,#1522));
#1496 = ORIENTED_EDGE('',*,*,#1497,.F.);
#1497 = EDGE_CURVE('',#1498,#1500,#1502,.T.);
#1498 = VERTEX_POINT('',#1499);
#1499 = CARTESIAN_POINT('',(-56.,44.,-34.));
#1500 = VERTEX_POINT('',#1501);
#1501 = CARTESIAN_POINT('',(-56.,44.,34.));
#1502 = LINE('',#1503,#1504);
#1503 = CARTESIAN_POINT('',(-56.,44.,-42.));
#1504 = VECTOR('',#1505,1.);
#1505 = DIRECTION('',(0.,2.6645352591E-15,1.));
#1506 = ORIENTED_EDGE('',*,*,#1507,.T.);
#1507 = EDGE_CURVE('',#1498,#1508,#1510,.T.);
#1508 = VERTEX_POINT('',#1509);
#1509 = CARTESIAN_POINT('',(-56.,47.,-34.));
#1510 = LINE('',#1511,#1512);
#1511 = CARTESIAN_POINT('',(-56.,44.,-34.));
#1512 = VECTOR('',#1513,1.);
#1513 = DIRECTION('',(0.,1.,-2.6645352591E-15));
#1514 = ORIENTED_EDGE('',*,*,#1515,.T.);
#1515 = EDGE_CURVE('',#1508,#1516,#1518,.T.);
#1516 = VERTEX_POINT('',#1517);
#1517 = CARTESIAN_POINT('',(-56.,47.,34.));
#1518 = LINE('',#1519,#1520);
#1519 = CARTESIAN_POINT('',(-56.,47.,-42.));
#1520 = VECTOR('',#1521,1.);
#1521 = DIRECTION('',(0.,2.6645352591E-15,1.));
#1522 = ORIENTED_EDGE('',*,*,#1523,.F.);
#1523 = EDGE_CURVE('',#1500,#1516,#1524,.T.);
#1524 = LINE('',#1525,#1526);
#1525 = CARTESIAN_POINT('',(-56.,44.,34.));
#1526 = VECTOR('',#1527,1.);
#1527 = DIRECTION('',(0.,1.,-2.6645352591E-15));
#1528 = PLANE('',#1529);
#1529 = AXIS2_PLACEMENT_3D('',#1530,#1531,#1532);
#1530 = CARTESIAN_POINT('',(-56.,44.,-42.));
#1531 = DIRECTION('',(1.,0.,0.));
#1532 = DIRECTION('',(0.,2.6645352591E-15,1.));
#1533 = ADVANCED_FACE('',(#1534),#1561,.T.);
#1534 = FACE_BOUND('',#1535,.F.);
#1535 = EDGE_LOOP('',(#1536,#1545,#1553,#1560));
#1536 = ORIENTED_EDGE('',*,*,#1537,.T.);
#1537 = EDGE_CURVE('',#1498,#1538,#1540,.T.);
#1538 = VERTEX_POINT('',#1539);
#1539 = CARTESIAN_POINT('',(-48.,44.,-42.));
#1540 = CIRCLE('',#1541,8.);
#1541 = AXIS2_PLACEMENT_3D('',#1542,#1543,#1544);
#1542 = CARTESIAN_POINT('',(-48.,44.,-34.));
#1543 = DIRECTION('',(0.,-1.,2.6645352591E-15));
#1544 = DIRECTION('',(0.,2.6645352591E-15,1.));
#1545 = ORIENTED_EDGE('',*,*,#1546,.T.);
#1546 = EDGE_CURVE('',#1538,#1547,#1549,.T.);
#1547 = VERTEX_POINT('',#1548);
#1548 = CARTESIAN_POINT('',(-48.,47.,-42.));
#1549 = LINE('',#1550,#1551);
#1550 = CARTESIAN_POINT('',(-48.,44.,-42.));
#1551 = VECTOR('',#1552,1.);
#1552 = DIRECTION('',(0.,1.,-2.6645352591E-15));
#1553 = ORIENTED_EDGE('',*,*,#1554,.F.);
#1554 = EDGE_CURVE('',#1508,#1547,#1555,.T.);
#1555 = CIRCLE('',#1556,8.);
#1556 = AXIS2_PLACEMENT_3D('',#1557,#1558,#1559);
#1557 = CARTESIAN_POINT('',(-48.,47.,-34.));
#1558 = DIRECTION('',(0.,-1.,2.6645352591E-15));
#1559 = DIRECTION('',(0.,2.6645352591E-15,1.));
#1560 = ORIENTED_EDGE('',*,*,#1507,.F.);
#1561 = CYLINDRICAL_SURFACE('',#1562,8.);
#1562 = AXIS2_PLACEMENT_3D('',#1563,#1564,#1565);
#1563 = CARTESIAN_POINT('',(-48.,44.,-34.));
#1564 = DIRECTION('',(0.,1.,-2.6645352591E-15));
#1565 = DIRECTION('',(-1.,0.,0.));
#1566 = ADVANCED_FACE('',(#1567),#1594,.T.);
#1567 = FACE_BOUND('',#1568,.T.);
#1568 = EDGE_LOOP('',(#1569,#1578,#1586,#1593));
#1569 = ORIENTED_EDGE('',*,*,#1570,.T.);
#1570 = EDGE_CURVE('',#1500,#1571,#1573,.T.);
#1571 = VERTEX_POINT('',#1572);
#1572 = CARTESIAN_POINT('',(-48.,44.,42.));
#1573 = CIRCLE('',#1574,8.);
#1574 = AXIS2_PLACEMENT_3D('',#1575,#1576,#1577);
#1575 = CARTESIAN_POINT('',(-48.,44.,34.));
#1576 = DIRECTION('',(0.,1.,-2.6645352591E-15));
#1577 = DIRECTION('',(0.,2.6645352591E-15,1.));
#1578 = ORIENTED_EDGE('',*,*,#1579,.T.);
#1579 = EDGE_CURVE('',#1571,#1580,#1582,.T.);
#1580 = VERTEX_POINT('',#1581);
#1581 = CARTESIAN_POINT('',(-48.,47.,42.));
#1582 = LINE('',#1583,#1584);
#1583 = CARTESIAN_POINT('',(-48.,44.,42.));
#1584 = VECTOR('',#1585,1.);
#1585 = DIRECTION('',(0.,1.,-2.6645352591E-15));
#1586 = ORIENTED_EDGE('',*,*,#1587,.F.);
#1587 = EDGE_CURVE('',#1516,#1580,#1588,.T.);
#1588 = CIRCLE('',#1589,8.);
#1589 = AXIS2_PLACEMENT_3D('',#1590,#1591,#1592);
#1590 = CARTESIAN_POINT('',(-48.,47.,34.));
#1591 = DIRECTION('',(0.,1.,-2.6645352591E-15));
#1592 = DIRECTION('',(0.,2.6645352591E-15,1.));
#1593 = ORIENTED_EDGE('',*,*,#1523,.F.);
#1594 = CYLINDRICAL_SURFACE('',#1595,8.);
#1595 = AXIS2_PLACEMENT_3D('',#1596,#1597,#1598);
#1596 = CARTESIAN_POINT('',(-48.,44.,34.));
#1597 = DIRECTION('',(0.,1.,-2.6645352591E-15));
#1598 = DIRECTION('',(-1.,0.,0.));
#1599 = ADVANCED_FACE('',(#1600,#1645,#1656,#1667,#1701,#1712,#1842),
  #1853,.T.);
#1600 = FACE_BOUND('',#1601,.T.);
#1601 = EDGE_LOOP('',(#1602,#1610,#1611,#1612,#1613,#1621,#1630,#1638));
#1602 = ORIENTED_EDGE('',*,*,#1603,.F.);
#1603 = EDGE_CURVE('',#1547,#1604,#1606,.T.);
#1604 = VERTEX_POINT('',#1605);
#1605 = CARTESIAN_POINT('',(48.,47.,-42.));
#1606 = LINE('',#1607,#1608);
#1607 = CARTESIAN_POINT('',(-56.,47.,-42.));
#1608 = VECTOR('',#1609,1.);
#1609 = DIRECTION('',(1.,0.,0.));
#1610 = ORIENTED_EDGE('',*,*,#1554,.F.);
#1611 = ORIENTED_EDGE('',*,*,#1515,.T.);
#1612 = ORIENTED_EDGE('',*,*,#1587,.T.);
#1613 = ORIENTED_EDGE('',*,*,#1614,.T.);
#1614 = EDGE_CURVE('',#1580,#1615,#1617,.T.);
#1615 = VERTEX_POINT('',#1616);
#1616 = CARTESIAN_POINT('',(48.,47.,42.));
#1617 = LINE('',#1618,#1619);
#1618 = CARTESIAN_POINT('',(-56.,47.,42.));
#1619 = VECTOR('',#1620,1.);
#1620 = DIRECTION('',(1.,0.,0.));
#1621 = ORIENTED_EDGE('',*,*,#1622,.F.);
#1622 = EDGE_CURVE('',#1623,#1615,#1625,.T.);
#1623 = VERTEX_POINT('',#1624);
#1624 = CARTESIAN_POINT('',(56.,47.,34.));
#1625 = CIRCLE('',#1626,8.);
#1626 = AXIS2_PLACEMENT_3D('',#1627,#1628,#1629);
#1627 = CARTESIAN_POINT('',(48.,47.,34.));
#1628 = DIRECTION('',(0.,-1.,2.6645352591E-15));
#1629 = DIRECTION('',(0.,2.6645352591E-15,1.));
#1630 = ORIENTED_EDGE('',*,*,#1631,.F.);
#1631 = EDGE_CURVE('',#1632,#1623,#1634,.T.);
#1632 = VERTEX_POINT('',#1633);
#1633 = CARTESIAN_POINT('',(56.,47.,-34.));
#1634 = LINE('',#1635,#1636);
#1635 = CARTESIAN_POINT('',(56.,47.,-42.));
#1636 = VECTOR('',#1637,1.);
#1637 = DIRECTION('',(0.,2.6645352591E-15,1.));
#1638 = ORIENTED_EDGE('',*,*,#1639,.T.);
#1639 = EDGE_CURVE('',#1632,#1604,#1640,.T.);
#1640 = CIRCLE('',#1641,8.);
#1641 = AXIS2_PLACEMENT_3D('',#1642,#1643,#1644);
#1642 = CARTESIAN_POINT('',(48.,47.,-34.));
#1643 = DIRECTION('',(0.,1.,-2.6645352591E-15));
#1644 = DIRECTION('',(0.,2.6645352591E-15,1.));
#1645 = FACE_BOUND('',#1646,.T.);
#1646 = EDGE_LOOP('',(#1647));
#1647 = ORIENTED_EDGE('',*,*,#1648,.T.);
#1648 = EDGE_CURVE('',#1649,#1649,#1651,.T.);
#1649 = VERTEX_POINT('',#1650);
#1650 = CARTESIAN_POINT('',(-46.1,47.,-35.));
#1651 = CIRCLE('',#1652,2.9);
#1652 = AXIS2_PLACEMENT_3D('',#1653,#1654,#1655);
#1653 = CARTESIAN_POINT('',(-49.,47.,-35.));
#1654 = DIRECTION('',(0.,-1.,8.881784197001E-16));
#1655 = DIRECTION('',(1.,0.,0.));
#1656 = FACE_BOUND('',#1657,.T.);
#1657 = EDGE_LOOP('',(#1658));
#1658 = ORIENTED_EDGE('',*,*,#1659,.T.);
#1659 = EDGE_CURVE('',#1660,#1660,#1662,.T.);
#1660 = VERTEX_POINT('',#1661);
#1661 = CARTESIAN_POINT('',(-46.1,47.,35.));
#1662 = CIRCLE('',#1663,2.9);
#1663 = AXIS2_PLACEMENT_3D('',#1664,#1665,#1666);
#1664 = CARTESIAN_POINT('',(-49.,47.,35.));
#1665 = DIRECTION('',(0.,-1.,2.22044604925E-15));
#1666 = DIRECTION('',(1.,0.,0.));
#1667 = FACE_BOUND('',#1668,.T.);
#1668 = EDGE_LOOP('',(#1669,#1679,#1687,#1695));
#1669 = ORIENTED_EDGE('',*,*,#1670,.T.);
#1670 = EDGE_CURVE('',#1671,#1673,#1675,.T.);
#1671 = VERTEX_POINT('',#1672);
#1672 = CARTESIAN_POINT('',(40.,47.,-11.05242563503));
#1673 = VERTEX_POINT('',#1674);
#1674 = CARTESIAN_POINT('',(0.,47.,-11.05242563503));
#1675 = LINE('',#1676,#1677);
#1676 = CARTESIAN_POINT('',(-28.,47.,-11.05242563503));
#1677 = VECTOR('',#1678,1.);
#1678 = DIRECTION('',(-1.,0.,0.));
#1679 = ORIENTED_EDGE('',*,*,#1680,.T.);
#1680 = EDGE_CURVE('',#1673,#1681,#1683,.T.);
#1681 = VERTEX_POINT('',#1682);
#1682 = CARTESIAN_POINT('',(0.,47.,-40.87006965389));
#1683 = LINE('',#1684,#1685);
#1684 = CARTESIAN_POINT('',(0.,47.,-36.53018254247));
#1685 = VECTOR('',#1686,1.);
#1686 = DIRECTION('',(0.,-2.6645352591E-15,-1.));
#1687 = ORIENTED_EDGE('',*,*,#1688,.T.);
#1688 = EDGE_CURVE('',#1681,#1689,#1691,.T.);
#1689 = VERTEX_POINT('',#1690);
#1690 = CARTESIAN_POINT('',(40.,47.,-40.87006965389));
#1691 = LINE('',#1692,#1693);
#1692 = CARTESIAN_POINT('',(-28.,47.,-40.87006965389));
#1693 = VECTOR('',#1694,1.);
#1694 = DIRECTION('',(1.,-0.,0.));
#1695 = ORIENTED_EDGE('',*,*,#1696,.F.);
#1696 = EDGE_CURVE('',#1671,#1689,#1697,.T.);
#1697 = LINE('',#1698,#1699);
#1698 = CARTESIAN_POINT('',(40.,47.,-36.53018254247));
#1699 = VECTOR('',#1700,1.);
#1700 = DIRECTION('',(0.,-2.6645352591E-15,-1.));
#1701 = FACE_BOUND('',#1702,.T.);
#1702 = EDGE_LOOP('',(#1703));
#1703 = ORIENTED_EDGE('',*,*,#1704,.T.);
#1704 = EDGE_CURVE('',#1705,#1705,#1707,.T.);
#1705 = VERTEX_POINT('',#1706);
#1706 = CARTESIAN_POINT('',(51.9,47.,-35.));
#1707 = CIRCLE('',#1708,2.9);
#1708 = AXIS2_PLACEMENT_3D('',#1709,#1710,#1711);
#1709 = CARTESIAN_POINT('',(49.,47.,-35.));
#1710 = DIRECTION('',(0.,-1.,2.22044604925E-16));
#1711 = DIRECTION('',(1.,0.,0.));
#1712 = FACE_BOUND('',#1713,.T.);
#1713 = EDGE_LOOP('',(#1714,#1724,#1732,#1740,#1748,#1756,#1764,#1772,
    #1780,#1788,#1796,#1804,#1812,#1820,#1828,#1836));
#1714 = ORIENTED_EDGE('',*,*,#1715,.F.);
#1715 = EDGE_CURVE('',#1716,#1718,#1720,.T.);
#1716 = VERTEX_POINT('',#1717);
#1717 = CARTESIAN_POINT('',(-24.,47.,41.343912946512));
#1718 = VERTEX_POINT('',#1719);
#1719 = CARTESIAN_POINT('',(24.,47.,41.343912946512));
#1720 = LINE('',#1721,#1722);
#1721 = CARTESIAN_POINT('',(-40.,47.,41.343912946512));
#1722 = VECTOR('',#1723,1.);
#1723 = DIRECTION('',(1.,-0.,-0.));
#1724 = ORIENTED_EDGE('',*,*,#1725,.T.);
#1725 = EDGE_CURVE('',#1716,#1726,#1728,.T.);
#1726 = VERTEX_POINT('',#1727);
#1727 = CARTESIAN_POINT('',(-24.,47.,15.));
#1728 = LINE('',#1729,#1730);
#1729 = CARTESIAN_POINT('',(-24.,47.,-15.0814736627));
#1730 = VECTOR('',#1731,1.);
#1731 = DIRECTION('',(0.,-2.6645352591E-15,-1.));
#1732 = ORIENTED_EDGE('',*,*,#1733,.F.);
#1733 = EDGE_CURVE('',#1734,#1726,#1736,.T.);
#1734 = VERTEX_POINT('',#1735);
#1735 = CARTESIAN_POINT('',(-54.34662832984,47.,15.));
#1736 = LINE('',#1737,#1738);
#1737 = CARTESIAN_POINT('',(-53.30583373505,47.,15.));
#1738 = VECTOR('',#1739,1.);
#1739 = DIRECTION('',(1.,-0.,0.));
#1740 = ORIENTED_EDGE('',*,*,#1741,.T.);
#1741 = EDGE_CURVE('',#1734,#1742,#1744,.T.);
#1742 = VERTEX_POINT('',#1743);
#1743 = CARTESIAN_POINT('',(-54.34662832984,47.,-11.));
#1744 = LINE('',#1745,#1746);
#1745 = CARTESIAN_POINT('',(-54.34662832984,47.,-26.5));
#1746 = VECTOR('',#1747,1.);
#1747 = DIRECTION('',(7.139600708802E-16,-2.6645352591E-15,-1.));
#1748 = ORIENTED_EDGE('',*,*,#1749,.T.);
#1749 = EDGE_CURVE('',#1742,#1750,#1752,.T.);
#1750 = VERTEX_POINT('',#1751);
#1751 = CARTESIAN_POINT('',(-37.,47.,-11.));
#1752 = LINE('',#1753,#1754);
#1753 = CARTESIAN_POINT('',(-53.30583373505,47.,-11.));
#1754 = VECTOR('',#1755,1.);
#1755 = DIRECTION('',(1.,-0.,0.));
#1756 = ORIENTED_EDGE('',*,*,#1757,.T.);
#1757 = EDGE_CURVE('',#1750,#1758,#1760,.T.);
#1758 = VERTEX_POINT('',#1759);
#1759 = CARTESIAN_POINT('',(-37.,47.,-41.));
#1760 = LINE('',#1761,#1762);
#1761 = CARTESIAN_POINT('',(-37.,47.,-41.5));
#1762 = VECTOR('',#1763,1.);
#1763 = DIRECTION('',(0.,-2.6645352591E-15,-1.));
#1764 = ORIENTED_EDGE('',*,*,#1765,.T.);
#1765 = EDGE_CURVE('',#1758,#1766,#1768,.T.);
#1766 = VERTEX_POINT('',#1767);
#1767 = CARTESIAN_POINT('',(-7.,47.,-41.));
#1768 = LINE('',#1769,#1770);
#1769 = CARTESIAN_POINT('',(-46.5,47.,-41.));
#1770 = VECTOR('',#1771,1.);
#1771 = DIRECTION('',(1.,-0.,0.));
#1772 = ORIENTED_EDGE('',*,*,#1773,.F.);
#1773 = EDGE_CURVE('',#1774,#1766,#1776,.T.);
#1774 = VERTEX_POINT('',#1775);
#1775 = CARTESIAN_POINT('',(-7.,47.,-11.));
#1776 = LINE('',#1777,#1778);
#1777 = CARTESIAN_POINT('',(-7.,47.,-41.5));
#1778 = VECTOR('',#1779,1.);
#1779 = DIRECTION('',(0.,-2.6645352591E-15,-1.));
#1780 = ORIENTED_EDGE('',*,*,#1781,.T.);
#1781 = EDGE_CURVE('',#1774,#1782,#1784,.T.);
#1782 = VERTEX_POINT('',#1783);
#1783 = CARTESIAN_POINT('',(-4.653371670158,47.,-11.));
#1784 = LINE('',#1785,#1786);
#1785 = CARTESIAN_POINT('',(-53.30583373505,47.,-11.));
#1786 = VECTOR('',#1787,1.);
#1787 = DIRECTION('',(1.,-0.,0.));
#1788 = ORIENTED_EDGE('',*,*,#1789,.F.);
#1789 = EDGE_CURVE('',#1790,#1782,#1792,.T.);
#1790 = VERTEX_POINT('',#1791);
#1791 = CARTESIAN_POINT('',(-4.653371670158,47.,12.656087053488));
#1792 = LINE('',#1793,#1794);
#1793 = CARTESIAN_POINT('',(-4.653371670158,47.,-26.5));
#1794 = VECTOR('',#1795,1.);
#1795 = DIRECTION('',(7.139600708802E-16,-2.6645352591E-15,-1.));
#1796 = ORIENTED_EDGE('',*,*,#1797,.T.);
#1797 = EDGE_CURVE('',#1790,#1798,#1800,.T.);
#1798 = VERTEX_POINT('',#1799);
#1799 = CARTESIAN_POINT('',(4.653371670158,47.,12.656087053488));
#1800 = LINE('',#1801,#1802);
#1801 = CARTESIAN_POINT('',(-40.,47.,12.656087053488));
#1802 = VECTOR('',#1803,1.);
#1803 = DIRECTION('',(1.,-0.,-0.));
#1804 = ORIENTED_EDGE('',*,*,#1805,.T.);
#1805 = EDGE_CURVE('',#1798,#1806,#1808,.T.);
#1806 = VERTEX_POINT('',#1807);
#1807 = CARTESIAN_POINT('',(4.653371670158,47.,-11.));
#1808 = LINE('',#1809,#1810);
#1809 = CARTESIAN_POINT('',(4.653371670158,47.,-26.5));
#1810 = VECTOR('',#1811,1.);
#1811 = DIRECTION('',(-7.139600708802E-16,-2.6645352591E-15,-1.));
#1812 = ORIENTED_EDGE('',*,*,#1813,.T.);
#1813 = EDGE_CURVE('',#1806,#1814,#1816,.T.);
#1814 = VERTEX_POINT('',#1815);
#1815 = CARTESIAN_POINT('',(54.346628329842,47.,-11.));
#1816 = LINE('',#1817,#1818);
#1817 = CARTESIAN_POINT('',(-25.87638609587,47.,-11.));
#1818 = VECTOR('',#1819,1.);
#1819 = DIRECTION('',(1.,-0.,0.));
#1820 = ORIENTED_EDGE('',*,*,#1821,.F.);
#1821 = EDGE_CURVE('',#1822,#1814,#1824,.T.);
#1822 = VERTEX_POINT('',#1823);
#1823 = CARTESIAN_POINT('',(54.346628329842,47.,15.));
#1824 = LINE('',#1825,#1826);
#1825 = CARTESIAN_POINT('',(54.346628329842,47.,-26.5));
#1826 = VECTOR('',#1827,1.);
#1827 = DIRECTION('',(-7.139600708802E-16,-2.6645352591E-15,-1.));
#1828 = ORIENTED_EDGE('',*,*,#1829,.F.);
#1829 = EDGE_CURVE('',#1830,#1822,#1832,.T.);
#1830 = VERTEX_POINT('',#1831);
#1831 = CARTESIAN_POINT('',(24.,47.,15.));
#1832 = LINE('',#1833,#1834);
#1833 = CARTESIAN_POINT('',(-25.87638609587,47.,15.));
#1834 = VECTOR('',#1835,1.);
#1835 = DIRECTION('',(1.,-0.,0.));
#1836 = ORIENTED_EDGE('',*,*,#1837,.F.);
#1837 = EDGE_CURVE('',#1718,#1830,#1838,.T.);
#1838 = LINE('',#1839,#1840);
#1839 = CARTESIAN_POINT('',(24.,47.,-15.0814736627));
#1840 = VECTOR('',#1841,1.);
#1841 = DIRECTION('',(0.,-2.6645352591E-15,-1.));
#1842 = FACE_BOUND('',#1843,.T.);
#1843 = EDGE_LOOP('',(#1844));
#1844 = ORIENTED_EDGE('',*,*,#1845,.T.);
#1845 = EDGE_CURVE('',#1846,#1846,#1848,.T.);
#1846 = VERTEX_POINT('',#1847);
#1847 = CARTESIAN_POINT('',(51.9,47.,35.));
#1848 = CIRCLE('',#1849,2.9);
#1849 = AXIS2_PLACEMENT_3D('',#1850,#1851,#1852);
#1850 = CARTESIAN_POINT('',(49.,47.,35.));
#1851 = DIRECTION('',(0.,-1.,1.554312234475E-15));
#1852 = DIRECTION('',(1.,0.,0.));
#1853 = PLANE('',#1854);
#1854 = AXIS2_PLACEMENT_3D('',#1855,#1856,#1857);
#1855 = CARTESIAN_POINT('',(-56.,47.,-42.));
#1856 = DIRECTION('',(0.,1.,-2.6645352591E-15));
#1857 = DIRECTION('',(0.,2.6645352591E-15,1.));
#1858 = ADVANCED_FACE('',(#1859),#1877,.F.);
#1859 = FACE_BOUND('',#1860,.F.);
#1860 = EDGE_LOOP('',(#1861,#1862,#1863,#1871));
#1861 = ORIENTED_EDGE('',*,*,#1603,.F.);
#1862 = ORIENTED_EDGE('',*,*,#1546,.F.);
#1863 = ORIENTED_EDGE('',*,*,#1864,.T.);
#1864 = EDGE_CURVE('',#1538,#1865,#1867,.T.);
#1865 = VERTEX_POINT('',#1866);
#1866 = CARTESIAN_POINT('',(48.,44.,-42.));
#1867 = LINE('',#1868,#1869);
#1868 = CARTESIAN_POINT('',(-56.,44.,-42.));
#1869 = VECTOR('',#1870,1.);
#1870 = DIRECTION('',(1.,0.,0.));
#1871 = ORIENTED_EDGE('',*,*,#1872,.T.);
#1872 = EDGE_CURVE('',#1865,#1604,#1873,.T.);
#1873 = LINE('',#1874,#1875);
#1874 = CARTESIAN_POINT('',(48.,44.,-42.));
#1875 = VECTOR('',#1876,1.);
#1876 = DIRECTION('',(0.,1.,-2.6645352591E-15));
#1877 = PLANE('',#1878);
#1878 = AXIS2_PLACEMENT_3D('',#1879,#1880,#1881);
#1879 = CARTESIAN_POINT('',(-56.,44.,-42.));
#1880 = DIRECTION('',(0.,2.6645352591E-15,1.));
#1881 = DIRECTION('',(1.,0.,0.));
#1882 = ADVANCED_FACE('',(#1883),#1902,.T.);
#1883 = FACE_BOUND('',#1884,.T.);
#1884 = EDGE_LOOP('',(#1885,#1894,#1895,#1896));
#1885 = ORIENTED_EDGE('',*,*,#1886,.T.);
#1886 = EDGE_CURVE('',#1887,#1865,#1889,.T.);
#1887 = VERTEX_POINT('',#1888);
#1888 = CARTESIAN_POINT('',(56.,44.,-34.));
#1889 = CIRCLE('',#1890,8.);
#1890 = AXIS2_PLACEMENT_3D('',#1891,#1892,#1893);
#1891 = CARTESIAN_POINT('',(48.,44.,-34.));
#1892 = DIRECTION('',(0.,1.,-2.6645352591E-15));
#1893 = DIRECTION('',(0.,2.6645352591E-15,1.));
#1894 = ORIENTED_EDGE('',*,*,#1872,.T.);
#1895 = ORIENTED_EDGE('',*,*,#1639,.F.);
#1896 = ORIENTED_EDGE('',*,*,#1897,.F.);
#1897 = EDGE_CURVE('',#1887,#1632,#1898,.T.);
#1898 = LINE('',#1899,#1900);
#1899 = CARTESIAN_POINT('',(56.,44.,-34.));
#1900 = VECTOR('',#1901,1.);
#1901 = DIRECTION('',(0.,1.,-2.6645352591E-15));
#1902 = CYLINDRICAL_SURFACE('',#1903,8.);
#1903 = AXIS2_PLACEMENT_3D('',#1904,#1905,#1906);
#1904 = CARTESIAN_POINT('',(48.,44.,-34.));
#1905 = DIRECTION('',(0.,1.,-2.6645352591E-15));
#1906 = DIRECTION('',(1.,0.,0.));
#1907 = ADVANCED_FACE('',(#1908),#1926,.T.);
#1908 = FACE_BOUND('',#1909,.T.);
#1909 = EDGE_LOOP('',(#1910,#1918,#1919,#1920));
#1910 = ORIENTED_EDGE('',*,*,#1911,.F.);
#1911 = EDGE_CURVE('',#1887,#1912,#1914,.T.);
#1912 = VERTEX_POINT('',#1913);
#1913 = CARTESIAN_POINT('',(56.,44.,34.));
#1914 = LINE('',#1915,#1916);
#1915 = CARTESIAN_POINT('',(56.,44.,-42.));
#1916 = VECTOR('',#1917,1.);
#1917 = DIRECTION('',(0.,2.6645352591E-15,1.));
#1918 = ORIENTED_EDGE('',*,*,#1897,.T.);
#1919 = ORIENTED_EDGE('',*,*,#1631,.T.);
#1920 = ORIENTED_EDGE('',*,*,#1921,.F.);
#1921 = EDGE_CURVE('',#1912,#1623,#1922,.T.);
#1922 = LINE('',#1923,#1924);
#1923 = CARTESIAN_POINT('',(56.,44.,34.));
#1924 = VECTOR('',#1925,1.);
#1925 = DIRECTION('',(0.,1.,-2.6645352591E-15));
#1926 = PLANE('',#1927);
#1927 = AXIS2_PLACEMENT_3D('',#1928,#1929,#1930);
#1928 = CARTESIAN_POINT('',(56.,44.,-42.));
#1929 = DIRECTION('',(1.,0.,0.));
#1930 = DIRECTION('',(0.,2.6645352591E-15,1.));
#1931 = ADVANCED_FACE('',(#1932),#1951,.T.);
#1932 = FACE_BOUND('',#1933,.F.);
#1933 = EDGE_LOOP('',(#1934,#1943,#1949,#1950));
#1934 = ORIENTED_EDGE('',*,*,#1935,.T.);
#1935 = EDGE_CURVE('',#1912,#1936,#1938,.T.);
#1936 = VERTEX_POINT('',#1937);
#1937 = CARTESIAN_POINT('',(48.,44.,42.));
#1938 = CIRCLE('',#1939,8.);
#1939 = AXIS2_PLACEMENT_3D('',#1940,#1941,#1942);
#1940 = CARTESIAN_POINT('',(48.,44.,34.));
#1941 = DIRECTION('',(0.,-1.,2.6645352591E-15));
#1942 = DIRECTION('',(0.,2.6645352591E-15,1.));
#1943 = ORIENTED_EDGE('',*,*,#1944,.T.);
#1944 = EDGE_CURVE('',#1936,#1615,#1945,.T.);
#1945 = LINE('',#1946,#1947);
#1946 = CARTESIAN_POINT('',(48.,44.,42.));
#1947 = VECTOR('',#1948,1.);
#1948 = DIRECTION('',(0.,1.,-2.6645352591E-15));
#1949 = ORIENTED_EDGE('',*,*,#1622,.F.);
#1950 = ORIENTED_EDGE('',*,*,#1921,.F.);
#1951 = CYLINDRICAL_SURFACE('',#1952,8.);
#1952 = AXIS2_PLACEMENT_3D('',#1953,#1954,#1955);
#1953 = CARTESIAN_POINT('',(48.,44.,34.));
#1954 = DIRECTION('',(0.,1.,-2.6645352591E-15));
#1955 = DIRECTION('',(1.,0.,0.));
#1956 = ADVANCED_FACE('',(#1957),#1968,.T.);
#1957 = FACE_BOUND('',#1958,.T.);
#1958 = EDGE_LOOP('',(#1959,#1960,#1961,#1967));
#1959 = ORIENTED_EDGE('',*,*,#1614,.F.);
#1960 = ORIENTED_EDGE('',*,*,#1579,.F.);
#1961 = ORIENTED_EDGE('',*,*,#1962,.T.);
#1962 = EDGE_CURVE('',#1571,#1936,#1963,.T.);
#1963 = LINE('',#1964,#1965);
#1964 = CARTESIAN_POINT('',(-56.,44.,42.));
#1965 = VECTOR('',#1966,1.);
#1966 = DIRECTION('',(1.,0.,0.));
#1967 = ORIENTED_EDGE('',*,*,#1944,.T.);
#1968 = PLANE('',#1969);
#1969 = AXIS2_PLACEMENT_3D('',#1970,#1971,#1972);
#1970 = CARTESIAN_POINT('',(-56.,44.,42.));
#1971 = DIRECTION('',(0.,2.6645352591E-15,1.));
#1972 = DIRECTION('',(1.,0.,0.));
#1973 = ADVANCED_FACE('',(#1974),#1993,.F.);
#1974 = FACE_BOUND('',#1975,.T.);
#1975 = EDGE_LOOP('',(#1976,#1985,#1991,#1992));
#1976 = ORIENTED_EDGE('',*,*,#1977,.F.);
#1977 = EDGE_CURVE('',#1978,#1978,#1980,.T.);
#1978 = VERTEX_POINT('',#1979);
#1979 = CARTESIAN_POINT('',(-46.1,45.5,-35.));
#1980 = CIRCLE('',#1981,2.9);
#1981 = AXIS2_PLACEMENT_3D('',#1982,#1983,#1984);
#1982 = CARTESIAN_POINT('',(-49.,45.5,-35.));
#1983 = DIRECTION('',(0.,1.,-8.881784197001E-16));
#1984 = DIRECTION('',(1.,0.,0.));
#1985 = ORIENTED_EDGE('',*,*,#1986,.T.);
#1986 = EDGE_CURVE('',#1978,#1649,#1987,.T.);
#1987 = LINE('',#1988,#1989);
#1988 = CARTESIAN_POINT('',(-46.1,45.5,-35.));
#1989 = VECTOR('',#1990,1.);
#1990 = DIRECTION('',(0.,1.,-8.881784197001E-16));
#1991 = ORIENTED_EDGE('',*,*,#1648,.F.);
#1992 = ORIENTED_EDGE('',*,*,#1986,.F.);
#1993 = CYLINDRICAL_SURFACE('',#1994,2.9);
#1994 = AXIS2_PLACEMENT_3D('',#1995,#1996,#1997);
#1995 = CARTESIAN_POINT('',(-49.,45.5,-35.));
#1996 = DIRECTION('',(-0.,-1.,8.881784197001E-16));
#1997 = DIRECTION('',(1.,0.,0.));
#1998 = ADVANCED_FACE('',(#1999),#2018,.F.);
#1999 = FACE_BOUND('',#2000,.T.);
#2000 = EDGE_LOOP('',(#2001,#2010,#2016,#2017));
#2001 = ORIENTED_EDGE('',*,*,#2002,.F.);
#2002 = EDGE_CURVE('',#2003,#2003,#2005,.T.);
#2003 = VERTEX_POINT('',#2004);
#2004 = CARTESIAN_POINT('',(-46.1,45.5,35.));
#2005 = CIRCLE('',#2006,2.9);
#2006 = AXIS2_PLACEMENT_3D('',#2007,#2008,#2009);
#2007 = CARTESIAN_POINT('',(-49.,45.5,35.));
#2008 = DIRECTION('',(0.,1.,-2.22044604925E-15));
#2009 = DIRECTION('',(1.,0.,0.));
#2010 = ORIENTED_EDGE('',*,*,#2011,.T.);
#2011 = EDGE_CURVE('',#2003,#1660,#2012,.T.);
#2012 = LINE('',#2013,#2014);
#2013 = CARTESIAN_POINT('',(-46.1,45.5,35.));
#2014 = VECTOR('',#2015,1.);
#2015 = DIRECTION('',(0.,1.,-2.22044604925E-15));
#2016 = ORIENTED_EDGE('',*,*,#1659,.F.);
#2017 = ORIENTED_EDGE('',*,*,#2011,.F.);
#2018 = CYLINDRICAL_SURFACE('',#2019,2.9);
#2019 = AXIS2_PLACEMENT_3D('',#2020,#2021,#2022);
#2020 = CARTESIAN_POINT('',(-49.,45.5,35.));
#2021 = DIRECTION('',(-0.,-1.,2.22044604925E-15));
#2022 = DIRECTION('',(1.,0.,0.));
#2023 = ADVANCED_FACE('',(#2024),#2065,.F.);
#2024 = FACE_BOUND('',#2025,.F.);
#2025 = EDGE_LOOP('',(#2026,#2034,#2035,#2043,#2051,#2059));
#2026 = ORIENTED_EDGE('',*,*,#2027,.F.);
#2027 = EDGE_CURVE('',#1671,#2028,#2030,.T.);
#2028 = VERTEX_POINT('',#2029);
#2029 = CARTESIAN_POINT('',(40.,47.036708824844,-11.));
#2030 = LINE('',#2031,#2032);
#2031 = CARTESIAN_POINT('',(40.,32.990289973124,-31.06036508494));
#2032 = VECTOR('',#2033,1.);
#2033 = DIRECTION('',(0.,0.573576436351,0.819152044289));
#2034 = ORIENTED_EDGE('',*,*,#1670,.T.);
#2035 = ORIENTED_EDGE('',*,*,#2036,.T.);
#2036 = EDGE_CURVE('',#1673,#2037,#2039,.T.);
#2037 = VERTEX_POINT('',#2038);
#2038 = CARTESIAN_POINT('',(0.,47.903277318252,-9.762411933435));
#2039 = LINE('',#2040,#2041);
#2040 = CARTESIAN_POINT('',(0.,32.990289973124,-31.06036508494));
#2041 = VECTOR('',#2042,1.);
#2042 = DIRECTION('',(0.,0.573576436351,0.819152044289));
#2043 = ORIENTED_EDGE('',*,*,#2044,.T.);
#2044 = EDGE_CURVE('',#2037,#2045,#2047,.T.);
#2045 = VERTEX_POINT('',#2046);
#2046 = CARTESIAN_POINT('',(4.895404098125,47.903277318252,
    -9.762411933435));
#2047 = LINE('',#2048,#2049);
#2048 = CARTESIAN_POINT('',(0.,47.903277318252,-9.762411933435));
#2049 = VECTOR('',#2050,1.);
#2050 = DIRECTION('',(1.,0.,0.));
#2051 = ORIENTED_EDGE('',*,*,#2052,.F.);
#2052 = EDGE_CURVE('',#2053,#2045,#2055,.T.);
#2053 = VERTEX_POINT('',#2054);
#2054 = CARTESIAN_POINT('',(4.66320777013,47.036708824844,-11.));
#2055 = LINE('',#2056,#2057);
#2056 = CARTESIAN_POINT('',(2.699319463542,39.707377884268,
    -21.46736937353));
#2057 = VECTOR('',#2058,1.);
#2058 = DIRECTION('',(0.151905774945,0.56692007006,0.809645768038));
#2059 = ORIENTED_EDGE('',*,*,#2060,.F.);
#2060 = EDGE_CURVE('',#2028,#2053,#2061,.T.);
#2061 = LINE('',#2062,#2063);
#2062 = CARTESIAN_POINT('',(2.123613904121,47.036708824844,-11.));
#2063 = VECTOR('',#2064,1.);
#2064 = DIRECTION('',(-1.,0.,0.));
#2065 = PLANE('',#2066);
#2066 = AXIS2_PLACEMENT_3D('',#2067,#2068,#2069);
#2067 = CARTESIAN_POINT('',(0.,32.990289973124,-31.06036508494));
#2068 = DIRECTION('',(0.,0.819152044289,-0.573576436351));
#2069 = DIRECTION('',(0.,0.573576436351,0.819152044289));
#2070 = ADVANCED_FACE('',(#2071),#2105,.T.);
#2071 = FACE_BOUND('',#2072,.T.);
#2072 = EDGE_LOOP('',(#2073,#2074,#2075,#2083,#2091,#2099));
#2073 = ORIENTED_EDGE('',*,*,#2027,.F.);
#2074 = ORIENTED_EDGE('',*,*,#1696,.T.);
#2075 = ORIENTED_EDGE('',*,*,#2076,.T.);
#2076 = EDGE_CURVE('',#1689,#2077,#2079,.T.);
#2077 = VERTEX_POINT('',#2078);
#2078 = CARTESIAN_POINT('',(40.,61.660611523239,-51.13554035723));
#2079 = LINE('',#2080,#2081);
#2080 = CARTESIAN_POINT('',(40.,32.990289973124,-31.06036508494));
#2081 = VECTOR('',#2082,1.);
#2082 = DIRECTION('',(0.,0.819152044289,-0.573576436351));
#2083 = ORIENTED_EDGE('',*,*,#2084,.T.);
#2084 = EDGE_CURVE('',#2077,#2085,#2087,.T.);
#2085 = VERTEX_POINT('',#2086);
#2086 = CARTESIAN_POINT('',(40.,76.573598868366,-29.83758720572));
#2087 = LINE('',#2088,#2089);
#2088 = CARTESIAN_POINT('',(40.,61.660611523239,-51.13554035723));
#2089 = VECTOR('',#2090,1.);
#2090 = DIRECTION('',(0.,0.573576436351,0.819152044289));
#2091 = ORIENTED_EDGE('',*,*,#2092,.F.);
#2092 = EDGE_CURVE('',#2093,#2085,#2095,.T.);
#2093 = VERTEX_POINT('',#2094);
#2094 = CARTESIAN_POINT('',(40.,49.670736248685,-11.));
#2095 = LINE('',#2096,#2097);
#2096 = CARTESIAN_POINT('',(40.,47.903277318252,-9.762411933435));
#2097 = VECTOR('',#2098,1.);
#2098 = DIRECTION('',(0.,0.819152044289,-0.573576436351));
#2099 = ORIENTED_EDGE('',*,*,#2100,.F.);
#2100 = EDGE_CURVE('',#2028,#2093,#2101,.T.);
#2101 = LINE('',#2102,#2103);
#2102 = CARTESIAN_POINT('',(40.,39.237270222636,-11.));
#2103 = VECTOR('',#2104,1.);
#2104 = DIRECTION('',(0.,1.,0.));
#2105 = PLANE('',#2106);
#2106 = AXIS2_PLACEMENT_3D('',#2107,#2108,#2109);
#2107 = CARTESIAN_POINT('',(40.,32.990289973124,-31.06036508494));
#2108 = DIRECTION('',(1.,0.,0.));
#2109 = DIRECTION('',(0.,0.573576436351,0.819152044289));
#2110 = ADVANCED_FACE('',(#2111),#2129,.F.);
#2111 = FACE_BOUND('',#2112,.F.);
#2112 = EDGE_LOOP('',(#2113,#2121,#2122,#2123));
#2113 = ORIENTED_EDGE('',*,*,#2114,.F.);
#2114 = EDGE_CURVE('',#1681,#2115,#2117,.T.);
#2115 = VERTEX_POINT('',#2116);
#2116 = CARTESIAN_POINT('',(0.,61.660611523239,-51.13554035723));
#2117 = LINE('',#2118,#2119);
#2118 = CARTESIAN_POINT('',(0.,32.990289973124,-31.06036508494));
#2119 = VECTOR('',#2120,1.);
#2120 = DIRECTION('',(0.,0.819152044289,-0.573576436351));
#2121 = ORIENTED_EDGE('',*,*,#1688,.T.);
#2122 = ORIENTED_EDGE('',*,*,#2076,.T.);
#2123 = ORIENTED_EDGE('',*,*,#2124,.F.);
#2124 = EDGE_CURVE('',#2115,#2077,#2125,.T.);
#2125 = LINE('',#2126,#2127);
#2126 = CARTESIAN_POINT('',(0.,61.660611523239,-51.13554035723));
#2127 = VECTOR('',#2128,1.);
#2128 = DIRECTION('',(1.,0.,0.));
#2129 = PLANE('',#2130);
#2130 = AXIS2_PLACEMENT_3D('',#2131,#2132,#2133);
#2131 = CARTESIAN_POINT('',(0.,32.990289973124,-31.06036508494));
#2132 = DIRECTION('',(0.,0.573576436351,0.819152044289));
#2133 = DIRECTION('',(1.,0.,0.));
#2134 = ADVANCED_FACE('',(#2135),#2154,.F.);
#2135 = FACE_BOUND('',#2136,.F.);
#2136 = EDGE_LOOP('',(#2137,#2138,#2139,#2140,#2148));
#2137 = ORIENTED_EDGE('',*,*,#2036,.F.);
#2138 = ORIENTED_EDGE('',*,*,#1680,.T.);
#2139 = ORIENTED_EDGE('',*,*,#2114,.T.);
#2140 = ORIENTED_EDGE('',*,*,#2141,.T.);
#2141 = EDGE_CURVE('',#2115,#2142,#2144,.T.);
#2142 = VERTEX_POINT('',#2143);
#2143 = CARTESIAN_POINT('',(0.,76.573598868366,-29.83758720572));
#2144 = LINE('',#2145,#2146);
#2145 = CARTESIAN_POINT('',(0.,61.660611523239,-51.13554035723));
#2146 = VECTOR('',#2147,1.);
#2147 = DIRECTION('',(0.,0.573576436351,0.819152044289));
#2148 = ORIENTED_EDGE('',*,*,#2149,.F.);
#2149 = EDGE_CURVE('',#2037,#2142,#2150,.T.);
#2150 = LINE('',#2151,#2152);
#2151 = CARTESIAN_POINT('',(0.,47.903277318252,-9.762411933435));
#2152 = VECTOR('',#2153,1.);
#2153 = DIRECTION('',(0.,0.819152044289,-0.573576436351));
#2154 = PLANE('',#2155);
#2155 = AXIS2_PLACEMENT_3D('',#2156,#2157,#2158);
#2156 = CARTESIAN_POINT('',(0.,32.990289973124,-31.06036508494));
#2157 = DIRECTION('',(1.,0.,0.));
#2158 = DIRECTION('',(0.,0.573576436351,0.819152044289));
#2159 = ADVANCED_FACE('',(#2160),#2179,.F.);
#2160 = FACE_BOUND('',#2161,.T.);
#2161 = EDGE_LOOP('',(#2162,#2171,#2177,#2178));
#2162 = ORIENTED_EDGE('',*,*,#2163,.F.);
#2163 = EDGE_CURVE('',#2164,#2164,#2166,.T.);
#2164 = VERTEX_POINT('',#2165);
#2165 = CARTESIAN_POINT('',(51.9,45.5,-35.));
#2166 = CIRCLE('',#2167,2.9);
#2167 = AXIS2_PLACEMENT_3D('',#2168,#2169,#2170);
#2168 = CARTESIAN_POINT('',(49.,45.5,-35.));
#2169 = DIRECTION('',(0.,1.,-2.22044604925E-16));
#2170 = DIRECTION('',(1.,0.,0.));
#2171 = ORIENTED_EDGE('',*,*,#2172,.T.);
#2172 = EDGE_CURVE('',#2164,#1705,#2173,.T.);
#2173 = LINE('',#2174,#2175);
#2174 = CARTESIAN_POINT('',(51.9,45.5,-35.));
#2175 = VECTOR('',#2176,1.);
#2176 = DIRECTION('',(0.,1.,-2.22044604925E-16));
#2177 = ORIENTED_EDGE('',*,*,#1704,.F.);
#2178 = ORIENTED_EDGE('',*,*,#2172,.F.);
#2179 = CYLINDRICAL_SURFACE('',#2180,2.9);
#2180 = AXIS2_PLACEMENT_3D('',#2181,#2182,#2183);
#2181 = CARTESIAN_POINT('',(49.,45.5,-35.));
#2182 = DIRECTION('',(-0.,-1.,2.22044604925E-16));
#2183 = DIRECTION('',(1.,0.,0.));
#2184 = ADVANCED_FACE('',(#2185),#2210,.T.);
#2185 = FACE_BOUND('',#2186,.T.);
#2186 = EDGE_LOOP('',(#2187,#2195,#2196,#2204));
#2187 = ORIENTED_EDGE('',*,*,#2188,.F.);
#2188 = EDGE_CURVE('',#1716,#2189,#2191,.T.);
#2189 = VERTEX_POINT('',#2190);
#2190 = CARTESIAN_POINT('',(-24.,59.632118338104,47.23436646629));
#2191 = LINE('',#2192,#2193);
#2192 = CARTESIAN_POINT('',(-24.,34.255500301078,35.401055137551));
#2193 = VECTOR('',#2194,1.);
#2194 = DIRECTION('',(0.,0.906307787037,0.422618261741));
#2195 = ORIENTED_EDGE('',*,*,#1715,.T.);
#2196 = ORIENTED_EDGE('',*,*,#2197,.T.);
#2197 = EDGE_CURVE('',#1718,#2198,#2200,.T.);
#2198 = VERTEX_POINT('',#2199);
#2199 = CARTESIAN_POINT('',(24.,59.632118338104,47.23436646629));
#2200 = LINE('',#2201,#2202);
#2201 = CARTESIAN_POINT('',(24.,34.255500301078,35.401055137551));
#2202 = VECTOR('',#2203,1.);
#2203 = DIRECTION('',(0.,0.906307787037,0.422618261741));
#2204 = ORIENTED_EDGE('',*,*,#2205,.F.);
#2205 = EDGE_CURVE('',#2189,#2198,#2206,.T.);
#2206 = LINE('',#2207,#2208);
#2207 = CARTESIAN_POINT('',(-24.,59.632118338104,47.23436646629));
#2208 = VECTOR('',#2209,1.);
#2209 = DIRECTION('',(1.,0.,0.));
#2210 = PLANE('',#2211);
#2211 = AXIS2_PLACEMENT_3D('',#2212,#2213,#2214);
#2212 = CARTESIAN_POINT('',(-24.,34.255500301078,35.401055137551));
#2213 = DIRECTION('',(0.,-0.422618261741,0.906307787037));
#2214 = DIRECTION('',(1.,0.,0.));
#2215 = ADVANCED_FACE('',(#2216),#2242,.T.);
#2216 = FACE_BOUND('',#2217,.T.);
#2217 = EDGE_LOOP('',(#2218,#2219,#2227,#2235,#2241));
#2218 = ORIENTED_EDGE('',*,*,#1837,.T.);
#2219 = ORIENTED_EDGE('',*,*,#2220,.F.);
#2220 = EDGE_CURVE('',#2221,#1830,#2223,.T.);
#2221 = VERTEX_POINT('',#2222);
#2222 = CARTESIAN_POINT('',(24.,52.026537534868,15.));
#2223 = LINE('',#2224,#2225);
#2224 = CARTESIAN_POINT('',(24.,45.363912789242,15.));
#2225 = VECTOR('',#2226,1.);
#2226 = DIRECTION('',(0.,-1.,0.));
#2227 = ORIENTED_EDGE('',*,*,#2228,.T.);
#2228 = EDGE_CURVE('',#2221,#2229,#2231,.T.);
#2229 = VERTEX_POINT('',#2230);
#2230 = CARTESIAN_POINT('',(24.,70.620193143362,23.670364003338));
#2231 = LINE('',#2232,#2233);
#2232 = CARTESIAN_POINT('',(24.,45.243575106336,11.837052674598));
#2233 = VECTOR('',#2234,1.);
#2234 = DIRECTION('',(0.,0.906307787037,0.422618261741));
#2235 = ORIENTED_EDGE('',*,*,#2236,.T.);
#2236 = EDGE_CURVE('',#2229,#2198,#2237,.T.);
#2237 = LINE('',#2238,#2239);
#2238 = CARTESIAN_POINT('',(24.,70.620193143362,23.670364003338));
#2239 = VECTOR('',#2240,1.);
#2240 = DIRECTION('',(0.,-0.422618261741,0.906307787037));
#2241 = ORIENTED_EDGE('',*,*,#2197,.F.);
#2242 = PLANE('',#2243);
#2243 = AXIS2_PLACEMENT_3D('',#2244,#2245,#2246);
#2244 = CARTESIAN_POINT('',(24.,45.243575106336,11.837052674598));
#2245 = DIRECTION('',(1.,0.,0.));
#2246 = DIRECTION('',(0.,-0.422618261741,0.906307787037));
#2247 = ADVANCED_FACE('',(#2248),#2282,.T.);
#2248 = FACE_BOUND('',#2249,.T.);
#2249 = EDGE_LOOP('',(#2250,#2258,#2266,#2274,#2280,#2281));
#2250 = ORIENTED_EDGE('',*,*,#2251,.T.);
#2251 = EDGE_CURVE('',#1822,#2252,#2254,.T.);
#2252 = VERTEX_POINT('',#2253);
#2253 = CARTESIAN_POINT('',(57.858600732988,60.106859443321,15.));
#2254 = LINE('',#2255,#2256);
#2255 = CARTESIAN_POINT('',(50.611667470117,33.060936307227,15.));
#2256 = VECTOR('',#2257,1.);
#2257 = DIRECTION('',(0.258819045103,0.965925826289,0.));
#2258 = ORIENTED_EDGE('',*,*,#2259,.F.);
#2259 = EDGE_CURVE('',#2260,#2252,#2262,.T.);
#2260 = VERTEX_POINT('',#2261);
#2261 = CARTESIAN_POINT('',(11.494161071113,72.530173608242,15.));
#2262 = LINE('',#2263,#2264);
#2263 = CARTESIAN_POINT('',(11.494161071113,72.530173608242,15.));
#2264 = VECTOR('',#2265,1.);
#2265 = DIRECTION('',(0.965925826289,-0.258819045103,0.));
#2266 = ORIENTED_EDGE('',*,*,#2267,.F.);
#2267 = EDGE_CURVE('',#2268,#2260,#2270,.T.);
#2268 = VERTEX_POINT('',#2269);
#2269 = CARTESIAN_POINT('',(6.000228343351,52.026537534868,15.));
#2270 = LINE('',#2271,#2272);
#2271 = CARTESIAN_POINT('',(4.247227808242,45.484250472148,15.));
#2272 = VECTOR('',#2273,1.);
#2273 = DIRECTION('',(0.258819045103,0.965925826289,0.));
#2274 = ORIENTED_EDGE('',*,*,#2275,.F.);
#2275 = EDGE_CURVE('',#2221,#2268,#2276,.T.);
#2276 = LINE('',#2277,#2278);
#2277 = CARTESIAN_POINT('',(-9.876386095879,52.026537534868,15.));
#2278 = VECTOR('',#2279,1.);
#2279 = DIRECTION('',(-1.,0.,0.));
#2280 = ORIENTED_EDGE('',*,*,#2220,.T.);
#2281 = ORIENTED_EDGE('',*,*,#1829,.T.);
#2282 = PLANE('',#2283);
#2283 = AXIS2_PLACEMENT_3D('',#2284,#2285,#2286);
#2284 = CARTESIAN_POINT('',(4.247227808242,45.484250472148,15.));
#2285 = DIRECTION('',(0.,0.,1.));
#2286 = DIRECTION('',(0.965925826289,-0.258819045103,0.));
#2287 = ADVANCED_FACE('',(#2288),#2306,.T.);
#2288 = FACE_BOUND('',#2289,.T.);
#2289 = EDGE_LOOP('',(#2290,#2291,#2292,#2300));
#2290 = ORIENTED_EDGE('',*,*,#2251,.F.);
#2291 = ORIENTED_EDGE('',*,*,#1821,.T.);
#2292 = ORIENTED_EDGE('',*,*,#2293,.T.);
#2293 = EDGE_CURVE('',#1814,#2294,#2296,.T.);
#2294 = VERTEX_POINT('',#2295);
#2295 = CARTESIAN_POINT('',(57.858600732988,60.106859443321,-11.));
#2296 = LINE('',#2297,#2298);
#2297 = CARTESIAN_POINT('',(50.611667470117,33.060936307227,-11.));
#2298 = VECTOR('',#2299,1.);
#2299 = DIRECTION('',(0.258819045103,0.965925826289,0.));
#2300 = ORIENTED_EDGE('',*,*,#2301,.T.);
#2301 = EDGE_CURVE('',#2294,#2252,#2302,.T.);
#2302 = LINE('',#2303,#2304);
#2303 = CARTESIAN_POINT('',(57.858600732988,60.106859443321,-11.));
#2304 = VECTOR('',#2305,1.);
#2305 = DIRECTION('',(0.,0.,1.));
#2306 = PLANE('',#2307);
#2307 = AXIS2_PLACEMENT_3D('',#2308,#2309,#2310);
#2308 = CARTESIAN_POINT('',(50.611667470117,33.060936307227,-11.));
#2309 = DIRECTION('',(0.965925826289,-0.258819045103,0.));
#2310 = DIRECTION('',(0.,0.,1.));
#2311 = ADVANCED_FACE('',(#2312),#2346,.F.);
#2312 = FACE_BOUND('',#2313,.F.);
#2313 = EDGE_LOOP('',(#2314,#2315,#2323,#2331,#2337,#2338,#2339,#2345));
#2314 = ORIENTED_EDGE('',*,*,#2293,.T.);
#2315 = ORIENTED_EDGE('',*,*,#2316,.F.);
#2316 = EDGE_CURVE('',#2317,#2294,#2319,.T.);
#2317 = VERTEX_POINT('',#2318);
#2318 = CARTESIAN_POINT('',(11.494161071113,72.530173608242,-11.));
#2319 = LINE('',#2320,#2321);
#2320 = CARTESIAN_POINT('',(11.494161071113,72.530173608242,-11.));
#2321 = VECTOR('',#2322,1.);
#2322 = DIRECTION('',(0.965925826289,-0.258819045103,0.));
#2323 = ORIENTED_EDGE('',*,*,#2324,.F.);
#2324 = EDGE_CURVE('',#2325,#2317,#2327,.T.);
#2325 = VERTEX_POINT('',#2326);
#2326 = CARTESIAN_POINT('',(5.36899329119,49.670736248685,-11.));
#2327 = LINE('',#2328,#2329);
#2328 = CARTESIAN_POINT('',(4.247227808242,45.484250472148,-11.));
#2329 = VECTOR('',#2330,1.);
#2330 = DIRECTION('',(0.258819045103,0.965925826289,0.));
#2331 = ORIENTED_EDGE('',*,*,#2332,.F.);
#2332 = EDGE_CURVE('',#2093,#2325,#2333,.T.);
#2333 = LINE('',#2334,#2335);
#2334 = CARTESIAN_POINT('',(2.123613904121,49.670736248685,-11.));
#2335 = VECTOR('',#2336,1.);
#2336 = DIRECTION('',(-1.,0.,0.));
#2337 = ORIENTED_EDGE('',*,*,#2100,.F.);
#2338 = ORIENTED_EDGE('',*,*,#2060,.T.);
#2339 = ORIENTED_EDGE('',*,*,#2340,.F.);
#2340 = EDGE_CURVE('',#1806,#2053,#2341,.T.);
#2341 = LINE('',#2342,#2343);
#2342 = CARTESIAN_POINT('',(4.247227808242,45.484250472148,-11.));
#2343 = VECTOR('',#2344,1.);
#2344 = DIRECTION('',(0.258819045103,0.965925826289,0.));
#2345 = ORIENTED_EDGE('',*,*,#1813,.T.);
#2346 = PLANE('',#2347);
#2347 = AXIS2_PLACEMENT_3D('',#2348,#2349,#2350);
#2348 = CARTESIAN_POINT('',(4.247227808242,45.484250472148,-11.));
#2349 = DIRECTION('',(0.,0.,1.));
#2350 = DIRECTION('',(0.965925826289,-0.258819045103,0.));
#2351 = ADVANCED_FACE('',(#2352),#2377,.F.);
#2352 = FACE_BOUND('',#2353,.F.);
#2353 = EDGE_LOOP('',(#2354,#2355,#2356,#2357,#2363,#2364,#2370,#2371));
#2354 = ORIENTED_EDGE('',*,*,#1805,.T.);
#2355 = ORIENTED_EDGE('',*,*,#2340,.T.);
#2356 = ORIENTED_EDGE('',*,*,#2052,.T.);
#2357 = ORIENTED_EDGE('',*,*,#2358,.F.);
#2358 = EDGE_CURVE('',#2325,#2045,#2359,.T.);
#2359 = LINE('',#2360,#2361);
#2360 = CARTESIAN_POINT('',(4.634858131228,46.930906532085,
    -9.081550579026));
#2361 = VECTOR('',#2362,1.);
#2362 = DIRECTION('',(-0.214387664159,-0.800105655157,0.560240011105));
#2363 = ORIENTED_EDGE('',*,*,#2324,.T.);
#2364 = ORIENTED_EDGE('',*,*,#2365,.T.);
#2365 = EDGE_CURVE('',#2317,#2260,#2366,.T.);
#2366 = LINE('',#2367,#2368);
#2367 = CARTESIAN_POINT('',(11.494161071113,72.530173608242,-11.));
#2368 = VECTOR('',#2369,1.);
#2369 = DIRECTION('',(0.,0.,1.));
#2370 = ORIENTED_EDGE('',*,*,#2267,.F.);
#2371 = ORIENTED_EDGE('',*,*,#2372,.F.);
#2372 = EDGE_CURVE('',#1798,#2268,#2373,.T.);
#2373 = LINE('',#2374,#2375);
#2374 = CARTESIAN_POINT('',(2.318180071781,38.28494630945,8.592190776352
    ));
#2375 = VECTOR('',#2376,1.);
#2376 = DIRECTION('',(0.235985671161,0.88071051463,0.41068205759));
#2377 = PLANE('',#2378);
#2378 = AXIS2_PLACEMENT_3D('',#2379,#2380,#2381);
#2379 = CARTESIAN_POINT('',(4.247227808242,45.484250472148,-11.));
#2380 = DIRECTION('',(0.965925826289,-0.258819045103,0.));
#2381 = DIRECTION('',(0.,0.,1.));
#2382 = ADVANCED_FACE('',(#2383),#2419,.F.);
#2383 = FACE_BOUND('',#2384,.F.);
#2384 = EDGE_LOOP('',(#2385,#2395,#2403,#2409,#2410,#2411,#2412,#2413));
#2385 = ORIENTED_EDGE('',*,*,#2386,.F.);
#2386 = EDGE_CURVE('',#2387,#2389,#2391,.T.);
#2387 = VERTEX_POINT('',#2388);
#2388 = CARTESIAN_POINT('',(-24.,52.026537534868,15.));
#2389 = VERTEX_POINT('',#2390);
#2390 = CARTESIAN_POINT('',(-24.,70.620193143362,23.670364003338));
#2391 = LINE('',#2392,#2393);
#2392 = CARTESIAN_POINT('',(-24.,45.243575106336,11.837052674598));
#2393 = VECTOR('',#2394,1.);
#2394 = DIRECTION('',(0.,0.906307787037,0.422618261741));
#2395 = ORIENTED_EDGE('',*,*,#2396,.F.);
#2396 = EDGE_CURVE('',#2397,#2387,#2399,.T.);
#2397 = VERTEX_POINT('',#2398);
#2398 = CARTESIAN_POINT('',(-6.000228343351,52.026537534868,15.));
#2399 = LINE('',#2400,#2401);
#2400 = CARTESIAN_POINT('',(-37.30583373505,52.026537534868,15.));
#2401 = VECTOR('',#2402,1.);
#2402 = DIRECTION('',(-1.,0.,0.));
#2403 = ORIENTED_EDGE('',*,*,#2404,.F.);
#2404 = EDGE_CURVE('',#1790,#2397,#2405,.T.);
#2405 = LINE('',#2406,#2407);
#2406 = CARTESIAN_POINT('',(-3.654721759619,43.272987794893,
    10.918152720209));
#2407 = VECTOR('',#2408,1.);
#2408 = DIRECTION('',(-0.235985671161,0.88071051463,0.41068205759));
#2409 = ORIENTED_EDGE('',*,*,#1797,.T.);
#2410 = ORIENTED_EDGE('',*,*,#2372,.T.);
#2411 = ORIENTED_EDGE('',*,*,#2275,.F.);
#2412 = ORIENTED_EDGE('',*,*,#2228,.T.);
#2413 = ORIENTED_EDGE('',*,*,#2414,.F.);
#2414 = EDGE_CURVE('',#2389,#2229,#2415,.T.);
#2415 = LINE('',#2416,#2417);
#2416 = CARTESIAN_POINT('',(-24.,70.620193143362,23.670364003338));
#2417 = VECTOR('',#2418,1.);
#2418 = DIRECTION('',(1.,0.,0.));
#2419 = PLANE('',#2420);
#2420 = AXIS2_PLACEMENT_3D('',#2421,#2422,#2423);
#2421 = CARTESIAN_POINT('',(-24.,45.243575106336,11.837052674598));
#2422 = DIRECTION('',(0.,-0.422618261741,0.906307787037));
#2423 = DIRECTION('',(1.,0.,0.));
#2424 = ADVANCED_FACE('',(#2425),#2467,.T.);
#2425 = FACE_BOUND('',#2426,.T.);
#2426 = EDGE_LOOP('',(#2427,#2428,#2436,#2444,#2452,#2460,#2466));
#2427 = ORIENTED_EDGE('',*,*,#1789,.T.);
#2428 = ORIENTED_EDGE('',*,*,#2429,.T.);
#2429 = EDGE_CURVE('',#1782,#2430,#2432,.T.);
#2430 = VERTEX_POINT('',#2431);
#2431 = CARTESIAN_POINT('',(-7.,55.757736153451,-11.));
#2432 = LINE('',#2433,#2434);
#2433 = CARTESIAN_POINT('',(-4.247227808242,45.484250472148,-11.));
#2434 = VECTOR('',#2435,1.);
#2435 = DIRECTION('',(-0.258819045103,0.965925826289,0.));
#2436 = ORIENTED_EDGE('',*,*,#2437,.T.);
#2437 = EDGE_CURVE('',#2430,#2438,#2440,.T.);
#2438 = VERTEX_POINT('',#2439);
#2439 = CARTESIAN_POINT('',(-8.404660364194,61.,-11.));
#2440 = LINE('',#2441,#2442);
#2441 = CARTESIAN_POINT('',(-4.247227808242,45.484250472148,-11.));
#2442 = VECTOR('',#2443,1.);
#2443 = DIRECTION('',(-0.258819045103,0.965925826289,0.));
#2444 = ORIENTED_EDGE('',*,*,#2445,.T.);
#2445 = EDGE_CURVE('',#2438,#2446,#2448,.T.);
#2446 = VERTEX_POINT('',#2447);
#2447 = CARTESIAN_POINT('',(-11.49416107111,72.530173608242,-11.));
#2448 = LINE('',#2449,#2450);
#2449 = CARTESIAN_POINT('',(-4.247227808242,45.484250472148,-11.));
#2450 = VECTOR('',#2451,1.);
#2451 = DIRECTION('',(-0.258819045103,0.965925826289,0.));
#2452 = ORIENTED_EDGE('',*,*,#2453,.T.);
#2453 = EDGE_CURVE('',#2446,#2454,#2456,.T.);
#2454 = VERTEX_POINT('',#2455);
#2455 = CARTESIAN_POINT('',(-11.49416107111,72.530173608242,15.));
#2456 = LINE('',#2457,#2458);
#2457 = CARTESIAN_POINT('',(-11.49416107111,72.530173608242,-11.));
#2458 = VECTOR('',#2459,1.);
#2459 = DIRECTION('',(0.,0.,1.));
#2460 = ORIENTED_EDGE('',*,*,#2461,.F.);
#2461 = EDGE_CURVE('',#2397,#2454,#2462,.T.);
#2462 = LINE('',#2463,#2464);
#2463 = CARTESIAN_POINT('',(-4.247227808242,45.484250472148,15.));
#2464 = VECTOR('',#2465,1.);
#2465 = DIRECTION('',(-0.258819045103,0.965925826289,0.));
#2466 = ORIENTED_EDGE('',*,*,#2404,.F.);
#2467 = PLANE('',#2468);
#2468 = AXIS2_PLACEMENT_3D('',#2469,#2470,#2471);
#2469 = CARTESIAN_POINT('',(-4.247227808242,45.484250472148,-11.));
#2470 = DIRECTION('',(0.965925826289,0.258819045103,0.));
#2471 = DIRECTION('',(0.,0.,1.));
#2472 = ADVANCED_FACE('',(#2473),#2483,.F.);
#2473 = FACE_BOUND('',#2474,.F.);
#2474 = EDGE_LOOP('',(#2475,#2481,#2482));
#2475 = ORIENTED_EDGE('',*,*,#2476,.F.);
#2476 = EDGE_CURVE('',#1774,#2430,#2477,.T.);
#2477 = LINE('',#2478,#2479);
#2478 = CARTESIAN_POINT('',(-7.,39.,-11.));
#2479 = VECTOR('',#2480,1.);
#2480 = DIRECTION('',(0.,1.,0.));
#2481 = ORIENTED_EDGE('',*,*,#1781,.T.);
#2482 = ORIENTED_EDGE('',*,*,#2429,.T.);
#2483 = PLANE('',#2484);
#2484 = AXIS2_PLACEMENT_3D('',#2485,#2486,#2487);
#2485 = CARTESIAN_POINT('',(-50.61166747011,33.060936307227,-11.));
#2486 = DIRECTION('',(0.,0.,1.));
#2487 = DIRECTION('',(0.965925826289,0.258819045103,0.));
#2488 = ADVANCED_FACE('',(#2489),#2515,.T.);
#2489 = FACE_BOUND('',#2490,.T.);
#2490 = EDGE_LOOP('',(#2491,#2492,#2493,#2501,#2509));
#2491 = ORIENTED_EDGE('',*,*,#2476,.F.);
#2492 = ORIENTED_EDGE('',*,*,#1773,.T.);
#2493 = ORIENTED_EDGE('',*,*,#2494,.T.);
#2494 = EDGE_CURVE('',#1766,#2495,#2497,.T.);
#2495 = VERTEX_POINT('',#2496);
#2496 = CARTESIAN_POINT('',(-7.,61.,-41.));
#2497 = LINE('',#2498,#2499);
#2498 = CARTESIAN_POINT('',(-7.,39.,-41.));
#2499 = VECTOR('',#2500,1.);
#2500 = DIRECTION('',(0.,1.,0.));
#2501 = ORIENTED_EDGE('',*,*,#2502,.T.);
#2502 = EDGE_CURVE('',#2495,#2503,#2505,.T.);
#2503 = VERTEX_POINT('',#2504);
#2504 = CARTESIAN_POINT('',(-7.,61.,-11.));
#2505 = LINE('',#2506,#2507);
#2506 = CARTESIAN_POINT('',(-7.,61.,-41.));
#2507 = VECTOR('',#2508,1.);
#2508 = DIRECTION('',(0.,0.,1.));
#2509 = ORIENTED_EDGE('',*,*,#2510,.F.);
#2510 = EDGE_CURVE('',#2430,#2503,#2511,.T.);
#2511 = LINE('',#2512,#2513);
#2512 = CARTESIAN_POINT('',(-7.,39.,-11.));
#2513 = VECTOR('',#2514,1.);
#2514 = DIRECTION('',(0.,1.,0.));
#2515 = PLANE('',#2516);
#2516 = AXIS2_PLACEMENT_3D('',#2517,#2518,#2519);
#2517 = CARTESIAN_POINT('',(-7.,39.,-41.));
#2518 = DIRECTION('',(1.,0.,0.));
#2519 = DIRECTION('',(0.,0.,1.));
#2520 = ADVANCED_FACE('',(#2521),#2539,.F.);
#2521 = FACE_BOUND('',#2522,.F.);
#2522 = EDGE_LOOP('',(#2523,#2531,#2532,#2533));
#2523 = ORIENTED_EDGE('',*,*,#2524,.F.);
#2524 = EDGE_CURVE('',#1758,#2525,#2527,.T.);
#2525 = VERTEX_POINT('',#2526);
#2526 = CARTESIAN_POINT('',(-37.,61.,-41.));
#2527 = LINE('',#2528,#2529);
#2528 = CARTESIAN_POINT('',(-37.,39.,-41.));
#2529 = VECTOR('',#2530,1.);
#2530 = DIRECTION('',(0.,1.,0.));
#2531 = ORIENTED_EDGE('',*,*,#1765,.T.);
#2532 = ORIENTED_EDGE('',*,*,#2494,.T.);
#2533 = ORIENTED_EDGE('',*,*,#2534,.F.);
#2534 = EDGE_CURVE('',#2525,#2495,#2535,.T.);
#2535 = LINE('',#2536,#2537);
#2536 = CARTESIAN_POINT('',(-37.,61.,-41.));
#2537 = VECTOR('',#2538,1.);
#2538 = DIRECTION('',(1.,0.,0.));
#2539 = PLANE('',#2540);
#2540 = AXIS2_PLACEMENT_3D('',#2541,#2542,#2543);
#2541 = CARTESIAN_POINT('',(-37.,39.,-41.));
#2542 = DIRECTION('',(0.,0.,1.));
#2543 = DIRECTION('',(1.,0.,0.));
#2544 = ADVANCED_FACE('',(#2545),#2563,.F.);
#2545 = FACE_BOUND('',#2546,.F.);
#2546 = EDGE_LOOP('',(#2547,#2555,#2556,#2557));
#2547 = ORIENTED_EDGE('',*,*,#2548,.F.);
#2548 = EDGE_CURVE('',#1750,#2549,#2551,.T.);
#2549 = VERTEX_POINT('',#2550);
#2550 = CARTESIAN_POINT('',(-37.,61.,-11.));
#2551 = LINE('',#2552,#2553);
#2552 = CARTESIAN_POINT('',(-37.,39.,-11.));
#2553 = VECTOR('',#2554,1.);
#2554 = DIRECTION('',(0.,1.,0.));
#2555 = ORIENTED_EDGE('',*,*,#1757,.T.);
#2556 = ORIENTED_EDGE('',*,*,#2524,.T.);
#2557 = ORIENTED_EDGE('',*,*,#2558,.T.);
#2558 = EDGE_CURVE('',#2525,#2549,#2559,.T.);
#2559 = LINE('',#2560,#2561);
#2560 = CARTESIAN_POINT('',(-37.,61.,-41.));
#2561 = VECTOR('',#2562,1.);
#2562 = DIRECTION('',(0.,0.,1.));
#2563 = PLANE('',#2564);
#2564 = AXIS2_PLACEMENT_3D('',#2565,#2566,#2567);
#2565 = CARTESIAN_POINT('',(-37.,39.,-41.));
#2566 = DIRECTION('',(1.,0.,0.));
#2567 = DIRECTION('',(0.,0.,1.));
#2568 = ADVANCED_FACE('',(#2569),#2594,.F.);
#2569 = FACE_BOUND('',#2570,.F.);
#2570 = EDGE_LOOP('',(#2571,#2579,#2580,#2581,#2587,#2588));
#2571 = ORIENTED_EDGE('',*,*,#2572,.F.);
#2572 = EDGE_CURVE('',#1742,#2573,#2575,.T.);
#2573 = VERTEX_POINT('',#2574);
#2574 = CARTESIAN_POINT('',(-57.85860073298,60.106859443321,-11.));
#2575 = LINE('',#2576,#2577);
#2576 = CARTESIAN_POINT('',(-50.61166747011,33.060936307227,-11.));
#2577 = VECTOR('',#2578,1.);
#2578 = DIRECTION('',(-0.258819045103,0.965925826289,0.));
#2579 = ORIENTED_EDGE('',*,*,#1749,.T.);
#2580 = ORIENTED_EDGE('',*,*,#2548,.T.);
#2581 = ORIENTED_EDGE('',*,*,#2582,.T.);
#2582 = EDGE_CURVE('',#2549,#2438,#2583,.T.);
#2583 = LINE('',#2584,#2585);
#2584 = CARTESIAN_POINT('',(-37.,61.,-11.));
#2585 = VECTOR('',#2586,1.);
#2586 = DIRECTION('',(1.,0.,0.));
#2587 = ORIENTED_EDGE('',*,*,#2445,.T.);
#2588 = ORIENTED_EDGE('',*,*,#2589,.F.);
#2589 = EDGE_CURVE('',#2573,#2446,#2590,.T.);
#2590 = LINE('',#2591,#2592);
#2591 = CARTESIAN_POINT('',(-57.85860073298,60.106859443321,-11.));
#2592 = VECTOR('',#2593,1.);
#2593 = DIRECTION('',(0.965925826289,0.258819045103,0.));
#2594 = PLANE('',#2595);
#2595 = AXIS2_PLACEMENT_3D('',#2596,#2597,#2598);
#2596 = CARTESIAN_POINT('',(-50.61166747011,33.060936307227,-11.));
#2597 = DIRECTION('',(0.,0.,1.));
#2598 = DIRECTION('',(0.965925826289,0.258819045103,0.));
#2599 = ADVANCED_FACE('',(#2600),#2618,.F.);
#2600 = FACE_BOUND('',#2601,.F.);
#2601 = EDGE_LOOP('',(#2602,#2610,#2611,#2612));
#2602 = ORIENTED_EDGE('',*,*,#2603,.F.);
#2603 = EDGE_CURVE('',#1734,#2604,#2606,.T.);
#2604 = VERTEX_POINT('',#2605);
#2605 = CARTESIAN_POINT('',(-57.85860073298,60.106859443321,15.));
#2606 = LINE('',#2607,#2608);
#2607 = CARTESIAN_POINT('',(-50.61166747011,33.060936307227,15.));
#2608 = VECTOR('',#2609,1.);
#2609 = DIRECTION('',(-0.258819045103,0.965925826289,0.));
#2610 = ORIENTED_EDGE('',*,*,#1741,.T.);
#2611 = ORIENTED_EDGE('',*,*,#2572,.T.);
#2612 = ORIENTED_EDGE('',*,*,#2613,.T.);
#2613 = EDGE_CURVE('',#2573,#2604,#2614,.T.);
#2614 = LINE('',#2615,#2616);
#2615 = CARTESIAN_POINT('',(-57.85860073298,60.106859443321,-11.));
#2616 = VECTOR('',#2617,1.);
#2617 = DIRECTION('',(0.,0.,1.));
#2618 = PLANE('',#2619);
#2619 = AXIS2_PLACEMENT_3D('',#2620,#2621,#2622);
#2620 = CARTESIAN_POINT('',(-50.61166747011,33.060936307227,-11.));
#2621 = DIRECTION('',(0.965925826289,0.258819045103,0.));
#2622 = DIRECTION('',(0.,0.,1.));
#2623 = ADVANCED_FACE('',(#2624),#2642,.T.);
#2624 = FACE_BOUND('',#2625,.T.);
#2625 = EDGE_LOOP('',(#2626,#2627,#2628,#2634,#2635,#2636));
#2626 = ORIENTED_EDGE('',*,*,#2603,.F.);
#2627 = ORIENTED_EDGE('',*,*,#1733,.T.);
#2628 = ORIENTED_EDGE('',*,*,#2629,.F.);
#2629 = EDGE_CURVE('',#2387,#1726,#2630,.T.);
#2630 = LINE('',#2631,#2632);
#2631 = CARTESIAN_POINT('',(-24.,39.152255706781,15.));
#2632 = VECTOR('',#2633,1.);
#2633 = DIRECTION('',(0.,-1.,0.));
#2634 = ORIENTED_EDGE('',*,*,#2396,.F.);
#2635 = ORIENTED_EDGE('',*,*,#2461,.T.);
#2636 = ORIENTED_EDGE('',*,*,#2637,.F.);
#2637 = EDGE_CURVE('',#2604,#2454,#2638,.T.);
#2638 = LINE('',#2639,#2640);
#2639 = CARTESIAN_POINT('',(-57.85860073298,60.106859443321,15.));
#2640 = VECTOR('',#2641,1.);
#2641 = DIRECTION('',(0.965925826289,0.258819045103,0.));
#2642 = PLANE('',#2643);
#2643 = AXIS2_PLACEMENT_3D('',#2644,#2645,#2646);
#2644 = CARTESIAN_POINT('',(-50.61166747011,33.060936307227,15.));
#2645 = DIRECTION('',(0.,0.,1.));
#2646 = DIRECTION('',(0.965925826289,0.258819045103,0.));
#2647 = ADVANCED_FACE('',(#2648),#2660,.F.);
#2648 = FACE_BOUND('',#2649,.F.);
#2649 = EDGE_LOOP('',(#2650,#2651,#2652,#2653,#2659));
#2650 = ORIENTED_EDGE('',*,*,#1725,.T.);
#2651 = ORIENTED_EDGE('',*,*,#2629,.F.);
#2652 = ORIENTED_EDGE('',*,*,#2386,.T.);
#2653 = ORIENTED_EDGE('',*,*,#2654,.T.);
#2654 = EDGE_CURVE('',#2389,#2189,#2655,.T.);
#2655 = LINE('',#2656,#2657);
#2656 = CARTESIAN_POINT('',(-24.,70.620193143362,23.670364003338));
#2657 = VECTOR('',#2658,1.);
#2658 = DIRECTION('',(0.,-0.422618261741,0.906307787037));
#2659 = ORIENTED_EDGE('',*,*,#2188,.F.);
#2660 = PLANE('',#2661);
#2661 = AXIS2_PLACEMENT_3D('',#2662,#2663,#2664);
#2662 = CARTESIAN_POINT('',(-24.,45.243575106336,11.837052674598));
#2663 = DIRECTION('',(1.,0.,0.));
#2664 = DIRECTION('',(0.,-0.422618261741,0.906307787037));
#2665 = ADVANCED_FACE('',(#2666),#2685,.F.);
#2666 = FACE_BOUND('',#2667,.T.);
#2667 = EDGE_LOOP('',(#2668,#2677,#2683,#2684));
#2668 = ORIENTED_EDGE('',*,*,#2669,.F.);
#2669 = EDGE_CURVE('',#2670,#2670,#2672,.T.);
#2670 = VERTEX_POINT('',#2671);
#2671 = CARTESIAN_POINT('',(51.9,45.5,35.));
#2672 = CIRCLE('',#2673,2.9);
#2673 = AXIS2_PLACEMENT_3D('',#2674,#2675,#2676);
#2674 = CARTESIAN_POINT('',(49.,45.5,35.));
#2675 = DIRECTION('',(0.,1.,-1.554312234475E-15));
#2676 = DIRECTION('',(1.,0.,0.));
#2677 = ORIENTED_EDGE('',*,*,#2678,.T.);
#2678 = EDGE_CURVE('',#2670,#1846,#2679,.T.);
#2679 = LINE('',#2680,#2681);
#2680 = CARTESIAN_POINT('',(51.9,45.5,35.));
#2681 = VECTOR('',#2682,1.);
#2682 = DIRECTION('',(0.,1.,-1.554312234475E-15));
#2683 = ORIENTED_EDGE('',*,*,#1845,.F.);
#2684 = ORIENTED_EDGE('',*,*,#2678,.F.);
#2685 = CYLINDRICAL_SURFACE('',#2686,2.9);
#2686 = AXIS2_PLACEMENT_3D('',#2687,#2688,#2689);
#2687 = CARTESIAN_POINT('',(49.,45.5,35.));
#2688 = DIRECTION('',(-0.,-1.,1.554312234475E-15));
#2689 = DIRECTION('',(1.,0.,0.));
#2690 = ADVANCED_FACE('',(#2691,#2694),#2705,.T.);
#2691 = FACE_BOUND('',#2692,.T.);
#2692 = EDGE_LOOP('',(#2693));
#2693 = ORIENTED_EDGE('',*,*,#1977,.T.);
#2694 = FACE_BOUND('',#2695,.T.);
#2695 = EDGE_LOOP('',(#2696));
#2696 = ORIENTED_EDGE('',*,*,#2697,.T.);
#2697 = EDGE_CURVE('',#2698,#2698,#2700,.T.);
#2698 = VERTEX_POINT('',#2699);
#2699 = CARTESIAN_POINT('',(-47.4,45.5,-35.));
#2700 = CIRCLE('',#2701,1.6);
#2701 = AXIS2_PLACEMENT_3D('',#2702,#2703,#2704);
#2702 = CARTESIAN_POINT('',(-49.,45.5,-35.));
#2703 = DIRECTION('',(0.,-1.,1.221245327088E-15));
#2704 = DIRECTION('',(1.,0.,0.));
#2705 = PLANE('',#2706);
#2706 = AXIS2_PLACEMENT_3D('',#2707,#2708,#2709);
#2707 = CARTESIAN_POINT('',(-49.,45.5,-35.));
#2708 = DIRECTION('',(0.,1.,-8.881784197001E-16));
#2709 = DIRECTION('',(1.,0.,0.));
#2710 = ADVANCED_FACE('',(#2711),#2730,.F.);
#2711 = FACE_BOUND('',#2712,.T.);
#2712 = EDGE_LOOP('',(#2713,#2721,#2728,#2729));
#2713 = ORIENTED_EDGE('',*,*,#2714,.F.);
#2714 = EDGE_CURVE('',#2715,#2698,#2717,.T.);
#2715 = VERTEX_POINT('',#2716);
#2716 = CARTESIAN_POINT('',(-47.4,44.,-35.));
#2717 = LINE('',#2718,#2719);
#2718 = CARTESIAN_POINT('',(-47.4,43.,-35.));
#2719 = VECTOR('',#2720,1.);
#2720 = DIRECTION('',(0.,1.,-1.221245327088E-15));
#2721 = ORIENTED_EDGE('',*,*,#2722,.T.);
#2722 = EDGE_CURVE('',#2715,#2715,#2723,.T.);
#2723 = CIRCLE('',#2724,1.6);
#2724 = AXIS2_PLACEMENT_3D('',#2725,#2726,#2727);
#2725 = CARTESIAN_POINT('',(-49.,44.,-35.));
#2726 = DIRECTION('',(0.,-1.,1.221245327088E-15));
#2727 = DIRECTION('',(1.,0.,0.));
#2728 = ORIENTED_EDGE('',*,*,#2714,.T.);
#2729 = ORIENTED_EDGE('',*,*,#2697,.F.);
#2730 = CYLINDRICAL_SURFACE('',#2731,1.6);
#2731 = AXIS2_PLACEMENT_3D('',#2732,#2733,#2734);
#2732 = CARTESIAN_POINT('',(-49.,43.,-35.));
#2733 = DIRECTION('',(-0.,-1.,1.221245327088E-15));
#2734 = DIRECTION('',(1.,0.,0.));
#2735 = ADVANCED_FACE('',(#2736,#2739),#2750,.T.);
#2736 = FACE_BOUND('',#2737,.T.);
#2737 = EDGE_LOOP('',(#2738));
#2738 = ORIENTED_EDGE('',*,*,#2002,.T.);
#2739 = FACE_BOUND('',#2740,.T.);
#2740 = EDGE_LOOP('',(#2741));
#2741 = ORIENTED_EDGE('',*,*,#2742,.T.);
#2742 = EDGE_CURVE('',#2743,#2743,#2745,.T.);
#2743 = VERTEX_POINT('',#2744);
#2744 = CARTESIAN_POINT('',(-47.4,45.5,35.));
#2745 = CIRCLE('',#2746,1.6);
#2746 = AXIS2_PLACEMENT_3D('',#2747,#2748,#2749);
#2747 = CARTESIAN_POINT('',(-49.,45.5,35.));
#2748 = DIRECTION('',(0.,-1.,2.553512956638E-15));
#2749 = DIRECTION('',(1.,0.,0.));
#2750 = PLANE('',#2751);
#2751 = AXIS2_PLACEMENT_3D('',#2752,#2753,#2754);
#2752 = CARTESIAN_POINT('',(-49.,45.5,35.));
#2753 = DIRECTION('',(0.,1.,-2.22044604925E-15));
#2754 = DIRECTION('',(1.,0.,0.));
#2755 = ADVANCED_FACE('',(#2756),#2775,.F.);
#2756 = FACE_BOUND('',#2757,.T.);
#2757 = EDGE_LOOP('',(#2758,#2766,#2773,#2774));
#2758 = ORIENTED_EDGE('',*,*,#2759,.F.);
#2759 = EDGE_CURVE('',#2760,#2743,#2762,.T.);
#2760 = VERTEX_POINT('',#2761);
#2761 = CARTESIAN_POINT('',(-47.4,44.,35.));
#2762 = LINE('',#2763,#2764);
#2763 = CARTESIAN_POINT('',(-47.4,43.,35.));
#2764 = VECTOR('',#2765,1.);
#2765 = DIRECTION('',(0.,1.,-2.553512956638E-15));
#2766 = ORIENTED_EDGE('',*,*,#2767,.T.);
#2767 = EDGE_CURVE('',#2760,#2760,#2768,.T.);
#2768 = CIRCLE('',#2769,1.6);
#2769 = AXIS2_PLACEMENT_3D('',#2770,#2771,#2772);
#2770 = CARTESIAN_POINT('',(-49.,44.,35.));
#2771 = DIRECTION('',(0.,-1.,2.553512956638E-15));
#2772 = DIRECTION('',(1.,0.,0.));
#2773 = ORIENTED_EDGE('',*,*,#2759,.T.);
#2774 = ORIENTED_EDGE('',*,*,#2742,.F.);
#2775 = CYLINDRICAL_SURFACE('',#2776,1.6);
#2776 = AXIS2_PLACEMENT_3D('',#2777,#2778,#2779);
#2777 = CARTESIAN_POINT('',(-49.,43.,35.));
#2778 = DIRECTION('',(-0.,-1.,2.553512956638E-15));
#2779 = DIRECTION('',(1.,0.,0.));
#2780 = ADVANCED_FACE('',(#2781,#2784),#2795,.T.);
#2781 = FACE_BOUND('',#2782,.T.);
#2782 = EDGE_LOOP('',(#2783));
#2783 = ORIENTED_EDGE('',*,*,#2163,.T.);
#2784 = FACE_BOUND('',#2785,.T.);
#2785 = EDGE_LOOP('',(#2786));
#2786 = ORIENTED_EDGE('',*,*,#2787,.T.);
#2787 = EDGE_CURVE('',#2788,#2788,#2790,.T.);
#2788 = VERTEX_POINT('',#2789);
#2789 = CARTESIAN_POINT('',(50.6,45.5,-35.));
#2790 = CIRCLE('',#2791,1.6);
#2791 = AXIS2_PLACEMENT_3D('',#2792,#2793,#2794);
#2792 = CARTESIAN_POINT('',(49.,45.5,-35.));
#2793 = DIRECTION('',(0.,-1.,5.551115123126E-16));
#2794 = DIRECTION('',(1.,0.,0.));
#2795 = PLANE('',#2796);
#2796 = AXIS2_PLACEMENT_3D('',#2797,#2798,#2799);
#2797 = CARTESIAN_POINT('',(49.,45.5,-35.));
#2798 = DIRECTION('',(0.,1.,-2.22044604925E-16));
#2799 = DIRECTION('',(1.,0.,0.));
#2800 = ADVANCED_FACE('',(#2801),#2820,.F.);
#2801 = FACE_BOUND('',#2802,.T.);
#2802 = EDGE_LOOP('',(#2803,#2811,#2818,#2819));
#2803 = ORIENTED_EDGE('',*,*,#2804,.F.);
#2804 = EDGE_CURVE('',#2805,#2788,#2807,.T.);
#2805 = VERTEX_POINT('',#2806);
#2806 = CARTESIAN_POINT('',(50.6,44.,-35.));
#2807 = LINE('',#2808,#2809);
#2808 = CARTESIAN_POINT('',(50.6,43.,-35.));
#2809 = VECTOR('',#2810,1.);
#2810 = DIRECTION('',(0.,1.,-5.551115123126E-16));
#2811 = ORIENTED_EDGE('',*,*,#2812,.T.);
#2812 = EDGE_CURVE('',#2805,#2805,#2813,.T.);
#2813 = CIRCLE('',#2814,1.6);
#2814 = AXIS2_PLACEMENT_3D('',#2815,#2816,#2817);
#2815 = CARTESIAN_POINT('',(49.,44.,-35.));
#2816 = DIRECTION('',(0.,-1.,5.551115123126E-16));
#2817 = DIRECTION('',(1.,0.,0.));
#2818 = ORIENTED_EDGE('',*,*,#2804,.T.);
#2819 = ORIENTED_EDGE('',*,*,#2787,.F.);
#2820 = CYLINDRICAL_SURFACE('',#2821,1.6);
#2821 = AXIS2_PLACEMENT_3D('',#2822,#2823,#2824);
#2822 = CARTESIAN_POINT('',(49.,43.,-35.));
#2823 = DIRECTION('',(-0.,-1.,5.551115123126E-16));
#2824 = DIRECTION('',(1.,0.,0.));
#2825 = ADVANCED_FACE('',(#2826,#2829),#2840,.T.);
#2826 = FACE_BOUND('',#2827,.T.);
#2827 = EDGE_LOOP('',(#2828));
#2828 = ORIENTED_EDGE('',*,*,#2669,.T.);
#2829 = FACE_BOUND('',#2830,.T.);
#2830 = EDGE_LOOP('',(#2831));
#2831 = ORIENTED_EDGE('',*,*,#2832,.T.);
#2832 = EDGE_CURVE('',#2833,#2833,#2835,.T.);
#2833 = VERTEX_POINT('',#2834);
#2834 = CARTESIAN_POINT('',(50.6,45.5,35.));
#2835 = CIRCLE('',#2836,1.6);
#2836 = AXIS2_PLACEMENT_3D('',#2837,#2838,#2839);
#2837 = CARTESIAN_POINT('',(49.,45.5,35.));
#2838 = DIRECTION('',(0.,-1.,1.887379141863E-15));
#2839 = DIRECTION('',(1.,0.,0.));
#2840 = PLANE('',#2841);
#2841 = AXIS2_PLACEMENT_3D('',#2842,#2843,#2844);
#2842 = CARTESIAN_POINT('',(49.,45.5,35.));
#2843 = DIRECTION('',(0.,1.,-1.554312234475E-15));
#2844 = DIRECTION('',(1.,0.,0.));
#2845 = ADVANCED_FACE('',(#2846),#2865,.F.);
#2846 = FACE_BOUND('',#2847,.T.);
#2847 = EDGE_LOOP('',(#2848,#2856,#2863,#2864));
#2848 = ORIENTED_EDGE('',*,*,#2849,.F.);
#2849 = EDGE_CURVE('',#2850,#2833,#2852,.T.);
#2850 = VERTEX_POINT('',#2851);
#2851 = CARTESIAN_POINT('',(50.6,44.,35.));
#2852 = LINE('',#2853,#2854);
#2853 = CARTESIAN_POINT('',(50.6,43.,35.));
#2854 = VECTOR('',#2855,1.);
#2855 = DIRECTION('',(0.,1.,-1.887379141863E-15));
#2856 = ORIENTED_EDGE('',*,*,#2857,.T.);
#2857 = EDGE_CURVE('',#2850,#2850,#2858,.T.);
#2858 = CIRCLE('',#2859,1.6);
#2859 = AXIS2_PLACEMENT_3D('',#2860,#2861,#2862);
#2860 = CARTESIAN_POINT('',(49.,44.,35.));
#2861 = DIRECTION('',(0.,-1.,1.887379141863E-15));
#2862 = DIRECTION('',(1.,0.,0.));
#2863 = ORIENTED_EDGE('',*,*,#2849,.T.);
#2864 = ORIENTED_EDGE('',*,*,#2832,.F.);
#2865 = CYLINDRICAL_SURFACE('',#2866,1.6);
#2866 = AXIS2_PLACEMENT_3D('',#2867,#2868,#2869);
#2867 = CARTESIAN_POINT('',(49.,43.,35.));
#2868 = DIRECTION('',(-0.,-1.,1.887379141863E-15));
#2869 = DIRECTION('',(1.,0.,0.));
#2870 = ADVANCED_FACE('',(#2871),#2884,.T.);
#2871 = FACE_BOUND('',#2872,.T.);
#2872 = EDGE_LOOP('',(#2873,#2879,#2880,#2881,#2882,#2883));
#2873 = ORIENTED_EDGE('',*,*,#2874,.F.);
#2874 = EDGE_CURVE('',#2142,#2085,#2875,.T.);
#2875 = LINE('',#2876,#2877);
#2876 = CARTESIAN_POINT('',(0.,76.573598868366,-29.83758720572));
#2877 = VECTOR('',#2878,1.);
#2878 = DIRECTION('',(1.,0.,0.));
#2879 = ORIENTED_EDGE('',*,*,#2149,.F.);
#2880 = ORIENTED_EDGE('',*,*,#2044,.T.);
#2881 = ORIENTED_EDGE('',*,*,#2358,.F.);
#2882 = ORIENTED_EDGE('',*,*,#2332,.F.);
#2883 = ORIENTED_EDGE('',*,*,#2092,.T.);
#2884 = PLANE('',#2885);
#2885 = AXIS2_PLACEMENT_3D('',#2886,#2887,#2888);
#2886 = CARTESIAN_POINT('',(0.,47.903277318252,-9.762411933435));
#2887 = DIRECTION('',(0.,0.573576436351,0.819152044289));
#2888 = DIRECTION('',(1.,0.,0.));
#2889 = ADVANCED_FACE('',(#2890,#2896),#2930,.T.);
#2890 = FACE_BOUND('',#2891,.T.);
#2891 = EDGE_LOOP('',(#2892,#2893,#2894,#2895));
#2892 = ORIENTED_EDGE('',*,*,#2124,.F.);
#2893 = ORIENTED_EDGE('',*,*,#2141,.T.);
#2894 = ORIENTED_EDGE('',*,*,#2874,.T.);
#2895 = ORIENTED_EDGE('',*,*,#2084,.F.);
#2896 = FACE_BOUND('',#2897,.T.);
#2897 = EDGE_LOOP('',(#2898,#2908,#2916,#2924));
#2898 = ORIENTED_EDGE('',*,*,#2899,.F.);
#2899 = EDGE_CURVE('',#2900,#2902,#2904,.T.);
#2900 = VERTEX_POINT('',#2901);
#2901 = CARTESIAN_POINT('',(5.,73.13214025026,-34.75249947145));
#2902 = VERTEX_POINT('',#2903);
#2903 = CARTESIAN_POINT('',(35.,73.13214025026,-34.75249947145));
#2904 = LINE('',#2905,#2906);
#2905 = CARTESIAN_POINT('',(2.5,73.13214025026,-34.75249947145));
#2906 = VECTOR('',#2907,1.);
#2907 = DIRECTION('',(1.,0.,0.));
#2908 = ORIENTED_EDGE('',*,*,#2909,.T.);
#2909 = EDGE_CURVE('',#2900,#2910,#2912,.T.);
#2910 = VERTEX_POINT('',#2911);
#2911 = CARTESIAN_POINT('',(5.,65.102070141345,-46.2206280915));
#2912 = LINE('',#2913,#2914);
#2913 = CARTESIAN_POINT('',(5.,63.381340832292,-48.67808422436));
#2914 = VECTOR('',#2915,1.);
#2915 = DIRECTION('',(0.,-0.573576436351,-0.819152044289));
#2916 = ORIENTED_EDGE('',*,*,#2917,.T.);
#2917 = EDGE_CURVE('',#2910,#2918,#2920,.T.);
#2918 = VERTEX_POINT('',#2919);
#2919 = CARTESIAN_POINT('',(35.,65.102070141345,-46.2206280915));
#2920 = LINE('',#2921,#2922);
#2921 = CARTESIAN_POINT('',(2.5,65.102070141345,-46.2206280915));
#2922 = VECTOR('',#2923,1.);
#2923 = DIRECTION('',(1.,0.,0.));
#2924 = ORIENTED_EDGE('',*,*,#2925,.F.);
#2925 = EDGE_CURVE('',#2902,#2918,#2926,.T.);
#2926 = LINE('',#2927,#2928);
#2927 = CARTESIAN_POINT('',(35.,63.381340832292,-48.67808422436));
#2928 = VECTOR('',#2929,1.);
#2929 = DIRECTION('',(0.,-0.573576436351,-0.819152044289));
#2930 = PLANE('',#2931);
#2931 = AXIS2_PLACEMENT_3D('',#2932,#2933,#2934);
#2932 = CARTESIAN_POINT('',(0.,61.660611523239,-51.13554035723));
#2933 = DIRECTION('',(0.,0.819152044289,-0.573576436351));
#2934 = DIRECTION('',(0.,0.573576436351,0.819152044289));
#2935 = ADVANCED_FACE('',(#2936,#2942,#2953),#2964,.T.);
#2936 = FACE_BOUND('',#2937,.T.);
#2937 = EDGE_LOOP('',(#2938,#2939,#2940,#2941));
#2938 = ORIENTED_EDGE('',*,*,#2414,.F.);
#2939 = ORIENTED_EDGE('',*,*,#2654,.T.);
#2940 = ORIENTED_EDGE('',*,*,#2205,.T.);
#2941 = ORIENTED_EDGE('',*,*,#2236,.F.);
#2942 = FACE_BOUND('',#2943,.T.);
#2943 = EDGE_LOOP('',(#2944));
#2944 = ORIENTED_EDGE('',*,*,#2945,.T.);
#2945 = EDGE_CURVE('',#2946,#2946,#2948,.T.);
#2946 = VERTEX_POINT('',#2947);
#2947 = CARTESIAN_POINT('',(-4.7,65.126155740733,35.452365234814));
#2948 = CIRCLE('',#2949,8.3);
#2949 = AXIS2_PLACEMENT_3D('',#2950,#2951,#2952);
#2950 = CARTESIAN_POINT('',(-13.,65.126155740733,35.452365234814));
#2951 = DIRECTION('',(0.,-0.906307787037,-0.422618261741));
#2952 = DIRECTION('',(1.,0.,0.));
#2953 = FACE_BOUND('',#2954,.T.);
#2954 = EDGE_LOOP('',(#2955));
#2955 = ORIENTED_EDGE('',*,*,#2956,.T.);
#2956 = EDGE_CURVE('',#2957,#2957,#2959,.T.);
#2957 = VERTEX_POINT('',#2958);
#2958 = CARTESIAN_POINT('',(21.3,65.126155740733,35.452365234814));
#2959 = CIRCLE('',#2960,8.3);
#2960 = AXIS2_PLACEMENT_3D('',#2961,#2962,#2963);
#2961 = CARTESIAN_POINT('',(13.,65.126155740733,35.452365234814));
#2962 = DIRECTION('',(0.,-0.906307787037,-0.422618261741));
#2963 = DIRECTION('',(1.,0.,0.));
#2964 = PLANE('',#2965);
#2965 = AXIS2_PLACEMENT_3D('',#2966,#2967,#2968);
#2966 = CARTESIAN_POINT('',(-24.,70.620193143362,23.670364003338));
#2967 = DIRECTION('',(0.,0.906307787037,0.422618261741));
#2968 = DIRECTION('',(0.,-0.422618261741,0.906307787037));
#2969 = ADVANCED_FACE('',(#2970,#2976,#2987),#2998,.T.);
#2970 = FACE_BOUND('',#2971,.T.);
#2971 = EDGE_LOOP('',(#2972,#2973,#2974,#2975));
#2972 = ORIENTED_EDGE('',*,*,#2316,.F.);
#2973 = ORIENTED_EDGE('',*,*,#2365,.T.);
#2974 = ORIENTED_EDGE('',*,*,#2259,.T.);
#2975 = ORIENTED_EDGE('',*,*,#2301,.F.);
#2976 = FACE_BOUND('',#2977,.T.);
#2977 = EDGE_LOOP('',(#2978));
#2978 = ORIENTED_EDGE('',*,*,#2979,.T.);
#2979 = EDGE_CURVE('',#2980,#2980,#2982,.T.);
#2980 = VERTEX_POINT('',#2981);
#2981 = CARTESIAN_POINT('',(30.136529518492,67.534966037763,2.));
#2982 = CIRCLE('',#2983,8.3);
#2983 = AXIS2_PLACEMENT_3D('',#2984,#2985,#2986);
#2984 = CARTESIAN_POINT('',(22.119345160293,69.683164112114,2.));
#2985 = DIRECTION('',(-0.258819045103,-0.965925826289,2.22044604925E-16)
  );
#2986 = DIRECTION('',(0.965925826289,-0.258819045103,0.));
#2987 = FACE_BOUND('',#2988,.T.);
#2988 = EDGE_LOOP('',(#2989));
#2989 = ORIENTED_EDGE('',*,*,#2990,.T.);
#2990 = EDGE_CURVE('',#2991,#2991,#2993,.T.);
#2991 = VERTEX_POINT('',#2992);
#2992 = CARTESIAN_POINT('',(55.250601002008,60.805670865098,2.));
#2993 = CIRCLE('',#2994,8.3);
#2994 = AXIS2_PLACEMENT_3D('',#2995,#2996,#2997);
#2995 = CARTESIAN_POINT('',(47.233416643808,62.953868939449,2.));
#2996 = DIRECTION('',(-0.258819045103,-0.965925826289,2.22044604925E-16)
  );
#2997 = DIRECTION('',(0.965925826289,-0.258819045103,0.));
#2998 = PLANE('',#2999);
#2999 = AXIS2_PLACEMENT_3D('',#3000,#3001,#3002);
#3000 = CARTESIAN_POINT('',(11.494161071113,72.530173608242,-11.));
#3001 = DIRECTION('',(0.258819045103,0.965925826289,0.));
#3002 = DIRECTION('',(0.,0.,1.));
#3003 = ADVANCED_FACE('',(#3004,#3010,#3021),#3032,.T.);
#3004 = FACE_BOUND('',#3005,.T.);
#3005 = EDGE_LOOP('',(#3006,#3007,#3008,#3009));
#3006 = ORIENTED_EDGE('',*,*,#2589,.F.);
#3007 = ORIENTED_EDGE('',*,*,#2613,.T.);
#3008 = ORIENTED_EDGE('',*,*,#2637,.T.);
#3009 = ORIENTED_EDGE('',*,*,#2453,.F.);
#3010 = FACE_BOUND('',#3011,.T.);
#3011 = EDGE_LOOP('',(#3012));
#3012 = ORIENTED_EDGE('',*,*,#3013,.T.);
#3013 = EDGE_CURVE('',#3014,#3014,#3016,.T.);
#3014 = VERTEX_POINT('',#3015);
#3015 = CARTESIAN_POINT('',(-39.2162322856,65.1020670138,2.));
#3016 = CIRCLE('',#3017,8.3);
#3017 = AXIS2_PLACEMENT_3D('',#3018,#3019,#3020);
#3018 = CARTESIAN_POINT('',(-47.2334166438,62.953868939449,2.));
#3019 = DIRECTION('',(0.258819045103,-0.965925826289,2.22044604925E-16)
  );
#3020 = DIRECTION('',(0.965925826289,0.258819045103,0.));
#3021 = FACE_BOUND('',#3022,.T.);
#3022 = EDGE_LOOP('',(#3023));
#3023 = ORIENTED_EDGE('',*,*,#3024,.T.);
#3024 = EDGE_CURVE('',#3025,#3025,#3027,.T.);
#3025 = VERTEX_POINT('',#3026);
#3026 = CARTESIAN_POINT('',(-14.10216080209,71.831362186465,2.));
#3027 = CIRCLE('',#3028,8.3);
#3028 = AXIS2_PLACEMENT_3D('',#3029,#3030,#3031);
#3029 = CARTESIAN_POINT('',(-22.11934516029,69.683164112114,2.));
#3030 = DIRECTION('',(0.258819045103,-0.965925826289,2.22044604925E-16)
  );
#3031 = DIRECTION('',(0.965925826289,0.258819045103,0.));
#3032 = PLANE('',#3033);
#3033 = AXIS2_PLACEMENT_3D('',#3034,#3035,#3036);
#3034 = CARTESIAN_POINT('',(-57.85860073298,60.106859443321,-11.));
#3035 = DIRECTION('',(-0.258819045103,0.965925826289,0.));
#3036 = DIRECTION('',(0.,0.,1.));
#3037 = ADVANCED_FACE('',(#3038),#3048,.T.);
#3038 = FACE_BOUND('',#3039,.T.);
#3039 = EDGE_LOOP('',(#3040,#3046,#3047));
#3040 = ORIENTED_EDGE('',*,*,#3041,.F.);
#3041 = EDGE_CURVE('',#2438,#2503,#3042,.T.);
#3042 = LINE('',#3043,#3044);
#3043 = CARTESIAN_POINT('',(-37.,61.,-11.));
#3044 = VECTOR('',#3045,1.);
#3045 = DIRECTION('',(1.,0.,0.));
#3046 = ORIENTED_EDGE('',*,*,#2437,.F.);
#3047 = ORIENTED_EDGE('',*,*,#2510,.T.);
#3048 = PLANE('',#3049);
#3049 = AXIS2_PLACEMENT_3D('',#3050,#3051,#3052);
#3050 = CARTESIAN_POINT('',(-37.,39.,-11.));
#3051 = DIRECTION('',(0.,0.,1.));
#3052 = DIRECTION('',(1.,0.,0.));
#3053 = ADVANCED_FACE('',(#3054,#3061),#3072,.T.);
#3054 = FACE_BOUND('',#3055,.T.);
#3055 = EDGE_LOOP('',(#3056,#3057,#3058,#3059,#3060));
#3056 = ORIENTED_EDGE('',*,*,#2534,.F.);
#3057 = ORIENTED_EDGE('',*,*,#2558,.T.);
#3058 = ORIENTED_EDGE('',*,*,#2582,.T.);
#3059 = ORIENTED_EDGE('',*,*,#3041,.T.);
#3060 = ORIENTED_EDGE('',*,*,#2502,.F.);
#3061 = FACE_BOUND('',#3062,.T.);
#3062 = EDGE_LOOP('',(#3063));
#3063 = ORIENTED_EDGE('',*,*,#3064,.T.);
#3064 = EDGE_CURVE('',#3065,#3065,#3067,.T.);
#3065 = VERTEX_POINT('',#3066);
#3066 = CARTESIAN_POINT('',(-16.5,61.,-24.));
#3067 = CIRCLE('',#3068,5.5);
#3068 = AXIS2_PLACEMENT_3D('',#3069,#3070,#3071);
#3069 = CARTESIAN_POINT('',(-22.,61.,-24.));
#3070 = DIRECTION('',(0.,-1.,2.22044604925E-16));
#3071 = DIRECTION('',(1.,0.,0.));
#3072 = PLANE('',#3073);
#3073 = AXIS2_PLACEMENT_3D('',#3074,#3075,#3076);
#3074 = CARTESIAN_POINT('',(-37.,61.,-41.));
#3075 = DIRECTION('',(0.,1.,0.));
#3076 = DIRECTION('',(0.,0.,1.));
#3077 = ADVANCED_FACE('',(#3078),#3094,.F.);
#3078 = FACE_BOUND('',#3079,.F.);
#3079 = EDGE_LOOP('',(#3080,#3086,#3087,#3093));
#3080 = ORIENTED_EDGE('',*,*,#3081,.F.);
#3081 = EDGE_CURVE('',#660,#2900,#3082,.T.);
#3082 = LINE('',#3083,#3084);
#3083 = CARTESIAN_POINT('',(5.,70.674684117393,-33.0317701624));
#3084 = VECTOR('',#3085,1.);
#3085 = DIRECTION('',(0.,0.819152044289,-0.573576436351));
#3086 = ORIENTED_EDGE('',*,*,#659,.T.);
#3087 = ORIENTED_EDGE('',*,*,#3088,.T.);
#3088 = EDGE_CURVE('',#662,#2902,#3089,.T.);
#3089 = LINE('',#3090,#3091);
#3090 = CARTESIAN_POINT('',(35.,70.674684117393,-33.0317701624));
#3091 = VECTOR('',#3092,1.);
#3092 = DIRECTION('',(0.,0.819152044289,-0.573576436351));
#3093 = ORIENTED_EDGE('',*,*,#2899,.F.);
#3094 = PLANE('',#3095);
#3095 = AXIS2_PLACEMENT_3D('',#3096,#3097,#3098);
#3096 = CARTESIAN_POINT('',(5.,70.674684117393,-33.0317701624));
#3097 = DIRECTION('',(0.,0.573576436351,0.819152044289));
#3098 = DIRECTION('',(1.,0.,0.));
#3099 = ADVANCED_FACE('',(#3100),#3111,.F.);
#3100 = FACE_BOUND('',#3101,.F.);
#3101 = EDGE_LOOP('',(#3102,#3103,#3104,#3110));
#3102 = ORIENTED_EDGE('',*,*,#3088,.F.);
#3103 = ORIENTED_EDGE('',*,*,#685,.T.);
#3104 = ORIENTED_EDGE('',*,*,#3105,.T.);
#3105 = EDGE_CURVE('',#678,#2918,#3106,.T.);
#3106 = LINE('',#3107,#3108);
#3107 = CARTESIAN_POINT('',(35.,62.644614008478,-44.49989878244));
#3108 = VECTOR('',#3109,1.);
#3109 = DIRECTION('',(0.,0.819152044289,-0.573576436351));
#3110 = ORIENTED_EDGE('',*,*,#2925,.F.);
#3111 = PLANE('',#3112);
#3112 = AXIS2_PLACEMENT_3D('',#3113,#3114,#3115);
#3113 = CARTESIAN_POINT('',(35.,62.644614008478,-44.49989878244));
#3114 = DIRECTION('',(1.,0.,0.));
#3115 = DIRECTION('',(0.,0.573576436351,0.819152044289));
#3116 = ADVANCED_FACE('',(#3117),#3128,.T.);
#3117 = FACE_BOUND('',#3118,.T.);
#3118 = EDGE_LOOP('',(#3119,#3125,#3126,#3127));
#3119 = ORIENTED_EDGE('',*,*,#3120,.F.);
#3120 = EDGE_CURVE('',#670,#2910,#3121,.T.);
#3121 = LINE('',#3122,#3123);
#3122 = CARTESIAN_POINT('',(5.,62.644614008478,-44.49989878244));
#3123 = VECTOR('',#3124,1.);
#3124 = DIRECTION('',(0.,0.819152044289,-0.573576436351));
#3125 = ORIENTED_EDGE('',*,*,#677,.T.);
#3126 = ORIENTED_EDGE('',*,*,#3105,.T.);
#3127 = ORIENTED_EDGE('',*,*,#2917,.F.);
#3128 = PLANE('',#3129);
#3129 = AXIS2_PLACEMENT_3D('',#3130,#3131,#3132);
#3130 = CARTESIAN_POINT('',(5.,62.644614008478,-44.49989878244));
#3131 = DIRECTION('',(0.,0.573576436351,0.819152044289));
#3132 = DIRECTION('',(1.,0.,0.));
#3133 = ADVANCED_FACE('',(#3134),#3140,.T.);
#3134 = FACE_BOUND('',#3135,.T.);
#3135 = EDGE_LOOP('',(#3136,#3137,#3138,#3139));
#3136 = ORIENTED_EDGE('',*,*,#3081,.F.);
#3137 = ORIENTED_EDGE('',*,*,#669,.T.);
#3138 = ORIENTED_EDGE('',*,*,#3120,.T.);
#3139 = ORIENTED_EDGE('',*,*,#2909,.F.);
#3140 = PLANE('',#3141);
#3141 = AXIS2_PLACEMENT_3D('',#3142,#3143,#3144);
#3142 = CARTESIAN_POINT('',(5.,62.644614008478,-44.49989878244));
#3143 = DIRECTION('',(1.,0.,0.));
#3144 = DIRECTION('',(0.,0.573576436351,0.819152044289));
#3145 = ADVANCED_FACE('',(#3146),#3157,.F.);
#3146 = FACE_BOUND('',#3147,.T.);
#3147 = EDGE_LOOP('',(#3148,#3149,#3155,#3156));
#3148 = ORIENTED_EDGE('',*,*,#1103,.T.);
#3149 = ORIENTED_EDGE('',*,*,#3150,.T.);
#3150 = EDGE_CURVE('',#1104,#2946,#3151,.T.);
#3151 = LINE('',#3152,#3153);
#3152 = CARTESIAN_POINT('',(-4.7,62.407232379623,34.184510449592));
#3153 = VECTOR('',#3154,1.);
#3154 = DIRECTION('',(0.,0.906307787037,0.422618261741));
#3155 = ORIENTED_EDGE('',*,*,#2945,.F.);
#3156 = ORIENTED_EDGE('',*,*,#3150,.F.);
#3157 = CYLINDRICAL_SURFACE('',#3158,8.3);
#3158 = AXIS2_PLACEMENT_3D('',#3159,#3160,#3161);
#3159 = CARTESIAN_POINT('',(-13.,62.407232379623,34.184510449592));
#3160 = DIRECTION('',(-0.,-0.906307787037,-0.422618261741));
#3161 = DIRECTION('',(1.,0.,0.));
#3162 = ADVANCED_FACE('',(#3163),#3174,.F.);
#3163 = FACE_BOUND('',#3164,.T.);
#3164 = EDGE_LOOP('',(#3165,#3166,#3172,#3173));
#3165 = ORIENTED_EDGE('',*,*,#1114,.T.);
#3166 = ORIENTED_EDGE('',*,*,#3167,.T.);
#3167 = EDGE_CURVE('',#1115,#2957,#3168,.T.);
#3168 = LINE('',#3169,#3170);
#3169 = CARTESIAN_POINT('',(21.3,62.407232379623,34.184510449592));
#3170 = VECTOR('',#3171,1.);
#3171 = DIRECTION('',(0.,0.906307787037,0.422618261741));
#3172 = ORIENTED_EDGE('',*,*,#2956,.F.);
#3173 = ORIENTED_EDGE('',*,*,#3167,.F.);
#3174 = CYLINDRICAL_SURFACE('',#3175,8.3);
#3175 = AXIS2_PLACEMENT_3D('',#3176,#3177,#3178);
#3176 = CARTESIAN_POINT('',(13.,62.407232379623,34.184510449592));
#3177 = DIRECTION('',(-0.,-0.906307787037,-0.422618261741));
#3178 = DIRECTION('',(1.,0.,0.));
#3179 = ADVANCED_FACE('',(#3180),#3191,.F.);
#3180 = FACE_BOUND('',#3181,.T.);
#3181 = EDGE_LOOP('',(#3182,#3183,#3189,#3190));
#3182 = ORIENTED_EDGE('',*,*,#359,.T.);
#3183 = ORIENTED_EDGE('',*,*,#3184,.T.);
#3184 = EDGE_CURVE('',#360,#2980,#3185,.T.);
#3185 = LINE('',#3186,#3187);
#3186 = CARTESIAN_POINT('',(29.360072383184,64.637188558896,2.));
#3187 = VECTOR('',#3188,1.);
#3188 = DIRECTION('',(0.258819045103,0.965925826289,-2.22044604925E-16)
  );
#3189 = ORIENTED_EDGE('',*,*,#2979,.F.);
#3190 = ORIENTED_EDGE('',*,*,#3184,.F.);
#3191 = CYLINDRICAL_SURFACE('',#3192,8.3);
#3192 = AXIS2_PLACEMENT_3D('',#3193,#3194,#3195);
#3193 = CARTESIAN_POINT('',(21.342888024985,66.785386633247,2.));
#3194 = DIRECTION('',(-0.258819045103,-0.965925826289,2.22044604925E-16)
  );
#3195 = DIRECTION('',(0.965925826289,-0.258819045103,0.));
#3196 = ADVANCED_FACE('',(#3197),#3208,.F.);
#3197 = FACE_BOUND('',#3198,.T.);
#3198 = EDGE_LOOP('',(#3199,#3200,#3206,#3207));
#3199 = ORIENTED_EDGE('',*,*,#370,.T.);
#3200 = ORIENTED_EDGE('',*,*,#3201,.T.);
#3201 = EDGE_CURVE('',#371,#2991,#3202,.T.);
#3202 = LINE('',#3203,#3204);
#3203 = CARTESIAN_POINT('',(54.4741438667,57.90789338623,2.));
#3204 = VECTOR('',#3205,1.);
#3205 = DIRECTION('',(0.258819045103,0.965925826289,-2.22044604925E-16)
  );
#3206 = ORIENTED_EDGE('',*,*,#2990,.F.);
#3207 = ORIENTED_EDGE('',*,*,#3201,.F.);
#3208 = CYLINDRICAL_SURFACE('',#3209,8.3);
#3209 = AXIS2_PLACEMENT_3D('',#3210,#3211,#3212);
#3210 = CARTESIAN_POINT('',(46.456959508501,60.056091460581,2.));
#3211 = DIRECTION('',(-0.258819045103,-0.965925826289,2.22044604925E-16)
  );
#3212 = DIRECTION('',(0.965925826289,-0.258819045103,0.));
#3213 = ADVANCED_FACE('',(#3214),#3225,.F.);
#3214 = FACE_BOUND('',#3215,.T.);
#3215 = EDGE_LOOP('',(#3216,#3217,#3223,#3224));
#3216 = ORIENTED_EDGE('',*,*,#1469,.T.);
#3217 = ORIENTED_EDGE('',*,*,#3218,.T.);
#3218 = EDGE_CURVE('',#1470,#3014,#3219,.T.);
#3219 = LINE('',#3220,#3221);
#3220 = CARTESIAN_POINT('',(-38.4397751503,62.204289534932,2.));
#3221 = VECTOR('',#3222,1.);
#3222 = DIRECTION('',(-0.258819045103,0.965925826289,-2.22044604925E-16)
  );
#3223 = ORIENTED_EDGE('',*,*,#3013,.F.);
#3224 = ORIENTED_EDGE('',*,*,#3218,.F.);
#3225 = CYLINDRICAL_SURFACE('',#3226,8.3);
#3226 = AXIS2_PLACEMENT_3D('',#3227,#3228,#3229);
#3227 = CARTESIAN_POINT('',(-46.4569595085,60.056091460581,2.));
#3228 = DIRECTION('',(0.258819045103,-0.965925826289,2.22044604925E-16)
  );
#3229 = DIRECTION('',(0.965925826289,0.258819045103,0.));
#3230 = ADVANCED_FACE('',(#3231),#3242,.F.);
#3231 = FACE_BOUND('',#3232,.T.);
#3232 = EDGE_LOOP('',(#3233,#3234,#3240,#3241));
#3233 = ORIENTED_EDGE('',*,*,#1480,.T.);
#3234 = ORIENTED_EDGE('',*,*,#3235,.T.);
#3235 = EDGE_CURVE('',#1481,#3025,#3236,.T.);
#3236 = LINE('',#3237,#3238);
#3237 = CARTESIAN_POINT('',(-13.32570366678,68.933584707598,2.));
#3238 = VECTOR('',#3239,1.);
#3239 = DIRECTION('',(-0.258819045103,0.965925826289,-2.22044604925E-16)
  );
#3240 = ORIENTED_EDGE('',*,*,#3024,.F.);
#3241 = ORIENTED_EDGE('',*,*,#3235,.F.);
#3242 = CYLINDRICAL_SURFACE('',#3243,8.3);
#3243 = AXIS2_PLACEMENT_3D('',#3244,#3245,#3246);
#3244 = CARTESIAN_POINT('',(-21.34288802498,66.785386633247,2.));
#3245 = DIRECTION('',(0.258819045103,-0.965925826289,2.22044604925E-16)
  );
#3246 = DIRECTION('',(0.965925826289,0.258819045103,0.));
#3247 = ADVANCED_FACE('',(#3248),#3267,.F.);
#3248 = FACE_BOUND('',#3249,.T.);
#3249 = EDGE_LOOP('',(#3250,#3259,#3265,#3266));
#3250 = ORIENTED_EDGE('',*,*,#3251,.T.);
#3251 = EDGE_CURVE('',#3252,#3252,#3254,.T.);
#3252 = VERTEX_POINT('',#3253);
#3253 = CARTESIAN_POINT('',(-16.5,59.,-24.));
#3254 = CIRCLE('',#3255,5.5);
#3255 = AXIS2_PLACEMENT_3D('',#3256,#3257,#3258);
#3256 = CARTESIAN_POINT('',(-22.,59.,-24.));
#3257 = DIRECTION('',(0.,-1.,2.22044604925E-16));
#3258 = DIRECTION('',(1.,0.,0.));
#3259 = ORIENTED_EDGE('',*,*,#3260,.T.);
#3260 = EDGE_CURVE('',#3252,#3065,#3261,.T.);
#3261 = LINE('',#3262,#3263);
#3262 = CARTESIAN_POINT('',(-16.5,58.,-24.));
#3263 = VECTOR('',#3264,1.);
#3264 = DIRECTION('',(0.,1.,-2.22044604925E-16));
#3265 = ORIENTED_EDGE('',*,*,#3064,.F.);
#3266 = ORIENTED_EDGE('',*,*,#3260,.F.);
#3267 = CYLINDRICAL_SURFACE('',#3268,5.5);
#3268 = AXIS2_PLACEMENT_3D('',#3269,#3270,#3271);
#3269 = CARTESIAN_POINT('',(-22.,58.,-24.));
#3270 = DIRECTION('',(-0.,-1.,2.22044604925E-16));
#3271 = DIRECTION('',(1.,0.,0.));
#3272 = ADVANCED_FACE('',(#3273,#3307),#3310,.F.);
#3273 = FACE_BOUND('',#3274,.F.);
#3274 = EDGE_LOOP('',(#3275,#3285,#3293,#3301));
#3275 = ORIENTED_EDGE('',*,*,#3276,.F.);
#3276 = EDGE_CURVE('',#3277,#3279,#3281,.T.);
#3277 = VERTEX_POINT('',#3278);
#3278 = CARTESIAN_POINT('',(-35.,59.,-39.));
#3279 = VERTEX_POINT('',#3280);
#3280 = CARTESIAN_POINT('',(-9.,59.,-39.));
#3281 = LINE('',#3282,#3283);
#3282 = CARTESIAN_POINT('',(-35.,59.,-39.));
#3283 = VECTOR('',#3284,1.);
#3284 = DIRECTION('',(1.,0.,0.));
#3285 = ORIENTED_EDGE('',*,*,#3286,.T.);
#3286 = EDGE_CURVE('',#3277,#3287,#3289,.T.);
#3287 = VERTEX_POINT('',#3288);
#3288 = CARTESIAN_POINT('',(-35.,59.,-13.));
#3289 = LINE('',#3290,#3291);
#3290 = CARTESIAN_POINT('',(-35.,59.,-39.));
#3291 = VECTOR('',#3292,1.);
#3292 = DIRECTION('',(0.,0.,1.));
#3293 = ORIENTED_EDGE('',*,*,#3294,.T.);
#3294 = EDGE_CURVE('',#3287,#3295,#3297,.T.);
#3295 = VERTEX_POINT('',#3296);
#3296 = CARTESIAN_POINT('',(-9.,59.,-13.));
#3297 = LINE('',#3298,#3299);
#3298 = CARTESIAN_POINT('',(-35.,59.,-13.));
#3299 = VECTOR('',#3300,1.);
#3300 = DIRECTION('',(1.,0.,0.));
#3301 = ORIENTED_EDGE('',*,*,#3302,.F.);
#3302 = EDGE_CURVE('',#3279,#3295,#3303,.T.);
#3303 = LINE('',#3304,#3305);
#3304 = CARTESIAN_POINT('',(-9.,59.,-39.));
#3305 = VECTOR('',#3306,1.);
#3306 = DIRECTION('',(0.,0.,1.));
#3307 = FACE_BOUND('',#3308,.F.);
#3308 = EDGE_LOOP('',(#3309));
#3309 = ORIENTED_EDGE('',*,*,#3251,.T.);
#3310 = PLANE('',#3311);
#3311 = AXIS2_PLACEMENT_3D('',#3312,#3313,#3314);
#3312 = CARTESIAN_POINT('',(-35.,59.,-39.));
#3313 = DIRECTION('',(0.,1.,0.));
#3314 = DIRECTION('',(0.,0.,1.));
#3315 = ADVANCED_FACE('',(#3316),#3341,.F.);
#3316 = FACE_BOUND('',#3317,.F.);
#3317 = EDGE_LOOP('',(#3318,#3326,#3334,#3340));
#3318 = ORIENTED_EDGE('',*,*,#3319,.F.);
#3319 = EDGE_CURVE('',#3320,#3287,#3322,.T.);
#3320 = VERTEX_POINT('',#3321);
#3321 = CARTESIAN_POINT('',(-35.,47.,-13.));
#3322 = LINE('',#3323,#3324);
#3323 = CARTESIAN_POINT('',(-35.,38.5,-13.));
#3324 = VECTOR('',#3325,1.);
#3325 = DIRECTION('',(0.,1.,0.));
#3326 = ORIENTED_EDGE('',*,*,#3327,.T.);
#3327 = EDGE_CURVE('',#3320,#3328,#3330,.T.);
#3328 = VERTEX_POINT('',#3329);
#3329 = CARTESIAN_POINT('',(-9.,47.,-13.));
#3330 = LINE('',#3331,#3332);
#3331 = CARTESIAN_POINT('',(-45.5,47.,-13.));
#3332 = VECTOR('',#3333,1.);
#3333 = DIRECTION('',(1.,-0.,0.));
#3334 = ORIENTED_EDGE('',*,*,#3335,.T.);
#3335 = EDGE_CURVE('',#3328,#3295,#3336,.T.);
#3336 = LINE('',#3337,#3338);
#3337 = CARTESIAN_POINT('',(-9.,38.5,-13.));
#3338 = VECTOR('',#3339,1.);
#3339 = DIRECTION('',(0.,1.,0.));
#3340 = ORIENTED_EDGE('',*,*,#3294,.F.);
#3341 = PLANE('',#3342);
#3342 = AXIS2_PLACEMENT_3D('',#3343,#3344,#3345);
#3343 = CARTESIAN_POINT('',(-35.,38.5,-13.));
#3344 = DIRECTION('',(0.,0.,1.));
#3345 = DIRECTION('',(1.,0.,0.));
#3346 = ADVANCED_FACE('',(#3347),#3381,.F.);
#3347 = FACE_BOUND('',#3348,.F.);
#3348 = EDGE_LOOP('',(#3349,#3359,#3367,#3375));
#3349 = ORIENTED_EDGE('',*,*,#3350,.F.);
#3350 = EDGE_CURVE('',#3351,#3353,#3355,.T.);
#3351 = VERTEX_POINT('',#3352);
#3352 = CARTESIAN_POINT('',(-32.,44.,-19.));
#3353 = VERTEX_POINT('',#3354);
#3354 = CARTESIAN_POINT('',(-32.,47.,-19.));
#3355 = LINE('',#3356,#3357);
#3356 = CARTESIAN_POINT('',(-32.,43.,-19.));
#3357 = VECTOR('',#3358,1.);
#3358 = DIRECTION('',(0.,1.,0.));
#3359 = ORIENTED_EDGE('',*,*,#3360,.T.);
#3360 = EDGE_CURVE('',#3351,#3361,#3363,.T.);
#3361 = VERTEX_POINT('',#3362);
#3362 = CARTESIAN_POINT('',(-12.,44.,-19.));
#3363 = LINE('',#3364,#3365);
#3364 = CARTESIAN_POINT('',(-44.,44.,-19.));
#3365 = VECTOR('',#3366,1.);
#3366 = DIRECTION('',(1.,0.,0.));
#3367 = ORIENTED_EDGE('',*,*,#3368,.T.);
#3368 = EDGE_CURVE('',#3361,#3369,#3371,.T.);
#3369 = VERTEX_POINT('',#3370);
#3370 = CARTESIAN_POINT('',(-12.,47.,-19.));
#3371 = LINE('',#3372,#3373);
#3372 = CARTESIAN_POINT('',(-12.,43.,-19.));
#3373 = VECTOR('',#3374,1.);
#3374 = DIRECTION('',(0.,1.,0.));
#3375 = ORIENTED_EDGE('',*,*,#3376,.F.);
#3376 = EDGE_CURVE('',#3353,#3369,#3377,.T.);
#3377 = LINE('',#3378,#3379);
#3378 = CARTESIAN_POINT('',(-44.,47.,-19.));
#3379 = VECTOR('',#3380,1.);
#3380 = DIRECTION('',(1.,0.,0.));
#3381 = PLANE('',#3382);
#3382 = AXIS2_PLACEMENT_3D('',#3383,#3384,#3385);
#3383 = CARTESIAN_POINT('',(-32.,43.,-19.));
#3384 = DIRECTION('',(0.,0.,1.));
#3385 = DIRECTION('',(1.,0.,0.));
#3386 = ADVANCED_FACE('',(#3387),#3412,.T.);
#3387 = FACE_BOUND('',#3388,.T.);
#3388 = EDGE_LOOP('',(#3389,#3390,#3398,#3406));
#3389 = ORIENTED_EDGE('',*,*,#3350,.F.);
#3390 = ORIENTED_EDGE('',*,*,#3391,.T.);
#3391 = EDGE_CURVE('',#3351,#3392,#3394,.T.);
#3392 = VERTEX_POINT('',#3393);
#3393 = CARTESIAN_POINT('',(-32.,44.,-33.));
#3394 = LINE('',#3395,#3396);
#3395 = CARTESIAN_POINT('',(-32.,44.,-37.5));
#3396 = VECTOR('',#3397,1.);
#3397 = DIRECTION('',(0.,-2.6645352591E-15,-1.));
#3398 = ORIENTED_EDGE('',*,*,#3399,.T.);
#3399 = EDGE_CURVE('',#3392,#3400,#3402,.T.);
#3400 = VERTEX_POINT('',#3401);
#3401 = CARTESIAN_POINT('',(-32.,47.,-33.));
#3402 = LINE('',#3403,#3404);
#3403 = CARTESIAN_POINT('',(-32.,43.,-33.));
#3404 = VECTOR('',#3405,1.);
#3405 = DIRECTION('',(0.,1.,0.));
#3406 = ORIENTED_EDGE('',*,*,#3407,.F.);
#3407 = EDGE_CURVE('',#3353,#3400,#3408,.T.);
#3408 = LINE('',#3409,#3410);
#3409 = CARTESIAN_POINT('',(-32.,47.,-37.5));
#3410 = VECTOR('',#3411,1.);
#3411 = DIRECTION('',(0.,-2.6645352591E-15,-1.));
#3412 = PLANE('',#3413);
#3413 = AXIS2_PLACEMENT_3D('',#3414,#3415,#3416);
#3414 = CARTESIAN_POINT('',(-32.,43.,-33.));
#3415 = DIRECTION('',(1.,0.,0.));
#3416 = DIRECTION('',(0.,0.,1.));
#3417 = ADVANCED_FACE('',(#3418),#3443,.F.);
#3418 = FACE_BOUND('',#3419,.F.);
#3419 = EDGE_LOOP('',(#3420,#3421,#3429,#3437));
#3420 = ORIENTED_EDGE('',*,*,#3368,.F.);
#3421 = ORIENTED_EDGE('',*,*,#3422,.T.);
#3422 = EDGE_CURVE('',#3361,#3423,#3425,.T.);
#3423 = VERTEX_POINT('',#3424);
#3424 = CARTESIAN_POINT('',(-12.,44.,-33.));
#3425 = LINE('',#3426,#3427);
#3426 = CARTESIAN_POINT('',(-12.,44.,-37.5));
#3427 = VECTOR('',#3428,1.);
#3428 = DIRECTION('',(0.,-2.6645352591E-15,-1.));
#3429 = ORIENTED_EDGE('',*,*,#3430,.T.);
#3430 = EDGE_CURVE('',#3423,#3431,#3433,.T.);
#3431 = VERTEX_POINT('',#3432);
#3432 = CARTESIAN_POINT('',(-12.,47.,-33.));
#3433 = LINE('',#3434,#3435);
#3434 = CARTESIAN_POINT('',(-12.,43.,-33.));
#3435 = VECTOR('',#3436,1.);
#3436 = DIRECTION('',(0.,1.,0.));
#3437 = ORIENTED_EDGE('',*,*,#3438,.F.);
#3438 = EDGE_CURVE('',#3369,#3431,#3439,.T.);
#3439 = LINE('',#3440,#3441);
#3440 = CARTESIAN_POINT('',(-12.,47.,-37.5));
#3441 = VECTOR('',#3442,1.);
#3442 = DIRECTION('',(0.,-2.6645352591E-15,-1.));
#3443 = PLANE('',#3444);
#3444 = AXIS2_PLACEMENT_3D('',#3445,#3446,#3447);
#3445 = CARTESIAN_POINT('',(-12.,43.,-33.));
#3446 = DIRECTION('',(1.,0.,0.));
#3447 = DIRECTION('',(0.,0.,1.));
#3448 = ADVANCED_FACE('',(#3449),#3465,.T.);
#3449 = FACE_BOUND('',#3450,.T.);
#3450 = EDGE_LOOP('',(#3451,#3452,#3458,#3459));
#3451 = ORIENTED_EDGE('',*,*,#3399,.F.);
#3452 = ORIENTED_EDGE('',*,*,#3453,.T.);
#3453 = EDGE_CURVE('',#3392,#3423,#3454,.T.);
#3454 = LINE('',#3455,#3456);
#3455 = CARTESIAN_POINT('',(-44.,44.,-33.));
#3456 = VECTOR('',#3457,1.);
#3457 = DIRECTION('',(1.,0.,0.));
#3458 = ORIENTED_EDGE('',*,*,#3430,.T.);
#3459 = ORIENTED_EDGE('',*,*,#3460,.F.);
#3460 = EDGE_CURVE('',#3400,#3431,#3461,.T.);
#3461 = LINE('',#3462,#3463);
#3462 = CARTESIAN_POINT('',(-44.,47.,-33.));
#3463 = VECTOR('',#3464,1.);
#3464 = DIRECTION('',(1.,0.,0.));
#3465 = PLANE('',#3466);
#3466 = AXIS2_PLACEMENT_3D('',#3467,#3468,#3469);
#3467 = CARTESIAN_POINT('',(-32.,43.,-33.));
#3468 = DIRECTION('',(0.,0.,1.));
#3469 = DIRECTION('',(1.,0.,0.));
#3470 = ADVANCED_FACE('',(#3471,#3496),#3502,.T.);
#3471 = FACE_BOUND('',#3472,.T.);
#3472 = EDGE_LOOP('',(#3473,#3474,#3482,#3490));
#3473 = ORIENTED_EDGE('',*,*,#3327,.T.);
#3474 = ORIENTED_EDGE('',*,*,#3475,.T.);
#3475 = EDGE_CURVE('',#3328,#3476,#3478,.T.);
#3476 = VERTEX_POINT('',#3477);
#3477 = CARTESIAN_POINT('',(-9.,47.,-39.));
#3478 = LINE('',#3479,#3480);
#3479 = CARTESIAN_POINT('',(-9.,47.,-40.5));
#3480 = VECTOR('',#3481,1.);
#3481 = DIRECTION('',(0.,-2.6645352591E-15,-1.));
#3482 = ORIENTED_EDGE('',*,*,#3483,.F.);
#3483 = EDGE_CURVE('',#3484,#3476,#3486,.T.);
#3484 = VERTEX_POINT('',#3485);
#3485 = CARTESIAN_POINT('',(-35.,47.,-39.));
#3486 = LINE('',#3487,#3488);
#3487 = CARTESIAN_POINT('',(-45.5,47.,-39.));
#3488 = VECTOR('',#3489,1.);
#3489 = DIRECTION('',(1.,-0.,0.));
#3490 = ORIENTED_EDGE('',*,*,#3491,.F.);
#3491 = EDGE_CURVE('',#3320,#3484,#3492,.T.);
#3492 = LINE('',#3493,#3494);
#3493 = CARTESIAN_POINT('',(-35.,47.,-40.5));
#3494 = VECTOR('',#3495,1.);
#3495 = DIRECTION('',(0.,-2.6645352591E-15,-1.));
#3496 = FACE_BOUND('',#3497,.T.);
#3497 = EDGE_LOOP('',(#3498,#3499,#3500,#3501));
#3498 = ORIENTED_EDGE('',*,*,#3376,.F.);
#3499 = ORIENTED_EDGE('',*,*,#3407,.T.);
#3500 = ORIENTED_EDGE('',*,*,#3460,.T.);
#3501 = ORIENTED_EDGE('',*,*,#3438,.F.);
#3502 = PLANE('',#3503);
#3503 = AXIS2_PLACEMENT_3D('',#3504,#3505,#3506);
#3504 = CARTESIAN_POINT('',(-56.,47.,-42.));
#3505 = DIRECTION('',(0.,1.,-2.6645352591E-15));
#3506 = DIRECTION('',(0.,2.6645352591E-15,1.));
#3507 = ADVANCED_FACE('',(#3508),#3519,.T.);
#3508 = FACE_BOUND('',#3509,.T.);
#3509 = EDGE_LOOP('',(#3510,#3511,#3512,#3518));
#3510 = ORIENTED_EDGE('',*,*,#3319,.F.);
#3511 = ORIENTED_EDGE('',*,*,#3491,.T.);
#3512 = ORIENTED_EDGE('',*,*,#3513,.T.);
#3513 = EDGE_CURVE('',#3484,#3277,#3514,.T.);
#3514 = LINE('',#3515,#3516);
#3515 = CARTESIAN_POINT('',(-35.,38.5,-39.));
#3516 = VECTOR('',#3517,1.);
#3517 = DIRECTION('',(0.,1.,0.));
#3518 = ORIENTED_EDGE('',*,*,#3286,.T.);
#3519 = PLANE('',#3520);
#3520 = AXIS2_PLACEMENT_3D('',#3521,#3522,#3523);
#3521 = CARTESIAN_POINT('',(-35.,38.5,-39.));
#3522 = DIRECTION('',(1.,0.,0.));
#3523 = DIRECTION('',(0.,0.,1.));
#3524 = ADVANCED_FACE('',(#3525),#3536,.T.);
#3525 = FACE_BOUND('',#3526,.T.);
#3526 = EDGE_LOOP('',(#3527,#3528,#3529,#3535));
#3527 = ORIENTED_EDGE('',*,*,#3513,.F.);
#3528 = ORIENTED_EDGE('',*,*,#3483,.T.);
#3529 = ORIENTED_EDGE('',*,*,#3530,.T.);
#3530 = EDGE_CURVE('',#3476,#3279,#3531,.T.);
#3531 = LINE('',#3532,#3533);
#3532 = CARTESIAN_POINT('',(-9.,38.5,-39.));
#3533 = VECTOR('',#3534,1.);
#3534 = DIRECTION('',(0.,1.,0.));
#3535 = ORIENTED_EDGE('',*,*,#3276,.F.);
#3536 = PLANE('',#3537);
#3537 = AXIS2_PLACEMENT_3D('',#3538,#3539,#3540);
#3538 = CARTESIAN_POINT('',(-35.,38.5,-39.));
#3539 = DIRECTION('',(0.,0.,1.));
#3540 = DIRECTION('',(1.,0.,0.));
#3541 = ADVANCED_FACE('',(#3542),#3548,.F.);
#3542 = FACE_BOUND('',#3543,.F.);
#3543 = EDGE_LOOP('',(#3544,#3545,#3546,#3547));
#3544 = ORIENTED_EDGE('',*,*,#3335,.F.);
#3545 = ORIENTED_EDGE('',*,*,#3475,.T.);
#3546 = ORIENTED_EDGE('',*,*,#3530,.T.);
#3547 = ORIENTED_EDGE('',*,*,#3302,.T.);
#3548 = PLANE('',#3549);
#3549 = AXIS2_PLACEMENT_3D('',#3550,#3551,#3552);
#3550 = CARTESIAN_POINT('',(-9.,38.5,-39.));
#3551 = DIRECTION('',(1.,0.,0.));
#3552 = DIRECTION('',(0.,0.,1.));
#3553 = ADVANCED_FACE('',(#3554,#3564,#3570,#3576,#3582,#3588,#3594,
    #3597,#3600,#3603),#3606,.T.);
#3554 = FACE_BOUND('',#3555,.T.);
#3555 = EDGE_LOOP('',(#3556,#3557,#3558,#3559,#3560,#3561,#3562,#3563));
#3556 = ORIENTED_EDGE('',*,*,#1864,.T.);
#3557 = ORIENTED_EDGE('',*,*,#1886,.F.);
#3558 = ORIENTED_EDGE('',*,*,#1911,.T.);
#3559 = ORIENTED_EDGE('',*,*,#1935,.T.);
#3560 = ORIENTED_EDGE('',*,*,#1962,.F.);
#3561 = ORIENTED_EDGE('',*,*,#1570,.F.);
#3562 = ORIENTED_EDGE('',*,*,#1497,.F.);
#3563 = ORIENTED_EDGE('',*,*,#1537,.T.);
#3564 = FACE_BOUND('',#3565,.T.);
#3565 = EDGE_LOOP('',(#3566,#3567,#3568,#3569));
#3566 = ORIENTED_EDGE('',*,*,#1141,.T.);
#3567 = ORIENTED_EDGE('',*,*,#1203,.T.);
#3568 = ORIENTED_EDGE('',*,*,#1234,.F.);
#3569 = ORIENTED_EDGE('',*,*,#1172,.F.);
#3570 = FACE_BOUND('',#3571,.T.);
#3571 = EDGE_LOOP('',(#3572,#3573,#3574,#3575));
#3572 = ORIENTED_EDGE('',*,*,#709,.T.);
#3573 = ORIENTED_EDGE('',*,*,#771,.T.);
#3574 = ORIENTED_EDGE('',*,*,#802,.F.);
#3575 = ORIENTED_EDGE('',*,*,#740,.F.);
#3576 = FACE_BOUND('',#3577,.T.);
#3577 = EDGE_LOOP('',(#3578,#3579,#3580,#3581));
#3578 = ORIENTED_EDGE('',*,*,#31,.T.);
#3579 = ORIENTED_EDGE('',*,*,#93,.T.);
#3580 = ORIENTED_EDGE('',*,*,#124,.F.);
#3581 = ORIENTED_EDGE('',*,*,#62,.F.);
#3582 = FACE_BOUND('',#3583,.T.);
#3583 = EDGE_LOOP('',(#3584,#3585,#3586,#3587));
#3584 = ORIENTED_EDGE('',*,*,#397,.T.);
#3585 = ORIENTED_EDGE('',*,*,#459,.T.);
#3586 = ORIENTED_EDGE('',*,*,#490,.F.);
#3587 = ORIENTED_EDGE('',*,*,#428,.F.);
#3588 = FACE_BOUND('',#3589,.T.);
#3589 = EDGE_LOOP('',(#3590,#3591,#3592,#3593));
#3590 = ORIENTED_EDGE('',*,*,#3360,.T.);
#3591 = ORIENTED_EDGE('',*,*,#3422,.T.);
#3592 = ORIENTED_EDGE('',*,*,#3453,.F.);
#3593 = ORIENTED_EDGE('',*,*,#3391,.F.);
#3594 = FACE_BOUND('',#3595,.T.);
#3595 = EDGE_LOOP('',(#3596));
#3596 = ORIENTED_EDGE('',*,*,#2722,.F.);
#3597 = FACE_BOUND('',#3598,.T.);
#3598 = EDGE_LOOP('',(#3599));
#3599 = ORIENTED_EDGE('',*,*,#2767,.F.);
#3600 = FACE_BOUND('',#3601,.T.);
#3601 = EDGE_LOOP('',(#3602));
#3602 = ORIENTED_EDGE('',*,*,#2812,.F.);
#3603 = FACE_BOUND('',#3604,.T.);
#3604 = EDGE_LOOP('',(#3605));
#3605 = ORIENTED_EDGE('',*,*,#2857,.F.);
#3606 = PLANE('',#3607);
#3607 = AXIS2_PLACEMENT_3D('',#3608,#3609,#3610);
#3608 = CARTESIAN_POINT('',(-6.020061820911E-15,44.,1.580266227989E-15)
  );
#3609 = DIRECTION('',(-0.,-1.,2.626395497091E-15));
#3610 = DIRECTION('',(0.,-2.626395497091E-15,-1.));
#3611 = ( GEOMETRIC_REPRESENTATION_CONTEXT(3) 
GLOBAL_UNCERTAINTY_ASSIGNED_CONTEXT((#3615)) 
GLOBAL_UNIT_ASSIGNED_CONTEXT((#3612,#3613,#3614)) REPRESENTATION_CONTEXT
('Context #1','3D Context with UNIT and UNCERTAINTY') );
#3612 = ( LENGTH_UNIT() NAMED_UNIT(*) SI_UNIT(.MILLI.,.METRE.) );
#3613 = ( NAMED_UNIT(*) PLANE_ANGLE_UNIT() SI_UNIT($,.RADIAN.) );
#3614 = ( NAMED_UNIT(*) SI_UNIT($,.STERADIAN.) SOLID_ANGLE_UNIT() );
#3615 = UNCERTAINTY_MEASURE_WITH_UNIT(LENGTH_MEASURE(2.E-05),#3612,
  'distance_accuracy_value','confusion accuracy');
#3616 = PRODUCT_RELATED_PRODUCT_CATEGORY('part',$,(#7));
ENDSEC;
END-ISO-10303-21;
