
 /----------------------------------------------------------------------------\
 |  yosys -- Yosys Open SYnthesis Suite                                       |
 |  Copyright (C) 2012 - 2025  Claire Xenia Wolf <claire@yosyshq.com>         |
 |  Distributed under an ISC-like license, type "license" to see terms        |
 \----------------------------------------------------------------------------/
 Yosys 0.52 (git sha1 fee39a3284c90249e1d9684cf6944ffbbcbb8f90)

-- Running command `read_verilog rtl/va_common.v rtl/va_ultrasonic.v rtl/va_alerts.v rtl/va_pilink.v rtl/visionaid_top.v; synth_gowin -top visionaid_top -json impl/visionaid_synth.json' --

1. Executing Verilog-2005 frontend: rtl/va_common.v
Parsing Verilog input from `rtl/va_common.v' to AST representation.
Generating RTLIL representation for module `\va_sync'.
Generating RTLIL representation for module `\va_tick'.
Generating RTLIL representation for module `\va_debounce'.
Generating RTLIL representation for module `\va_uart_rx'.
Generating RTLIL representation for module `\va_uart_tx'.
Successfully finished Verilog frontend.

2. Executing Verilog-2005 frontend: rtl/va_ultrasonic.v
Parsing Verilog input from `rtl/va_ultrasonic.v' to AST representation.
Generating RTLIL representation for module `\va_ultrasonic'.
Successfully finished Verilog frontend.

3. Executing Verilog-2005 frontend: rtl/va_alerts.v
Parsing Verilog input from `rtl/va_alerts.v' to AST representation.
Generating RTLIL representation for module `\va_zone'.
Generating RTLIL representation for module `\va_haptic'.
Generating RTLIL representation for module `\va_lidar'.
Generating RTLIL representation for module `\va_watchdog'.
Successfully finished Verilog frontend.

4. Executing Verilog-2005 frontend: rtl/va_pilink.v
Parsing Verilog input from `rtl/va_pilink.v' to AST representation.
Generating RTLIL representation for module `\va_pilink'.
Warning: Replacing memory \frame with list of registers. See rtl/va_pilink.v:79
Successfully finished Verilog frontend.

5. Executing Verilog-2005 frontend: rtl/visionaid_top.v
Parsing Verilog input from `rtl/visionaid_top.v' to AST representation.
Generating RTLIL representation for module `\visionaid_top'.
Successfully finished Verilog frontend.

6. Executing SYNTH_GOWIN pass.

6.1. Executing Verilog-2005 frontend: /home/aman/Desktop/viswakarma/biothon/visiion aid/submission/tools/eda-root/usr/bin/../share/yosys/gowin/cells_sim.v
Parsing Verilog input from `/home/aman/Desktop/viswakarma/biothon/visiion aid/submission/tools/eda-root/usr/bin/../share/yosys/gowin/cells_sim.v' to AST representation.
Generating RTLIL representation for module `\LUT1'.
Generating RTLIL representation for module `\LUT2'.
Generating RTLIL representation for module `\LUT3'.
Generating RTLIL representation for module `\LUT4'.
Generating RTLIL representation for module `\__APICULA_LUT5'.
Generating RTLIL representation for module `\__APICULA_LUT6'.
Generating RTLIL representation for module `\__APICULA_LUT7'.
Generating RTLIL representation for module `\__APICULA_LUT8'.
Generating RTLIL representation for module `\MUX2'.
Generating RTLIL representation for module `\MUX2_LUT5'.
Generating RTLIL representation for module `\MUX2_LUT6'.
Generating RTLIL representation for module `\MUX2_LUT7'.
Generating RTLIL representation for module `\MUX2_LUT8'.
Generating RTLIL representation for module `\DFF'.
Generating RTLIL representation for module `\DFFE'.
Generating RTLIL representation for module `\DFFS'.
Generating RTLIL representation for module `\DFFSE'.
Generating RTLIL representation for module `\DFFR'.
Generating RTLIL representation for module `\DFFRE'.
Generating RTLIL representation for module `\DFFP'.
Generating RTLIL representation for module `\DFFPE'.
Generating RTLIL representation for module `\DFFC'.
Generating RTLIL representation for module `\DFFCE'.
Generating RTLIL representation for module `\DFFN'.
Generating RTLIL representation for module `\DFFNE'.
Generating RTLIL representation for module `\DFFNS'.
Generating RTLIL representation for module `\DFFNSE'.
Generating RTLIL representation for module `\DFFNR'.
Generating RTLIL representation for module `\DFFNRE'.
Generating RTLIL representation for module `\DFFNP'.
Generating RTLIL representation for module `\DFFNPE'.
Generating RTLIL representation for module `\DFFNC'.
Generating RTLIL representation for module `\DFFNCE'.
Generating RTLIL representation for module `\VCC'.
Generating RTLIL representation for module `\GND'.
Generating RTLIL representation for module `\IBUF'.
Generating RTLIL representation for module `\OBUF'.
Generating RTLIL representation for module `\TBUF'.
Generating RTLIL representation for module `\IOBUF'.
Generating RTLIL representation for module `\ELVDS_OBUF'.
Generating RTLIL representation for module `\TLVDS_OBUF'.
Generating RTLIL representation for module `\OSER4'.
Generating RTLIL representation for module `\OSER4_MEM'.
Generating RTLIL representation for module `\OSER8'.
Generating RTLIL representation for module `\OSER10'.
Generating RTLIL representation for module `\OVIDEO'.
Generating RTLIL representation for module `\OSER16'.
Generating RTLIL representation for module `\IDES4'.
Generating RTLIL representation for module `\IDES4_MEM'.
Generating RTLIL representation for module `\IDES8'.
Generating RTLIL representation for module `\IDES10'.
Generating RTLIL representation for module `\IVIDEO'.
Generating RTLIL representation for module `\IDES16'.
Generating RTLIL representation for module `\IDDR'.
Generating RTLIL representation for module `\IDDRC'.
Generating RTLIL representation for module `\DQS'.
Generating RTLIL representation for module `\ODDR'.
Generating RTLIL representation for module `\ODDRC'.
Generating RTLIL representation for module `\GSR'.
Generating RTLIL representation for module `\BANDGAP'.
Generating RTLIL representation for module `\ALU'.
Generating RTLIL representation for module `\RAM16S1'.
Generating RTLIL representation for module `\RAM16S2'.
Generating RTLIL representation for module `\RAM16S4'.
Generating RTLIL representation for module `\RAM16SDP1'.
Generating RTLIL representation for module `\RAM16SDP2'.
Generating RTLIL representation for module `\RAM16SDP4'.
Generating RTLIL representation for module `\SP'.
Generating RTLIL representation for module `\SPX9'.
Generating RTLIL representation for module `\SDP'.
Generating RTLIL representation for module `\SDPX9'.
Generating RTLIL representation for module `\DP'.
Generating RTLIL representation for module `\DPX9'.
Generating RTLIL representation for module `\rPLL'.
Generating RTLIL representation for module `\PLLVR'.
Generating RTLIL representation for module `\OSC'.
Generating RTLIL representation for module `\OSCZ'.
Generating RTLIL representation for module `\OSCF'.
Generating RTLIL representation for module `\OSCH'.
Generating RTLIL representation for module `\OSCW'.
Generating RTLIL representation for module `\OSCO'.
Generating RTLIL representation for module `\DCS'.
Generating RTLIL representation for module `\EMCU'.
Successfully finished Verilog frontend.

6.2. Executing Verilog-2005 frontend: /home/aman/Desktop/viswakarma/biothon/visiion aid/submission/tools/eda-root/usr/bin/../share/yosys/gowin/cells_xtra_gw1n.v
Parsing Verilog input from `/home/aman/Desktop/viswakarma/biothon/visiion aid/submission/tools/eda-root/usr/bin/../share/yosys/gowin/cells_xtra_gw1n.v' to AST representation.
Generating RTLIL representation for module `\LUT5'.
Generating RTLIL representation for module `\LUT6'.
Generating RTLIL representation for module `\LUT7'.
Generating RTLIL representation for module `\LUT8'.
Generating RTLIL representation for module `\INV'.
Generating RTLIL representation for module `\IODELAY'.
Generating RTLIL representation for module `\IEM'.
Generating RTLIL representation for module `\ROM16'.
Generating RTLIL representation for module `\ROM'.
Generating RTLIL representation for module `\ROMX9'.
Generating RTLIL representation for module `\pROM'.
Generating RTLIL representation for module `\pROMX9'.
Generating RTLIL representation for module `\SDPB'.
Generating RTLIL representation for module `\SDPX9B'.
Generating RTLIL representation for module `\DPB'.
Generating RTLIL representation for module `\DPX9B'.
Generating RTLIL representation for module `\PADD18'.
Generating RTLIL representation for module `\PADD9'.
Generating RTLIL representation for module `\MULT9X9'.
Generating RTLIL representation for module `\MULT18X18'.
Generating RTLIL representation for module `\MULT36X36'.
Generating RTLIL representation for module `\MULTALU36X18'.
Generating RTLIL representation for module `\MULTADDALU18X18'.
Generating RTLIL representation for module `\MULTALU18X18'.
Generating RTLIL representation for module `\ALU54D'.
Generating RTLIL representation for module `\BUFG'.
Generating RTLIL representation for module `\BUFS'.
Generating RTLIL representation for module `\PLL'.
Generating RTLIL representation for module `\TLVDS_IBUF'.
Generating RTLIL representation for module `\TLVDS_TBUF'.
Generating RTLIL representation for module `\TLVDS_IOBUF'.
Generating RTLIL representation for module `\ELVDS_IBUF'.
Generating RTLIL representation for module `\ELVDS_TBUF'.
Generating RTLIL representation for module `\ELVDS_IOBUF'.
Generating RTLIL representation for module `\MIPI_IBUF'.
Generating RTLIL representation for module `\MIPI_IBUF_HS'.
Generating RTLIL representation for module `\MIPI_IBUF_LP'.
Generating RTLIL representation for module `\MIPI_OBUF'.
Generating RTLIL representation for module `\MIPI_OBUF_A'.
Generating RTLIL representation for module `\ELVDS_IBUF_MIPI'.
Generating RTLIL representation for module `\I3C_IOBUF'.
Generating RTLIL representation for module `\CLKDIV'.
Generating RTLIL representation for module `\DHCEN'.
Generating RTLIL representation for module `\DLLDLY'.
Generating RTLIL representation for module `\FLASH96K'.
Generating RTLIL representation for module `\FLASH256K'.
Generating RTLIL representation for module `\FLASH608K'.
Generating RTLIL representation for module `\DQCE'.
Generating RTLIL representation for module `\CLKDIV2'.
Generating RTLIL representation for module `\DHCENC'.
Generating RTLIL representation for module `\FLASH64K'.
Generating RTLIL representation for module `\FLASH64KZ'.
Successfully finished Verilog frontend.

6.3. Executing HIERARCHY pass (managing design hierarchy).

6.3.1. Analyzing design hierarchy..
Top module:  \visionaid_top
Used module:     \va_pilink
Used module:         \va_uart_tx
Used module:         \va_uart_rx
Used module:     \va_watchdog
Used module:     \va_haptic
Used module:     \va_zone
Used module:     \va_debounce
Used module:     \va_lidar
Used module:     \va_ultrasonic
Used module:     \va_sync
Used module:     \va_tick
Parameter \CLKS_PER_BIT = 234

6.3.2. Executing AST frontend in derive mode using pre-parsed AST for module `\va_uart_tx'.
Parameter \CLKS_PER_BIT = 234
Generating RTLIL representation for module `$paramod\va_uart_tx\CLKS_PER_BIT=s32'00000000000000000000000011101010'.
Parameter \CLKS_PER_BIT = 234

6.3.3. Executing AST frontend in derive mode using pre-parsed AST for module `\va_uart_rx'.
Parameter \CLKS_PER_BIT = 234
Generating RTLIL representation for module `$paramod\va_uart_rx\CLKS_PER_BIT=s32'00000000000000000000000011101010'.
Reprocessing module va_pilink because instantiated module $paramod\va_uart_tx\CLKS_PER_BIT=s32'00000000000000000000000011101010 has become available.
Generating RTLIL representation for module `\va_pilink'.
Warning: Replacing memory \frame with list of registers. See rtl/va_pilink.v:79
Parameter \CLKS_PER_BIT = 234

6.3.4. Executing AST frontend in derive mode using pre-parsed AST for module `\va_pilink'.
Parameter \CLKS_PER_BIT = 234
Generating RTLIL representation for module `$paramod\va_pilink\CLKS_PER_BIT=s32'00000000000000000000000011101010'.
Warning: Replacing memory \frame with list of registers. See rtl/va_pilink.v:79
Parameter \TIMEOUT_MS = 750

6.3.5. Executing AST frontend in derive mode using pre-parsed AST for module `\va_watchdog'.
Parameter \TIMEOUT_MS = 750
Generating RTLIL representation for module `$paramod\va_watchdog\TIMEOUT_MS=s32'00000000000000000000001011101110'.
Parameter \CLKS_PER_BIT = 234
Found cached RTLIL representation for module `$paramod\va_uart_rx\CLKS_PER_BIT=s32'00000000000000000000000011101010'.
Parameter \SLOT_US = 33000

6.3.6. Executing AST frontend in derive mode using pre-parsed AST for module `\va_ultrasonic'.
Parameter \SLOT_US = 33000
Generating RTLIL representation for module `$paramod\va_ultrasonic\SLOT_US=s32'00000000000000001000000011101000'.
Parameter \RESET_VAL = 1'1

6.3.7. Executing AST frontend in derive mode using pre-parsed AST for module `\va_sync'.
Parameter \RESET_VAL = 1'1
Generating RTLIL representation for module `$paramod\va_sync\RESET_VAL=1'1'.
Parameter \RESET_VAL = 1'1
Found cached RTLIL representation for module `$paramod\va_sync\RESET_VAL=1'1'.
Parameter \RESET_VAL = 1'1
Found cached RTLIL representation for module `$paramod\va_sync\RESET_VAL=1'1'.
Parameter \RESET_VAL = 1'1
Found cached RTLIL representation for module `$paramod\va_sync\RESET_VAL=1'1'.
Parameter \RESET_VAL = 1'1
Found cached RTLIL representation for module `$paramod\va_sync\RESET_VAL=1'1'.
Parameter \DIV = 27

6.3.8. Executing AST frontend in derive mode using pre-parsed AST for module `\va_tick'.
Parameter \DIV = 27
Generating RTLIL representation for module `$paramod\va_tick\DIV=s32'00000000000000000000000000011011'.

6.3.9. Analyzing design hierarchy..
Top module:  \visionaid_top
Used module:     $paramod\va_pilink\CLKS_PER_BIT=s32'00000000000000000000000011101010
Used module:         \va_uart_tx
Used module:         \va_uart_rx
Used module:     $paramod\va_watchdog\TIMEOUT_MS=s32'00000000000000000000001011101110
Used module:     \va_haptic
Used module:     \va_zone
Used module:     \va_debounce
Used module:     \va_lidar
Used module:     $paramod\va_uart_rx\CLKS_PER_BIT=s32'00000000000000000000000011101010
Used module:     $paramod\va_ultrasonic\SLOT_US=s32'00000000000000001000000011101000
Used module:     $paramod\va_sync\RESET_VAL=1'1
Used module:     \va_sync
Used module:     $paramod\va_tick\DIV=s32'00000000000000000000000000011011
Parameter \CLKS_PER_BIT = 234
Found cached RTLIL representation for module `$paramod\va_uart_tx\CLKS_PER_BIT=s32'00000000000000000000000011101010'.
Parameter \CLKS_PER_BIT = 234
Found cached RTLIL representation for module `$paramod\va_uart_rx\CLKS_PER_BIT=s32'00000000000000000000000011101010'.

6.3.10. Analyzing design hierarchy..
Top module:  \visionaid_top
Used module:     $paramod\va_pilink\CLKS_PER_BIT=s32'00000000000000000000000011101010
Used module:         $paramod\va_uart_tx\CLKS_PER_BIT=s32'00000000000000000000000011101010
Used module:         $paramod\va_uart_rx\CLKS_PER_BIT=s32'00000000000000000000000011101010
Used module:     $paramod\va_watchdog\TIMEOUT_MS=s32'00000000000000000000001011101110
Used module:     \va_haptic
Used module:     \va_zone
Used module:     \va_debounce
Used module:     \va_lidar
Used module:     $paramod\va_ultrasonic\SLOT_US=s32'00000000000000001000000011101000
Used module:     $paramod\va_sync\RESET_VAL=1'1
Used module:     \va_sync
Used module:     $paramod\va_tick\DIV=s32'00000000000000000000000000011011

6.3.11. Analyzing design hierarchy..
Top module:  \visionaid_top
Used module:     $paramod\va_pilink\CLKS_PER_BIT=s32'00000000000000000000000011101010
Used module:         $paramod\va_uart_tx\CLKS_PER_BIT=s32'00000000000000000000000011101010
Used module:         $paramod\va_uart_rx\CLKS_PER_BIT=s32'00000000000000000000000011101010
Used module:     $paramod\va_watchdog\TIMEOUT_MS=s32'00000000000000000000001011101110
Used module:     \va_haptic
Used module:     \va_zone
Used module:     \va_debounce
Used module:     \va_lidar
Used module:     $paramod\va_ultrasonic\SLOT_US=s32'00000000000000001000000011101000
Used module:     $paramod\va_sync\RESET_VAL=1'1
Used module:     \va_sync
Used module:     $paramod\va_tick\DIV=s32'00000000000000000000000000011011
Removing unused module `\va_pilink'.
Removing unused module `\va_watchdog'.
Removing unused module `\va_ultrasonic'.
Removing unused module `\va_uart_tx'.
Removing unused module `\va_uart_rx'.
Removing unused module `\va_tick'.
Removed 6 unused modules.

6.4. Executing PROC pass (convert processes to netlists).

6.4.1. Executing PROC_CLEAN pass (remove empty switches from decision trees).
Found and cleaned up 1 empty switch in `\ALU.$proc$/home/aman/Desktop/viswakarma/biothon/visiion$20aid/submission/tools/eda-root/usr/bin/../share/yosys/gowin/cells_sim.v:969$564'.
Cleaned up 1 empty switch.

6.4.2. Executing PROC_RMDEAD pass (remove dead branches from decision trees).
Marked 3 switch rules as full_case in process $proc$rtl/va_common.v:127$677 in module $paramod\va_uart_tx\CLKS_PER_BIT=s32'00000000000000000000000011101010.
Marked 1 switch rules as full_case in process $proc$/home/aman/Desktop/viswakarma/biothon/visiion$20aid/submission/tools/eda-root/usr/bin/../share/yosys/gowin/cells_sim.v:1126$624 in module RAM16S4.
Marked 1 switch rules as full_case in process $proc$/home/aman/Desktop/viswakarma/biothon/visiion$20aid/submission/tools/eda-root/usr/bin/../share/yosys/gowin/cells_sim.v:1081$588 in module RAM16S2.
Marked 1 switch rules as full_case in process $proc$/home/aman/Desktop/viswakarma/biothon/visiion$20aid/submission/tools/eda-root/usr/bin/../share/yosys/gowin/cells_sim.v:1043$569 in module RAM16S1.
Marked 1 switch rules as full_case in process $proc$/home/aman/Desktop/viswakarma/biothon/visiion$20aid/submission/tools/eda-root/usr/bin/../share/yosys/gowin/cells_sim.v:535$560 in module DFFNCE.
Marked 1 switch rules as full_case in process $proc$/home/aman/Desktop/viswakarma/biothon/visiion$20aid/submission/tools/eda-root/usr/bin/../share/yosys/gowin/cells_sim.v:515$558 in module DFFNC.
Marked 1 switch rules as full_case in process $proc$/home/aman/Desktop/viswakarma/biothon/visiion$20aid/submission/tools/eda-root/usr/bin/../share/yosys/gowin/cells_sim.v:496$556 in module DFFNPE.
Marked 1 switch rules as full_case in process $proc$/home/aman/Desktop/viswakarma/biothon/visiion$20aid/submission/tools/eda-root/usr/bin/../share/yosys/gowin/cells_sim.v:476$554 in module DFFNP.
Marked 1 switch rules as full_case in process $proc$/home/aman/Desktop/viswakarma/biothon/visiion$20aid/submission/tools/eda-root/usr/bin/../share/yosys/gowin/cells_sim.v:457$552 in module DFFNRE.
Marked 1 switch rules as full_case in process $proc$/home/aman/Desktop/viswakarma/biothon/visiion$20aid/submission/tools/eda-root/usr/bin/../share/yosys/gowin/cells_sim.v:437$550 in module DFFNR.
Marked 1 switch rules as full_case in process $proc$/home/aman/Desktop/viswakarma/biothon/visiion$20aid/submission/tools/eda-root/usr/bin/../share/yosys/gowin/cells_sim.v:418$548 in module DFFNSE.
Marked 1 switch rules as full_case in process $proc$/home/aman/Desktop/viswakarma/biothon/visiion$20aid/submission/tools/eda-root/usr/bin/../share/yosys/gowin/cells_sim.v:398$546 in module DFFNS.
Marked 1 switch rules as full_case in process $proc$/home/aman/Desktop/viswakarma/biothon/visiion$20aid/submission/tools/eda-root/usr/bin/../share/yosys/gowin/cells_sim.v:348$540 in module DFFCE.
Marked 1 switch rules as full_case in process $proc$/home/aman/Desktop/viswakarma/biothon/visiion$20aid/submission/tools/eda-root/usr/bin/../share/yosys/gowin/cells_sim.v:328$538 in module DFFC.
Marked 1 switch rules as full_case in process $proc$/home/aman/Desktop/viswakarma/biothon/visiion$20aid/submission/tools/eda-root/usr/bin/../share/yosys/gowin/cells_sim.v:309$536 in module DFFPE.
Marked 1 switch rules as full_case in process $proc$/home/aman/Desktop/viswakarma/biothon/visiion$20aid/submission/tools/eda-root/usr/bin/../share/yosys/gowin/cells_sim.v:289$534 in module DFFP.
Marked 1 switch rules as full_case in process $proc$/home/aman/Desktop/viswakarma/biothon/visiion$20aid/submission/tools/eda-root/usr/bin/../share/yosys/gowin/cells_sim.v:270$532 in module DFFRE.
Marked 1 switch rules as full_case in process $proc$/home/aman/Desktop/viswakarma/biothon/visiion$20aid/submission/tools/eda-root/usr/bin/../share/yosys/gowin/cells_sim.v:250$530 in module DFFR.
Marked 1 switch rules as full_case in process $proc$/home/aman/Desktop/viswakarma/biothon/visiion$20aid/submission/tools/eda-root/usr/bin/../share/yosys/gowin/cells_sim.v:231$528 in module DFFSE.
Marked 1 switch rules as full_case in process $proc$/home/aman/Desktop/viswakarma/biothon/visiion$20aid/submission/tools/eda-root/usr/bin/../share/yosys/gowin/cells_sim.v:211$526 in module DFFS.
Marked 2 switch rules as full_case in process $proc$rtl/visionaid_top.v:117$309 in module visionaid_top.
Marked 1 switch rules as full_case in process $proc$rtl/visionaid_top.v:89$288 in module visionaid_top.
Marked 2 switch rules as full_case in process $proc$rtl/visionaid_top.v:46$285 in module visionaid_top.
Marked 5 switch rules as full_case in process $proc$rtl/va_common.v:85$683 in module $paramod\va_uart_rx\CLKS_PER_BIT=s32'00000000000000000000000011101010.
Removed 1 dead cases from process $proc$rtl/va_ultrasonic.v:40$790 in module $paramod\va_ultrasonic\SLOT_US=s32'00000000000000001000000011101000.
Marked 8 switch rules as full_case in process $proc$rtl/va_ultrasonic.v:40$790 in module $paramod\va_ultrasonic\SLOT_US=s32'00000000000000001000000011101000.
Marked 9 switch rules as full_case in process $proc$rtl/va_alerts.v:93$192 in module va_lidar.
Marked 1 switch rules as full_case in process $proc$rtl/va_alerts.v:56$187 in module va_haptic.
Marked 2 switch rules as full_case in process $proc$rtl/va_alerts.v:46$180 in module va_haptic.
Marked 2 switch rules as full_case in process $proc$rtl/va_alerts.v:17$172 in module va_zone.
Marked 3 switch rules as full_case in process $proc$rtl/va_alerts.v:143$772 in module $paramod\va_watchdog\TIMEOUT_MS=s32'00000000000000000000001011101110.
Marked 1 switch rules as full_case in process $proc$rtl/va_pilink.v:0$769 in module $paramod\va_pilink\CLKS_PER_BIT=s32'00000000000000000000000011101010.
Marked 3 switch rules as full_case in process $proc$rtl/va_pilink.v:70$747 in module $paramod\va_pilink\CLKS_PER_BIT=s32'00000000000000000000000011101010.
Marked 2 switch rules as full_case in process $proc$rtl/va_pilink.v:33$735 in module $paramod\va_pilink\CLKS_PER_BIT=s32'00000000000000000000000011101010.
Marked 1 switch rules as full_case in process $proc$rtl/va_common.v:13$908 in module $paramod\va_sync\RESET_VAL=1'1.
Marked 3 switch rules as full_case in process $proc$rtl/va_common.v:53$5 in module va_debounce.
Marked 2 switch rules as full_case in process $proc$rtl/va_common.v:28$909 in module $paramod\va_tick\DIV=s32'00000000000000000000000000011011.
Marked 1 switch rules as full_case in process $proc$rtl/va_common.v:13$1 in module va_sync.
Removed a total of 1 dead cases.

6.4.3. Executing PROC_PRUNE pass (remove redundant assignments in processes).
Removed 18 redundant assignments.
Promoted 80 assignments to connections.

6.4.4. Executing PROC_INIT pass (extract init attributes).
Found init rule in `\RAM16S4.$proc$/home/aman/Desktop/viswakarma/biothon/visiion$20aid/submission/tools/eda-root/usr/bin/../share/yosys/gowin/cells_sim.v:0$669'.
  Set init value: \mem0 = 16'0000000000000000
  Set init value: \mem1 = 16'0000000000000000
  Set init value: \mem2 = 16'0000000000000000
  Set init value: \mem3 = 16'0000000000000000
Found init rule in `\RAM16S2.$proc$/home/aman/Desktop/viswakarma/biothon/visiion$20aid/submission/tools/eda-root/usr/bin/../share/yosys/gowin/cells_sim.v:0$611'.
  Set init value: \mem0 = 16'0000000000000000
  Set init value: \mem1 = 16'0000000000000000
Found init rule in `\RAM16S1.$proc$/home/aman/Desktop/viswakarma/biothon/visiion$20aid/submission/tools/eda-root/usr/bin/../share/yosys/gowin/cells_sim.v:0$581'.
  Set init value: \mem = 16'0000000000000000
Found init rule in `\DFFNCE.$proc$/home/aman/Desktop/viswakarma/biothon/visiion$20aid/submission/tools/eda-root/usr/bin/../share/yosys/gowin/cells_sim.v:0$561'.
  Set init value: \Q = 1'0
Found init rule in `\DFFNC.$proc$/home/aman/Desktop/viswakarma/biothon/visiion$20aid/submission/tools/eda-root/usr/bin/../share/yosys/gowin/cells_sim.v:0$559'.
  Set init value: \Q = 1'0
Found init rule in `\DFFNPE.$proc$/home/aman/Desktop/viswakarma/biothon/visiion$20aid/submission/tools/eda-root/usr/bin/../share/yosys/gowin/cells_sim.v:0$557'.
  Set init value: \Q = 1'1
Found init rule in `\DFFNP.$proc$/home/aman/Desktop/viswakarma/biothon/visiion$20aid/submission/tools/eda-root/usr/bin/../share/yosys/gowin/cells_sim.v:0$555'.
  Set init value: \Q = 1'1
Found init rule in `\DFFNRE.$proc$/home/aman/Desktop/viswakarma/biothon/visiion$20aid/submission/tools/eda-root/usr/bin/../share/yosys/gowin/cells_sim.v:0$553'.
  Set init value: \Q = 1'0
Found init rule in `\DFFNR.$proc$/home/aman/Desktop/viswakarma/biothon/visiion$20aid/submission/tools/eda-root/usr/bin/../share/yosys/gowin/cells_sim.v:0$551'.
  Set init value: \Q = 1'0
Found init rule in `\DFFNSE.$proc$/home/aman/Desktop/viswakarma/biothon/visiion$20aid/submission/tools/eda-root/usr/bin/../share/yosys/gowin/cells_sim.v:0$549'.
  Set init value: \Q = 1'1
Found init rule in `\DFFNS.$proc$/home/aman/Desktop/viswakarma/biothon/visiion$20aid/submission/tools/eda-root/usr/bin/../share/yosys/gowin/cells_sim.v:0$547'.
  Set init value: \Q = 1'1
Found init rule in `\DFFNE.$proc$/home/aman/Desktop/viswakarma/biothon/visiion$20aid/submission/tools/eda-root/usr/bin/../share/yosys/gowin/cells_sim.v:0$545'.
  Set init value: \Q = 1'0
Found init rule in `\DFFN.$proc$/home/aman/Desktop/viswakarma/biothon/visiion$20aid/submission/tools/eda-root/usr/bin/../share/yosys/gowin/cells_sim.v:0$543'.
  Set init value: \Q = 1'0
Found init rule in `\DFFCE.$proc$/home/aman/Desktop/viswakarma/biothon/visiion$20aid/submission/tools/eda-root/usr/bin/../share/yosys/gowin/cells_sim.v:0$541'.
  Set init value: \Q = 1'0
Found init rule in `\DFFC.$proc$/home/aman/Desktop/viswakarma/biothon/visiion$20aid/submission/tools/eda-root/usr/bin/../share/yosys/gowin/cells_sim.v:0$539'.
  Set init value: \Q = 1'0
Found init rule in `\DFFPE.$proc$/home/aman/Desktop/viswakarma/biothon/visiion$20aid/submission/tools/eda-root/usr/bin/../share/yosys/gowin/cells_sim.v:0$537'.
  Set init value: \Q = 1'1
Found init rule in `\DFFP.$proc$/home/aman/Desktop/viswakarma/biothon/visiion$20aid/submission/tools/eda-root/usr/bin/../share/yosys/gowin/cells_sim.v:0$535'.
  Set init value: \Q = 1'1
Found init rule in `\DFFRE.$proc$/home/aman/Desktop/viswakarma/biothon/visiion$20aid/submission/tools/eda-root/usr/bin/../share/yosys/gowin/cells_sim.v:0$533'.
  Set init value: \Q = 1'0
Found init rule in `\DFFR.$proc$/home/aman/Desktop/viswakarma/biothon/visiion$20aid/submission/tools/eda-root/usr/bin/../share/yosys/gowin/cells_sim.v:0$531'.
  Set init value: \Q = 1'0
Found init rule in `\DFFSE.$proc$/home/aman/Desktop/viswakarma/biothon/visiion$20aid/submission/tools/eda-root/usr/bin/../share/yosys/gowin/cells_sim.v:0$529'.
  Set init value: \Q = 1'1
Found init rule in `\DFFS.$proc$/home/aman/Desktop/viswakarma/biothon/visiion$20aid/submission/tools/eda-root/usr/bin/../share/yosys/gowin/cells_sim.v:0$527'.
  Set init value: \Q = 1'1
Found init rule in `\DFFE.$proc$/home/aman/Desktop/viswakarma/biothon/visiion$20aid/submission/tools/eda-root/usr/bin/../share/yosys/gowin/cells_sim.v:0$525'.
  Set init value: \Q = 1'0
Found init rule in `\DFF.$proc$/home/aman/Desktop/viswakarma/biothon/visiion$20aid/submission/tools/eda-root/usr/bin/../share/yosys/gowin/cells_sim.v:0$523'.
  Set init value: \Q = 1'0
Found init rule in `\visionaid_top.$proc$rtl/visionaid_top.v:38$338'.
  Set init value: \rst_sh = 4'1111

6.4.5. Executing PROC_ARST pass (detect async resets in processes).
Found async reset \CLEAR in `\DFFNCE.$proc$/home/aman/Desktop/viswakarma/biothon/visiion$20aid/submission/tools/eda-root/usr/bin/../share/yosys/gowin/cells_sim.v:535$560'.
Found async reset \CLEAR in `\DFFNC.$proc$/home/aman/Desktop/viswakarma/biothon/visiion$20aid/submission/tools/eda-root/usr/bin/../share/yosys/gowin/cells_sim.v:515$558'.
Found async reset \PRESET in `\DFFNPE.$proc$/home/aman/Desktop/viswakarma/biothon/visiion$20aid/submission/tools/eda-root/usr/bin/../share/yosys/gowin/cells_sim.v:496$556'.
Found async reset \PRESET in `\DFFNP.$proc$/home/aman/Desktop/viswakarma/biothon/visiion$20aid/submission/tools/eda-root/usr/bin/../share/yosys/gowin/cells_sim.v:476$554'.
Found async reset \CLEAR in `\DFFCE.$proc$/home/aman/Desktop/viswakarma/biothon/visiion$20aid/submission/tools/eda-root/usr/bin/../share/yosys/gowin/cells_sim.v:348$540'.
Found async reset \CLEAR in `\DFFC.$proc$/home/aman/Desktop/viswakarma/biothon/visiion$20aid/submission/tools/eda-root/usr/bin/../share/yosys/gowin/cells_sim.v:328$538'.
Found async reset \PRESET in `\DFFPE.$proc$/home/aman/Desktop/viswakarma/biothon/visiion$20aid/submission/tools/eda-root/usr/bin/../share/yosys/gowin/cells_sim.v:309$536'.
Found async reset \PRESET in `\DFFP.$proc$/home/aman/Desktop/viswakarma/biothon/visiion$20aid/submission/tools/eda-root/usr/bin/../share/yosys/gowin/cells_sim.v:289$534'.

6.4.6. Executing PROC_ROM pass (convert switches to ROMs).
Converted 0 switches.
<suppressed ~99 debug messages>

6.4.7. Executing PROC_MUX pass (convert decision trees to multiplexers).
Creating decoders for process `$paramod\va_uart_tx\CLKS_PER_BIT=s32'00000000000000000000000011101010.$proc$rtl/va_common.v:127$677'.
     1/5: $0\tx[0:0]
     2/5: $0\active[0:0]
     3/5: $0\sh[9:0]
     4/5: $0\bitn[3:0]
     5/5: $0\cnt[8:0]
Creating decoders for process `\RAM16S4.$proc$/home/aman/Desktop/viswakarma/biothon/visiion$20aid/submission/tools/eda-root/usr/bin/../share/yosys/gowin/cells_sim.v:0$669'.
Creating decoders for process `\RAM16S4.$proc$/home/aman/Desktop/viswakarma/biothon/visiion$20aid/submission/tools/eda-root/usr/bin/../share/yosys/gowin/cells_sim.v:1126$624'.
     1/8: $1$lookahead\mem3$623[15:0]$640
     2/8: $1$bitselwrite$pos$/home/aman/Desktop/viswakarma/biothon/visiion$20aid/submission/tools/eda-root/usr/bin/../share/yosys/gowin/cells_sim.v:1131$615[3:0]$636
     3/8: $1$lookahead\mem2$622[15:0]$639
     4/8: $1$bitselwrite$pos$/home/aman/Desktop/viswakarma/biothon/visiion$20aid/submission/tools/eda-root/usr/bin/../share/yosys/gowin/cells_sim.v:1130$614[3:0]$635
     5/8: $1$lookahead\mem1$621[15:0]$638
     6/8: $1$bitselwrite$pos$/home/aman/Desktop/viswakarma/biothon/visiion$20aid/submission/tools/eda-root/usr/bin/../share/yosys/gowin/cells_sim.v:1129$613[3:0]$634
     7/8: $1$lookahead\mem0$620[15:0]$637
     8/8: $1$bitselwrite$pos$/home/aman/Desktop/viswakarma/biothon/visiion$20aid/submission/tools/eda-root/usr/bin/../share/yosys/gowin/cells_sim.v:1128$612[3:0]$633
Creating decoders for process `\RAM16S2.$proc$/home/aman/Desktop/viswakarma/biothon/visiion$20aid/submission/tools/eda-root/usr/bin/../share/yosys/gowin/cells_sim.v:0$611'.
Creating decoders for process `\RAM16S2.$proc$/home/aman/Desktop/viswakarma/biothon/visiion$20aid/submission/tools/eda-root/usr/bin/../share/yosys/gowin/cells_sim.v:1081$588'.
     1/4: $1$lookahead\mem1$587[15:0]$596
     2/4: $1$bitselwrite$pos$/home/aman/Desktop/viswakarma/biothon/visiion$20aid/submission/tools/eda-root/usr/bin/../share/yosys/gowin/cells_sim.v:1084$583[3:0]$594
     3/4: $1$lookahead\mem0$586[15:0]$595
     4/4: $1$bitselwrite$pos$/home/aman/Desktop/viswakarma/biothon/visiion$20aid/submission/tools/eda-root/usr/bin/../share/yosys/gowin/cells_sim.v:1083$582[3:0]$593
Creating decoders for process `\RAM16S1.$proc$/home/aman/Desktop/viswakarma/biothon/visiion$20aid/submission/tools/eda-root/usr/bin/../share/yosys/gowin/cells_sim.v:0$581'.
Creating decoders for process `\RAM16S1.$proc$/home/aman/Desktop/viswakarma/biothon/visiion$20aid/submission/tools/eda-root/usr/bin/../share/yosys/gowin/cells_sim.v:1043$569'.
     1/2: $1$lookahead\mem$568[15:0]$573
     2/2: $1$bitselwrite$pos$/home/aman/Desktop/viswakarma/biothon/visiion$20aid/submission/tools/eda-root/usr/bin/../share/yosys/gowin/cells_sim.v:1045$566[3:0]$572
Creating decoders for process `\ALU.$proc$/home/aman/Desktop/viswakarma/biothon/visiion$20aid/submission/tools/eda-root/usr/bin/../share/yosys/gowin/cells_sim.v:969$564'.
Creating decoders for process `\DFFNCE.$proc$/home/aman/Desktop/viswakarma/biothon/visiion$20aid/submission/tools/eda-root/usr/bin/../share/yosys/gowin/cells_sim.v:0$561'.
Creating decoders for process `\DFFNCE.$proc$/home/aman/Desktop/viswakarma/biothon/visiion$20aid/submission/tools/eda-root/usr/bin/../share/yosys/gowin/cells_sim.v:535$560'.
     1/1: $0\Q[0:0]
Creating decoders for process `\DFFNC.$proc$/home/aman/Desktop/viswakarma/biothon/visiion$20aid/submission/tools/eda-root/usr/bin/../share/yosys/gowin/cells_sim.v:0$559'.
Creating decoders for process `\DFFNC.$proc$/home/aman/Desktop/viswakarma/biothon/visiion$20aid/submission/tools/eda-root/usr/bin/../share/yosys/gowin/cells_sim.v:515$558'.
     1/1: $0\Q[0:0]
Creating decoders for process `\DFFNPE.$proc$/home/aman/Desktop/viswakarma/biothon/visiion$20aid/submission/tools/eda-root/usr/bin/../share/yosys/gowin/cells_sim.v:0$557'.
Creating decoders for process `\DFFNPE.$proc$/home/aman/Desktop/viswakarma/biothon/visiion$20aid/submission/tools/eda-root/usr/bin/../share/yosys/gowin/cells_sim.v:496$556'.
     1/1: $0\Q[0:0]
Creating decoders for process `\DFFNP.$proc$/home/aman/Desktop/viswakarma/biothon/visiion$20aid/submission/tools/eda-root/usr/bin/../share/yosys/gowin/cells_sim.v:0$555'.
Creating decoders for process `\DFFNP.$proc$/home/aman/Desktop/viswakarma/biothon/visiion$20aid/submission/tools/eda-root/usr/bin/../share/yosys/gowin/cells_sim.v:476$554'.
     1/1: $0\Q[0:0]
Creating decoders for process `\DFFNRE.$proc$/home/aman/Desktop/viswakarma/biothon/visiion$20aid/submission/tools/eda-root/usr/bin/../share/yosys/gowin/cells_sim.v:0$553'.
Creating decoders for process `\DFFNRE.$proc$/home/aman/Desktop/viswakarma/biothon/visiion$20aid/submission/tools/eda-root/usr/bin/../share/yosys/gowin/cells_sim.v:457$552'.
     1/1: $0\Q[0:0]
Creating decoders for process `\DFFNR.$proc$/home/aman/Desktop/viswakarma/biothon/visiion$20aid/submission/tools/eda-root/usr/bin/../share/yosys/gowin/cells_sim.v:0$551'.
Creating decoders for process `\DFFNR.$proc$/home/aman/Desktop/viswakarma/biothon/visiion$20aid/submission/tools/eda-root/usr/bin/../share/yosys/gowin/cells_sim.v:437$550'.
     1/1: $0\Q[0:0]
Creating decoders for process `\DFFNSE.$proc$/home/aman/Desktop/viswakarma/biothon/visiion$20aid/submission/tools/eda-root/usr/bin/../share/yosys/gowin/cells_sim.v:0$549'.
Creating decoders for process `\DFFNSE.$proc$/home/aman/Desktop/viswakarma/biothon/visiion$20aid/submission/tools/eda-root/usr/bin/../share/yosys/gowin/cells_sim.v:418$548'.
     1/1: $0\Q[0:0]
Creating decoders for process `\DFFNS.$proc$/home/aman/Desktop/viswakarma/biothon/visiion$20aid/submission/tools/eda-root/usr/bin/../share/yosys/gowin/cells_sim.v:0$547'.
Creating decoders for process `\DFFNS.$proc$/home/aman/Desktop/viswakarma/biothon/visiion$20aid/submission/tools/eda-root/usr/bin/../share/yosys/gowin/cells_sim.v:398$546'.
     1/1: $0\Q[0:0]
Creating decoders for process `\DFFNE.$proc$/home/aman/Desktop/viswakarma/biothon/visiion$20aid/submission/tools/eda-root/usr/bin/../share/yosys/gowin/cells_sim.v:0$545'.
Creating decoders for process `\DFFNE.$proc$/home/aman/Desktop/viswakarma/biothon/visiion$20aid/submission/tools/eda-root/usr/bin/../share/yosys/gowin/cells_sim.v:381$544'.
     1/1: $0\Q[0:0]
Creating decoders for process `\DFFN.$proc$/home/aman/Desktop/viswakarma/biothon/visiion$20aid/submission/tools/eda-root/usr/bin/../share/yosys/gowin/cells_sim.v:0$543'.
Creating decoders for process `\DFFN.$proc$/home/aman/Desktop/viswakarma/biothon/visiion$20aid/submission/tools/eda-root/usr/bin/../share/yosys/gowin/cells_sim.v:366$542'.
Creating decoders for process `\DFFCE.$proc$/home/aman/Desktop/viswakarma/biothon/visiion$20aid/submission/tools/eda-root/usr/bin/../share/yosys/gowin/cells_sim.v:0$541'.
Creating decoders for process `\DFFCE.$proc$/home/aman/Desktop/viswakarma/biothon/visiion$20aid/submission/tools/eda-root/usr/bin/../share/yosys/gowin/cells_sim.v:348$540'.
     1/1: $0\Q[0:0]
Creating decoders for process `\DFFC.$proc$/home/aman/Desktop/viswakarma/biothon/visiion$20aid/submission/tools/eda-root/usr/bin/../share/yosys/gowin/cells_sim.v:0$539'.
Creating decoders for process `\DFFC.$proc$/home/aman/Desktop/viswakarma/biothon/visiion$20aid/submission/tools/eda-root/usr/bin/../share/yosys/gowin/cells_sim.v:328$538'.
     1/1: $0\Q[0:0]
Creating decoders for process `\DFFPE.$proc$/home/aman/Desktop/viswakarma/biothon/visiion$20aid/submission/tools/eda-root/usr/bin/../share/yosys/gowin/cells_sim.v:0$537'.
Creating decoders for process `\DFFPE.$proc$/home/aman/Desktop/viswakarma/biothon/visiion$20aid/submission/tools/eda-root/usr/bin/../share/yosys/gowin/cells_sim.v:309$536'.
     1/1: $0\Q[0:0]
Creating decoders for process `\DFFP.$proc$/home/aman/Desktop/viswakarma/biothon/visiion$20aid/submission/tools/eda-root/usr/bin/../share/yosys/gowin/cells_sim.v:0$535'.
Creating decoders for process `\DFFP.$proc$/home/aman/Desktop/viswakarma/biothon/visiion$20aid/submission/tools/eda-root/usr/bin/../share/yosys/gowin/cells_sim.v:289$534'.
     1/1: $0\Q[0:0]
Creating decoders for process `\DFFRE.$proc$/home/aman/Desktop/viswakarma/biothon/visiion$20aid/submission/tools/eda-root/usr/bin/../share/yosys/gowin/cells_sim.v:0$533'.
Creating decoders for process `\DFFRE.$proc$/home/aman/Desktop/viswakarma/biothon/visiion$20aid/submission/tools/eda-root/usr/bin/../share/yosys/gowin/cells_sim.v:270$532'.
     1/1: $0\Q[0:0]
Creating decoders for process `\DFFR.$proc$/home/aman/Desktop/viswakarma/biothon/visiion$20aid/submission/tools/eda-root/usr/bin/../share/yosys/gowin/cells_sim.v:0$531'.
Creating decoders for process `\DFFR.$proc$/home/aman/Desktop/viswakarma/biothon/visiion$20aid/submission/tools/eda-root/usr/bin/../share/yosys/gowin/cells_sim.v:250$530'.
     1/1: $0\Q[0:0]
Creating decoders for process `\DFFSE.$proc$/home/aman/Desktop/viswakarma/biothon/visiion$20aid/submission/tools/eda-root/usr/bin/../share/yosys/gowin/cells_sim.v:0$529'.
Creating decoders for process `\DFFSE.$proc$/home/aman/Desktop/viswakarma/biothon/visiion$20aid/submission/tools/eda-root/usr/bin/../share/yosys/gowin/cells_sim.v:231$528'.
     1/1: $0\Q[0:0]
Creating decoders for process `\DFFS.$proc$/home/aman/Desktop/viswakarma/biothon/visiion$20aid/submission/tools/eda-root/usr/bin/../share/yosys/gowin/cells_sim.v:0$527'.
Creating decoders for process `\DFFS.$proc$/home/aman/Desktop/viswakarma/biothon/visiion$20aid/submission/tools/eda-root/usr/bin/../share/yosys/gowin/cells_sim.v:211$526'.
     1/1: $0\Q[0:0]
Creating decoders for process `\DFFE.$proc$/home/aman/Desktop/viswakarma/biothon/visiion$20aid/submission/tools/eda-root/usr/bin/../share/yosys/gowin/cells_sim.v:0$525'.
Creating decoders for process `\DFFE.$proc$/home/aman/Desktop/viswakarma/biothon/visiion$20aid/submission/tools/eda-root/usr/bin/../share/yosys/gowin/cells_sim.v:194$524'.
     1/1: $0\Q[0:0]
Creating decoders for process `\DFF.$proc$/home/aman/Desktop/viswakarma/biothon/visiion$20aid/submission/tools/eda-root/usr/bin/../share/yosys/gowin/cells_sim.v:0$523'.
Creating decoders for process `\DFF.$proc$/home/aman/Desktop/viswakarma/biothon/visiion$20aid/submission/tools/eda-root/usr/bin/../share/yosys/gowin/cells_sim.v:179$522'.
Creating decoders for process `\visionaid_top.$proc$rtl/visionaid_top.v:38$338'.
Creating decoders for process `\visionaid_top.$proc$rtl/visionaid_top.v:117$309'.
     1/3: $0\ai_d[0:0]
     2/3: $0\chirp[9:0]
     3/3: $0\bt[12:0]
Creating decoders for process `\visionaid_top.$proc$rtl/visionaid_top.v:89$288'.
     1/1: $0\quiet_btn[0:0]
Creating decoders for process `\visionaid_top.$proc$rtl/visionaid_top.v:46$285'.
     1/2: $0\tick_ms_r[0:0]
     2/2: $0\us_cnt[9:0]
Creating decoders for process `\visionaid_top.$proc$rtl/visionaid_top.v:39$283'.
Creating decoders for process `$paramod\va_uart_rx\CLKS_PER_BIT=s32'00000000000000000000000011101010.$proc$rtl/va_common.v:85$683'.
     1/6: $0\valid[0:0]
     2/6: $0\sh[7:0]
     3/6: $0\bitn[2:0]
     4/6: $0\state[1:0]
     5/6: $0\data[7:0]
     6/6: $0\cnt[8:0]
Creating decoders for process `$paramod\va_ultrasonic\SLOT_US=s32'00000000000000001000000011101000.$proc$rtl/va_ultrasonic.v:40$790'.
     1/58: $6$lookahead\fault$788[2:0]$882
     2/58: $3$bitselwrite$pos$rtl/va_ultrasonic.v:79$779[1:0]$879
     3/58: $3$memwr$\miss$rtl/va_ultrasonic.v:78$784_EN[1:0]$881
     4/58: $3$memwr$\miss$rtl/va_ultrasonic.v:78$784_ADDR[1:0]$880
     5/58: $3$lookahead\meas_valid$789[2:0]$883
     6/58: $3$bitselwrite$pos$rtl/va_ultrasonic.v:77$778[1:0]$878
     7/58: $5$lookahead\fault$788[2:0]$863
     8/58: $5$bitselwrite$pos$rtl/va_ultrasonic.v:63$777[1:0]$859
     9/58: $5$memwr$\miss$rtl/va_ultrasonic.v:64$783_EN[1:0]$862
    10/58: $5$memwr$\miss$rtl/va_ultrasonic.v:64$783_DATA[1:0]$861
    11/58: $5$memwr$\miss$rtl/va_ultrasonic.v:64$783_ADDR[1:0]$860
    12/58: $4$lookahead\fault$788[2:0]$856
    13/58: $4$memwr$\miss$rtl/va_ultrasonic.v:64$783_EN[1:0]$855
    14/58: $4$memwr$\miss$rtl/va_ultrasonic.v:64$783_DATA[1:0]$854
    15/58: $4$memwr$\miss$rtl/va_ultrasonic.v:64$783_ADDR[1:0]$853
    16/58: $4$bitselwrite$pos$rtl/va_ultrasonic.v:63$777[1:0]$852
    17/58: $3$lookahead\fault$788[2:0]$850
    18/58: $3$memwr$\miss$rtl/va_ultrasonic.v:64$783_EN[1:0]$849
    19/58: $3$memwr$\miss$rtl/va_ultrasonic.v:64$783_DATA[1:0]$848
    20/58: $3$memwr$\miss$rtl/va_ultrasonic.v:64$783_ADDR[1:0]$847
    21/58: $3$bitselwrite$pos$rtl/va_ultrasonic.v:63$777[1:0]$846
    22/58: $3$lookahead\trig$787[2:0]$843
    23/58: $2$lookahead\trig$787[2:0]$831
    24/58: $2$bitselwrite$pos$rtl/va_ultrasonic.v:51$776[1:0]$822
    25/58: $2$lookahead\meas_valid$789[2:0]$833
    26/58: $2$lookahead\fault$788[2:0]$832
    27/58: $2$memwr$\miss$rtl/va_ultrasonic.v:78$784_EN[1:0]$830
    28/58: $2$memwr$\miss$rtl/va_ultrasonic.v:78$784_ADDR[1:0]$829
    29/58: $2$memwr$\miss$rtl/va_ultrasonic.v:64$783_EN[1:0]$828
    30/58: $2$memwr$\miss$rtl/va_ultrasonic.v:64$783_DATA[1:0]$827
    31/58: $2$memwr$\miss$rtl/va_ultrasonic.v:64$783_ADDR[1:0]$826
    32/58: $2$bitselwrite$pos$rtl/va_ultrasonic.v:79$779[1:0]$825
    33/58: $2$bitselwrite$pos$rtl/va_ultrasonic.v:77$778[1:0]$824
    34/58: $2$bitselwrite$pos$rtl/va_ultrasonic.v:63$777[1:0]$823
    35/58: $1\i[31:0]
    36/58: $1$memwr$\miss$rtl/va_ultrasonic.v:45$782_EN[1:0]$812
    37/58: $1$memwr$\miss$rtl/va_ultrasonic.v:45$781_EN[1:0]$811
    38/58: $1$memwr$\miss$rtl/va_ultrasonic.v:45$780_EN[1:0]$810
    39/58: $0\echo_d[0:0]
    40/58: $1$lookahead\fault$788[2:0]$819
    41/58: $1$lookahead\trig$787[2:0]$818
    42/58: $1$lookahead\meas_valid$789[2:0]$820
    43/58: $1$memwr$\miss$rtl/va_ultrasonic.v:78$784_EN[1:0]$817
    44/58: $1$memwr$\miss$rtl/va_ultrasonic.v:78$784_ADDR[1:0]$816
    45/58: $1$memwr$\miss$rtl/va_ultrasonic.v:64$783_EN[1:0]$815
    46/58: $1$memwr$\miss$rtl/va_ultrasonic.v:64$783_DATA[1:0]$814
    47/58: $1$memwr$\miss$rtl/va_ultrasonic.v:64$783_ADDR[1:0]$813
    48/58: $1$bitselwrite$pos$rtl/va_ultrasonic.v:79$779[1:0]$809
    49/58: $1$bitselwrite$pos$rtl/va_ultrasonic.v:77$778[1:0]$808
    50/58: $1$bitselwrite$pos$rtl/va_ultrasonic.v:63$777[1:0]$807
    51/58: $1$bitselwrite$pos$rtl/va_ultrasonic.v:51$776[1:0]$806
    52/58: $0\echo_t[15:0]
    53/58: $0\slot_t[15:0]
    54/58: $0\ch[1:0]
    55/58: $0\dist2[15:0]
    56/58: $0\dist1[15:0]
    57/58: $0\dist0[15:0]
    58/58: $0\state[1:0]
Creating decoders for process `\va_lidar.$proc$rtl/va_alerts.v:93$192'.
     1/23: $5$memwr$\b$rtl/va_alerts.v:110$191_EN[7:0]$223
     2/23: $5$memwr$\b$rtl/va_alerts.v:110$191_DATA[7:0]$222
     3/23: $5$memwr$\b$rtl/va_alerts.v:110$191_ADDR[2:0]$221
     4/23: $4$memwr$\b$rtl/va_alerts.v:110$191_EN[7:0]$217
     5/23: $4$memwr$\b$rtl/va_alerts.v:110$191_DATA[7:0]$216
     6/23: $4$memwr$\b$rtl/va_alerts.v:110$191_ADDR[2:0]$215
     7/23: $3$memwr$\b$rtl/va_alerts.v:110$191_EN[7:0]$211
     8/23: $3$memwr$\b$rtl/va_alerts.v:110$191_DATA[7:0]$210
     9/23: $3$memwr$\b$rtl/va_alerts.v:110$191_ADDR[2:0]$209
    10/23: $2$memwr$\b$rtl/va_alerts.v:110$191_EN[7:0]$207
    11/23: $2$memwr$\b$rtl/va_alerts.v:110$191_DATA[7:0]$206
    12/23: $2$memwr$\b$rtl/va_alerts.v:110$191_ADDR[2:0]$205
    13/23: $1$memwr$\b$rtl/va_alerts.v:110$191_EN[7:0]$198
    14/23: $1$memwr$\b$rtl/va_alerts.v:110$191_DATA[7:0]$197
    15/23: $1$memwr$\b$rtl/va_alerts.v:110$191_ADDR[2:0]$196
    16/23: $0\hold[10:0]
    17/23: $0\age_ms[7:0]
    18/23: $0\over[1:0]
    19/23: $0\sum[7:0]
    20/23: $0\idx[3:0]
    21/23: $0\drop[0:0]
    22/23: $0\stale[0:0]
    23/23: $0\dist_cm[15:0]
Creating decoders for process `\va_haptic.$proc$rtl/va_alerts.v:56$187'.
     1/1: $1\on[0:0]
Creating decoders for process `\va_haptic.$proc$rtl/va_alerts.v:46$180'.
     1/3: $0\pwm[7:0]
     2/3: $0\zone_d[1:0]
     3/3: $0\t[8:0]
Creating decoders for process `\va_zone.$proc$rtl/va_alerts.v:17$172'.
     1/1: $0\zone[1:0]
Creating decoders for process `$paramod\va_watchdog\TIMEOUT_MS=s32'00000000000000000000001011101110.$proc$rtl/va_alerts.v:143$772'.
     1/3: $0\hb_d[0:0]
     2/3: $0\ai_offline[0:0]
     3/3: $0\t[10:0]
Creating decoders for process `$paramod\va_pilink\CLKS_PER_BIT=s32'00000000000000000000000011101010.$proc$rtl/va_pilink.v:0$769'.
     1/1: $1$mem2reg_rd$\frame$rtl/va_pilink.v:67$734_DATA[7:0]$771
Creating decoders for process `$paramod\va_pilink\CLKS_PER_BIT=s32'00000000000000000000000011101010.$proc$rtl/va_pilink.v:70$747'.
     1/17: $0\start[0:0]
     2/17: $0\frame[10][7:0]
     3/17: $0\frame[9][7:0]
     4/17: $0\frame[8][7:0]
     5/17: $0\frame[7][7:0]
     6/17: $0\frame[6][7:0]
     7/17: $0\frame[5][7:0]
     8/17: $0\frame[4][7:0]
     9/17: $0\frame[3][7:0]
    10/17: $0\frame[2][7:0]
    11/17: $0\frame[1][7:0]
    12/17: $0\frame[0][7:0]
    13/17: $0\lm[0:0]
    14/17: $0\lr[0:0]
    15/17: $0\t_ms[5:0]
    16/17: $0\sending[0:0]
    17/17: $0\ti[3:0]
Creating decoders for process `$paramod\va_pilink\CLKS_PER_BIT=s32'00000000000000000000000011101010.$proc$rtl/va_pilink.v:33$735'.
     1/9: $0\cl[7:0]
     2/9: $0\ca[7:0]
     3/9: $0\ci[2:0]
     4/9: $0\quiet[0:0]
     5/9: $0\baseline_cm[15:0]
     6/9: $0\th_info[15:0]
     7/9: $0\th_warn[15:0]
     8/9: $0\th_urgent[15:0]
     9/9: $0\ch[7:0]
Creating decoders for process `$paramod\va_sync\RESET_VAL=1'1.$proc$rtl/va_common.v:13$908'.
     1/1: $0\s[1:0]
Creating decoders for process `\va_debounce.$proc$rtl/va_common.v:53$5'.
     1/3: $0\pressed[0:0]
     2/3: $0\level[0:0]
     3/3: $0\cnt[3:0]
Creating decoders for process `$paramod\va_tick\DIV=s32'00000000000000000000000000011011.$proc$rtl/va_common.v:28$909'.
     1/2: $0\tick[0:0]
     2/2: $0\cnt[4:0]
Creating decoders for process `\va_sync.$proc$rtl/va_common.v:13$1'.
     1/1: $0\s[1:0]

6.4.8. Executing PROC_DLATCH pass (convert process syncs to latches).
No latch inferred for signal `\va_haptic.\on' from process `\va_haptic.$proc$rtl/va_alerts.v:56$187'.
No latch inferred for signal `$paramod\va_pilink\CLKS_PER_BIT=s32'00000000000000000000000011101010.$mem2reg_rd$\frame$rtl/va_pilink.v:67$734_DATA' from process `$paramod\va_pilink\CLKS_PER_BIT=s32'00000000000000000000000011101010.$proc$rtl/va_pilink.v:0$769'.

6.4.9. Executing PROC_DFF pass (convert process syncs to FFs).
Creating register for signal `$paramod\va_uart_tx\CLKS_PER_BIT=s32'00000000000000000000000011101010.\cnt' using process `$paramod\va_uart_tx\CLKS_PER_BIT=s32'00000000000000000000000011101010.$proc$rtl/va_common.v:127$677'.
  created $dff cell `$procdff$2327' with positive edge clock.
Creating register for signal `$paramod\va_uart_tx\CLKS_PER_BIT=s32'00000000000000000000000011101010.\bitn' using process `$paramod\va_uart_tx\CLKS_PER_BIT=s32'00000000000000000000000011101010.$proc$rtl/va_common.v:127$677'.
  created $dff cell `$procdff$2328' with positive edge clock.
Creating register for signal `$paramod\va_uart_tx\CLKS_PER_BIT=s32'00000000000000000000000011101010.\sh' using process `$paramod\va_uart_tx\CLKS_PER_BIT=s32'00000000000000000000000011101010.$proc$rtl/va_common.v:127$677'.
  created $dff cell `$procdff$2329' with positive edge clock.
Creating register for signal `$paramod\va_uart_tx\CLKS_PER_BIT=s32'00000000000000000000000011101010.\tx' using process `$paramod\va_uart_tx\CLKS_PER_BIT=s32'00000000000000000000000011101010.$proc$rtl/va_common.v:127$677'.
  created $dff cell `$procdff$2330' with positive edge clock.
Creating register for signal `$paramod\va_uart_tx\CLKS_PER_BIT=s32'00000000000000000000000011101010.\active' using process `$paramod\va_uart_tx\CLKS_PER_BIT=s32'00000000000000000000000011101010.$proc$rtl/va_common.v:127$677'.
  created $dff cell `$procdff$2331' with positive edge clock.
Creating register for signal `\RAM16S4.\mem0' using process `\RAM16S4.$proc$/home/aman/Desktop/viswakarma/biothon/visiion$20aid/submission/tools/eda-root/usr/bin/../share/yosys/gowin/cells_sim.v:1126$624'.
  created $dff cell `$procdff$2332' with positive edge clock.
Creating register for signal `\RAM16S4.\mem1' using process `\RAM16S4.$proc$/home/aman/Desktop/viswakarma/biothon/visiion$20aid/submission/tools/eda-root/usr/bin/../share/yosys/gowin/cells_sim.v:1126$624'.
  created $dff cell `$procdff$2333' with positive edge clock.
Creating register for signal `\RAM16S4.\mem2' using process `\RAM16S4.$proc$/home/aman/Desktop/viswakarma/biothon/visiion$20aid/submission/tools/eda-root/usr/bin/../share/yosys/gowin/cells_sim.v:1126$624'.
  created $dff cell `$procdff$2334' with positive edge clock.
Creating register for signal `\RAM16S4.\mem3' using process `\RAM16S4.$proc$/home/aman/Desktop/viswakarma/biothon/visiion$20aid/submission/tools/eda-root/usr/bin/../share/yosys/gowin/cells_sim.v:1126$624'.
  created $dff cell `$procdff$2335' with positive edge clock.
Creating register for signal `\RAM16S4.$bitselwrite$pos$/home/aman/Desktop/viswakarma/biothon/visiion$20aid/submission/tools/eda-root/usr/bin/../share/yosys/gowin/cells_sim.v:1128$612' using process `\RAM16S4.$proc$/home/aman/Desktop/viswakarma/biothon/visiion$20aid/submission/tools/eda-root/usr/bin/../share/yosys/gowin/cells_sim.v:1126$624'.
  created $dff cell `$procdff$2336' with positive edge clock.
Creating register for signal `\RAM16S4.$bitselwrite$pos$/home/aman/Desktop/viswakarma/biothon/visiion$20aid/submission/tools/eda-root/usr/bin/../share/yosys/gowin/cells_sim.v:1129$613' using process `\RAM16S4.$proc$/home/aman/Desktop/viswakarma/biothon/visiion$20aid/submission/tools/eda-root/usr/bin/../share/yosys/gowin/cells_sim.v:1126$624'.
  created $dff cell `$procdff$2337' with positive edge clock.
Creating register for signal `\RAM16S4.$bitselwrite$pos$/home/aman/Desktop/viswakarma/biothon/visiion$20aid/submission/tools/eda-root/usr/bin/../share/yosys/gowin/cells_sim.v:1130$614' using process `\RAM16S4.$proc$/home/aman/Desktop/viswakarma/biothon/visiion$20aid/submission/tools/eda-root/usr/bin/../share/yosys/gowin/cells_sim.v:1126$624'.
  created $dff cell `$procdff$2338' with positive edge clock.
Creating register for signal `\RAM16S4.$bitselwrite$pos$/home/aman/Desktop/viswakarma/biothon/visiion$20aid/submission/tools/eda-root/usr/bin/../share/yosys/gowin/cells_sim.v:1131$615' using process `\RAM16S4.$proc$/home/aman/Desktop/viswakarma/biothon/visiion$20aid/submission/tools/eda-root/usr/bin/../share/yosys/gowin/cells_sim.v:1126$624'.
  created $dff cell `$procdff$2339' with positive edge clock.
Creating register for signal `\RAM16S4.$lookahead\mem0$620' using process `\RAM16S4.$proc$/home/aman/Desktop/viswakarma/biothon/visiion$20aid/submission/tools/eda-root/usr/bin/../share/yosys/gowin/cells_sim.v:1126$624'.
  created $dff cell `$procdff$2340' with positive edge clock.
Creating register for signal `\RAM16S4.$lookahead\mem1$621' using process `\RAM16S4.$proc$/home/aman/Desktop/viswakarma/biothon/visiion$20aid/submission/tools/eda-root/usr/bin/../share/yosys/gowin/cells_sim.v:1126$624'.
  created $dff cell `$procdff$2341' with positive edge clock.
Creating register for signal `\RAM16S4.$lookahead\mem2$622' using process `\RAM16S4.$proc$/home/aman/Desktop/viswakarma/biothon/visiion$20aid/submission/tools/eda-root/usr/bin/../share/yosys/gowin/cells_sim.v:1126$624'.
  created $dff cell `$procdff$2342' with positive edge clock.
Creating register for signal `\RAM16S4.$lookahead\mem3$623' using process `\RAM16S4.$proc$/home/aman/Desktop/viswakarma/biothon/visiion$20aid/submission/tools/eda-root/usr/bin/../share/yosys/gowin/cells_sim.v:1126$624'.
  created $dff cell `$procdff$2343' with positive edge clock.
Creating register for signal `\RAM16S2.\mem0' using process `\RAM16S2.$proc$/home/aman/Desktop/viswakarma/biothon/visiion$20aid/submission/tools/eda-root/usr/bin/../share/yosys/gowin/cells_sim.v:1081$588'.
  created $dff cell `$procdff$2344' with positive edge clock.
Creating register for signal `\RAM16S2.\mem1' using process `\RAM16S2.$proc$/home/aman/Desktop/viswakarma/biothon/visiion$20aid/submission/tools/eda-root/usr/bin/../share/yosys/gowin/cells_sim.v:1081$588'.
  created $dff cell `$procdff$2345' with positive edge clock.
Creating register for signal `\RAM16S2.$bitselwrite$pos$/home/aman/Desktop/viswakarma/biothon/visiion$20aid/submission/tools/eda-root/usr/bin/../share/yosys/gowin/cells_sim.v:1083$582' using process `\RAM16S2.$proc$/home/aman/Desktop/viswakarma/biothon/visiion$20aid/submission/tools/eda-root/usr/bin/../share/yosys/gowin/cells_sim.v:1081$588'.
  created $dff cell `$procdff$2346' with positive edge clock.
Creating register for signal `\RAM16S2.$bitselwrite$pos$/home/aman/Desktop/viswakarma/biothon/visiion$20aid/submission/tools/eda-root/usr/bin/../share/yosys/gowin/cells_sim.v:1084$583' using process `\RAM16S2.$proc$/home/aman/Desktop/viswakarma/biothon/visiion$20aid/submission/tools/eda-root/usr/bin/../share/yosys/gowin/cells_sim.v:1081$588'.
  created $dff cell `$procdff$2347' with positive edge clock.
Creating register for signal `\RAM16S2.$lookahead\mem0$586' using process `\RAM16S2.$proc$/home/aman/Desktop/viswakarma/biothon/visiion$20aid/submission/tools/eda-root/usr/bin/../share/yosys/gowin/cells_sim.v:1081$588'.
  created $dff cell `$procdff$2348' with positive edge clock.
Creating register for signal `\RAM16S2.$lookahead\mem1$587' using process `\RAM16S2.$proc$/home/aman/Desktop/viswakarma/biothon/visiion$20aid/submission/tools/eda-root/usr/bin/../share/yosys/gowin/cells_sim.v:1081$588'.
  created $dff cell `$procdff$2349' with positive edge clock.
Creating register for signal `\RAM16S1.\mem' using process `\RAM16S1.$proc$/home/aman/Desktop/viswakarma/biothon/visiion$20aid/submission/tools/eda-root/usr/bin/../share/yosys/gowin/cells_sim.v:1043$569'.
  created $dff cell `$procdff$2350' with positive edge clock.
Creating register for signal `\RAM16S1.$bitselwrite$pos$/home/aman/Desktop/viswakarma/biothon/visiion$20aid/submission/tools/eda-root/usr/bin/../share/yosys/gowin/cells_sim.v:1045$566' using process `\RAM16S1.$proc$/home/aman/Desktop/viswakarma/biothon/visiion$20aid/submission/tools/eda-root/usr/bin/../share/yosys/gowin/cells_sim.v:1043$569'.
  created $dff cell `$procdff$2351' with positive edge clock.
Creating register for signal `\RAM16S1.$lookahead\mem$568' using process `\RAM16S1.$proc$/home/aman/Desktop/viswakarma/biothon/visiion$20aid/submission/tools/eda-root/usr/bin/../share/yosys/gowin/cells_sim.v:1043$569'.
  created $dff cell `$procdff$2352' with positive edge clock.
Creating register for signal `\ALU.\C' using process `\ALU.$proc$/home/aman/Desktop/viswakarma/biothon/visiion$20aid/submission/tools/eda-root/usr/bin/../share/yosys/gowin/cells_sim.v:969$564'.
  created direct connection (no actual register cell created).
Creating register for signal `\ALU.\S' using process `\ALU.$proc$/home/aman/Desktop/viswakarma/biothon/visiion$20aid/submission/tools/eda-root/usr/bin/../share/yosys/gowin/cells_sim.v:969$564'.
  created direct connection (no actual register cell created).
Creating register for signal `\DFFNCE.\Q' using process `\DFFNCE.$proc$/home/aman/Desktop/viswakarma/biothon/visiion$20aid/submission/tools/eda-root/usr/bin/../share/yosys/gowin/cells_sim.v:535$560'.
  created $adff cell `$procdff$2355' with negative edge clock and positive level reset.
Creating register for signal `\DFFNC.\Q' using process `\DFFNC.$proc$/home/aman/Desktop/viswakarma/biothon/visiion$20aid/submission/tools/eda-root/usr/bin/../share/yosys/gowin/cells_sim.v:515$558'.
  created $adff cell `$procdff$2358' with negative edge clock and positive level reset.
Creating register for signal `\DFFNPE.\Q' using process `\DFFNPE.$proc$/home/aman/Desktop/viswakarma/biothon/visiion$20aid/submission/tools/eda-root/usr/bin/../share/yosys/gowin/cells_sim.v:496$556'.
  created $adff cell `$procdff$2361' with negative edge clock and positive level reset.
Creating register for signal `\DFFNP.\Q' using process `\DFFNP.$proc$/home/aman/Desktop/viswakarma/biothon/visiion$20aid/submission/tools/eda-root/usr/bin/../share/yosys/gowin/cells_sim.v:476$554'.
  created $adff cell `$procdff$2364' with negative edge clock and positive level reset.
Creating register for signal `\DFFNRE.\Q' using process `\DFFNRE.$proc$/home/aman/Desktop/viswakarma/biothon/visiion$20aid/submission/tools/eda-root/usr/bin/../share/yosys/gowin/cells_sim.v:457$552'.
  created $dff cell `$procdff$2365' with negative edge clock.
Creating register for signal `\DFFNR.\Q' using process `\DFFNR.$proc$/home/aman/Desktop/viswakarma/biothon/visiion$20aid/submission/tools/eda-root/usr/bin/../share/yosys/gowin/cells_sim.v:437$550'.
  created $dff cell `$procdff$2366' with negative edge clock.
Creating register for signal `\DFFNSE.\Q' using process `\DFFNSE.$proc$/home/aman/Desktop/viswakarma/biothon/visiion$20aid/submission/tools/eda-root/usr/bin/../share/yosys/gowin/cells_sim.v:418$548'.
  created $dff cell `$procdff$2367' with negative edge clock.
Creating register for signal `\DFFNS.\Q' using process `\DFFNS.$proc$/home/aman/Desktop/viswakarma/biothon/visiion$20aid/submission/tools/eda-root/usr/bin/../share/yosys/gowin/cells_sim.v:398$546'.
  created $dff cell `$procdff$2368' with negative edge clock.
Creating register for signal `\DFFNE.\Q' using process `\DFFNE.$proc$/home/aman/Desktop/viswakarma/biothon/visiion$20aid/submission/tools/eda-root/usr/bin/../share/yosys/gowin/cells_sim.v:381$544'.
  created $dff cell `$procdff$2369' with negative edge clock.
Creating register for signal `\DFFN.\Q' using process `\DFFN.$proc$/home/aman/Desktop/viswakarma/biothon/visiion$20aid/submission/tools/eda-root/usr/bin/../share/yosys/gowin/cells_sim.v:366$542'.
  created $dff cell `$procdff$2370' with negative edge clock.
Creating register for signal `\DFFCE.\Q' using process `\DFFCE.$proc$/home/aman/Desktop/viswakarma/biothon/visiion$20aid/submission/tools/eda-root/usr/bin/../share/yosys/gowin/cells_sim.v:348$540'.
  created $adff cell `$procdff$2373' with positive edge clock and positive level reset.
Creating register for signal `\DFFC.\Q' using process `\DFFC.$proc$/home/aman/Desktop/viswakarma/biothon/visiion$20aid/submission/tools/eda-root/usr/bin/../share/yosys/gowin/cells_sim.v:328$538'.
  created $adff cell `$procdff$2376' with positive edge clock and positive level reset.
Creating register for signal `\DFFPE.\Q' using process `\DFFPE.$proc$/home/aman/Desktop/viswakarma/biothon/visiion$20aid/submission/tools/eda-root/usr/bin/../share/yosys/gowin/cells_sim.v:309$536'.
  created $adff cell `$procdff$2379' with positive edge clock and positive level reset.
Creating register for signal `\DFFP.\Q' using process `\DFFP.$proc$/home/aman/Desktop/viswakarma/biothon/visiion$20aid/submission/tools/eda-root/usr/bin/../share/yosys/gowin/cells_sim.v:289$534'.
  created $adff cell `$procdff$2382' with positive edge clock and positive level reset.
Creating register for signal `\DFFRE.\Q' using process `\DFFRE.$proc$/home/aman/Desktop/viswakarma/biothon/visiion$20aid/submission/tools/eda-root/usr/bin/../share/yosys/gowin/cells_sim.v:270$532'.
  created $dff cell `$procdff$2383' with positive edge clock.
Creating register for signal `\DFFR.\Q' using process `\DFFR.$proc$/home/aman/Desktop/viswakarma/biothon/visiion$20aid/submission/tools/eda-root/usr/bin/../share/yosys/gowin/cells_sim.v:250$530'.
  created $dff cell `$procdff$2384' with positive edge clock.
Creating register for signal `\DFFSE.\Q' using process `\DFFSE.$proc$/home/aman/Desktop/viswakarma/biothon/visiion$20aid/submission/tools/eda-root/usr/bin/../share/yosys/gowin/cells_sim.v:231$528'.
  created $dff cell `$procdff$2385' with positive edge clock.
Creating register for signal `\DFFS.\Q' using process `\DFFS.$proc$/home/aman/Desktop/viswakarma/biothon/visiion$20aid/submission/tools/eda-root/usr/bin/../share/yosys/gowin/cells_sim.v:211$526'.
  created $dff cell `$procdff$2386' with positive edge clock.
Creating register for signal `\DFFE.\Q' using process `\DFFE.$proc$/home/aman/Desktop/viswakarma/biothon/visiion$20aid/submission/tools/eda-root/usr/bin/../share/yosys/gowin/cells_sim.v:194$524'.
  created $dff cell `$procdff$2387' with positive edge clock.
Creating register for signal `\DFF.\Q' using process `\DFF.$proc$/home/aman/Desktop/viswakarma/biothon/visiion$20aid/submission/tools/eda-root/usr/bin/../share/yosys/gowin/cells_sim.v:179$522'.
  created $dff cell `$procdff$2388' with positive edge clock.
Creating register for signal `\visionaid_top.\bt' using process `\visionaid_top.$proc$rtl/visionaid_top.v:117$309'.
  created $dff cell `$procdff$2389' with positive edge clock.
Creating register for signal `\visionaid_top.\ai_d' using process `\visionaid_top.$proc$rtl/visionaid_top.v:117$309'.
  created $dff cell `$procdff$2390' with positive edge clock.
Creating register for signal `\visionaid_top.\chirp' using process `\visionaid_top.$proc$rtl/visionaid_top.v:117$309'.
  created $dff cell `$procdff$2391' with positive edge clock.
Creating register for signal `\visionaid_top.\quiet_btn' using process `\visionaid_top.$proc$rtl/visionaid_top.v:89$288'.
  created $dff cell `$procdff$2392' with positive edge clock.
Creating register for signal `\visionaid_top.\us_cnt' using process `\visionaid_top.$proc$rtl/visionaid_top.v:46$285'.
  created $dff cell `$procdff$2393' with positive edge clock.
Creating register for signal `\visionaid_top.\tick_ms_r' using process `\visionaid_top.$proc$rtl/visionaid_top.v:46$285'.
  created $dff cell `$procdff$2394' with positive edge clock.
Creating register for signal `\visionaid_top.\rst_sh' using process `\visionaid_top.$proc$rtl/visionaid_top.v:39$283'.
  created $dff cell `$procdff$2395' with positive edge clock.
Creating register for signal `$paramod\va_uart_rx\CLKS_PER_BIT=s32'00000000000000000000000011101010.\cnt' using process `$paramod\va_uart_rx\CLKS_PER_BIT=s32'00000000000000000000000011101010.$proc$rtl/va_common.v:85$683'.
  created $dff cell `$procdff$2396' with positive edge clock.
Creating register for signal `$paramod\va_uart_rx\CLKS_PER_BIT=s32'00000000000000000000000011101010.\data' using process `$paramod\va_uart_rx\CLKS_PER_BIT=s32'00000000000000000000000011101010.$proc$rtl/va_common.v:85$683'.
  created $dff cell `$procdff$2397' with positive edge clock.
Creating register for signal `$paramod\va_uart_rx\CLKS_PER_BIT=s32'00000000000000000000000011101010.\valid' using process `$paramod\va_uart_rx\CLKS_PER_BIT=s32'00000000000000000000000011101010.$proc$rtl/va_common.v:85$683'.
  created $dff cell `$procdff$2398' with positive edge clock.
Creating register for signal `$paramod\va_uart_rx\CLKS_PER_BIT=s32'00000000000000000000000011101010.\state' using process `$paramod\va_uart_rx\CLKS_PER_BIT=s32'00000000000000000000000011101010.$proc$rtl/va_common.v:85$683'.
  created $dff cell `$procdff$2399' with positive edge clock.
Creating register for signal `$paramod\va_uart_rx\CLKS_PER_BIT=s32'00000000000000000000000011101010.\bitn' using process `$paramod\va_uart_rx\CLKS_PER_BIT=s32'00000000000000000000000011101010.$proc$rtl/va_common.v:85$683'.
  created $dff cell `$procdff$2400' with positive edge clock.
Creating register for signal `$paramod\va_uart_rx\CLKS_PER_BIT=s32'00000000000000000000000011101010.\sh' using process `$paramod\va_uart_rx\CLKS_PER_BIT=s32'00000000000000000000000011101010.$proc$rtl/va_common.v:85$683'.
  created $dff cell `$procdff$2401' with positive edge clock.
Creating register for signal `$paramod\va_ultrasonic\SLOT_US=s32'00000000000000001000000011101000.\state' using process `$paramod\va_ultrasonic\SLOT_US=s32'00000000000000001000000011101000.$proc$rtl/va_ultrasonic.v:40$790'.
  created $dff cell `$procdff$2402' with positive edge clock.
Creating register for signal `$paramod\va_ultrasonic\SLOT_US=s32'00000000000000001000000011101000.\trig' using process `$paramod\va_ultrasonic\SLOT_US=s32'00000000000000001000000011101000.$proc$rtl/va_ultrasonic.v:40$790'.
  created $dff cell `$procdff$2403' with positive edge clock.
Creating register for signal `$paramod\va_ultrasonic\SLOT_US=s32'00000000000000001000000011101000.\dist0' using process `$paramod\va_ultrasonic\SLOT_US=s32'00000000000000001000000011101000.$proc$rtl/va_ultrasonic.v:40$790'.
  created $dff cell `$procdff$2404' with positive edge clock.
Creating register for signal `$paramod\va_ultrasonic\SLOT_US=s32'00000000000000001000000011101000.\dist1' using process `$paramod\va_ultrasonic\SLOT_US=s32'00000000000000001000000011101000.$proc$rtl/va_ultrasonic.v:40$790'.
  created $dff cell `$procdff$2405' with positive edge clock.
Creating register for signal `$paramod\va_ultrasonic\SLOT_US=s32'00000000000000001000000011101000.\dist2' using process `$paramod\va_ultrasonic\SLOT_US=s32'00000000000000001000000011101000.$proc$rtl/va_ultrasonic.v:40$790'.
  created $dff cell `$procdff$2406' with positive edge clock.
Creating register for signal `$paramod\va_ultrasonic\SLOT_US=s32'00000000000000001000000011101000.\meas_valid' using process `$paramod\va_ultrasonic\SLOT_US=s32'00000000000000001000000011101000.$proc$rtl/va_ultrasonic.v:40$790'.
  created $dff cell `$procdff$2407' with positive edge clock.
Creating register for signal `$paramod\va_ultrasonic\SLOT_US=s32'00000000000000001000000011101000.\fault' using process `$paramod\va_ultrasonic\SLOT_US=s32'00000000000000001000000011101000.$proc$rtl/va_ultrasonic.v:40$790'.
  created $dff cell `$procdff$2408' with positive edge clock.
Creating register for signal `$paramod\va_ultrasonic\SLOT_US=s32'00000000000000001000000011101000.\ch' using process `$paramod\va_ultrasonic\SLOT_US=s32'00000000000000001000000011101000.$proc$rtl/va_ultrasonic.v:40$790'.
  created $dff cell `$procdff$2409' with positive edge clock.
Creating register for signal `$paramod\va_ultrasonic\SLOT_US=s32'00000000000000001000000011101000.\slot_t' using process `$paramod\va_ultrasonic\SLOT_US=s32'00000000000000001000000011101000.$proc$rtl/va_ultrasonic.v:40$790'.
  created $dff cell `$procdff$2410' with positive edge clock.
Creating register for signal `$paramod\va_ultrasonic\SLOT_US=s32'00000000000000001000000011101000.\echo_t' using process `$paramod\va_ultrasonic\SLOT_US=s32'00000000000000001000000011101000.$proc$rtl/va_ultrasonic.v:40$790'.
  created $dff cell `$procdff$2411' with positive edge clock.
Creating register for signal `$paramod\va_ultrasonic\SLOT_US=s32'00000000000000001000000011101000.\echo_d' using process `$paramod\va_ultrasonic\SLOT_US=s32'00000000000000001000000011101000.$proc$rtl/va_ultrasonic.v:40$790'.
  created $dff cell `$procdff$2412' with positive edge clock.
Creating register for signal `$paramod\va_ultrasonic\SLOT_US=s32'00000000000000001000000011101000.\i' using process `$paramod\va_ultrasonic\SLOT_US=s32'00000000000000001000000011101000.$proc$rtl/va_ultrasonic.v:40$790'.
  created $dff cell `$procdff$2413' with positive edge clock.
Creating register for signal `$paramod\va_ultrasonic\SLOT_US=s32'00000000000000001000000011101000.$bitselwrite$pos$rtl/va_ultrasonic.v:51$776' using process `$paramod\va_ultrasonic\SLOT_US=s32'00000000000000001000000011101000.$proc$rtl/va_ultrasonic.v:40$790'.
  created $dff cell `$procdff$2414' with positive edge clock.
Creating register for signal `$paramod\va_ultrasonic\SLOT_US=s32'00000000000000001000000011101000.$bitselwrite$pos$rtl/va_ultrasonic.v:63$777' using process `$paramod\va_ultrasonic\SLOT_US=s32'00000000000000001000000011101000.$proc$rtl/va_ultrasonic.v:40$790'.
  created $dff cell `$procdff$2415' with positive edge clock.
Creating register for signal `$paramod\va_ultrasonic\SLOT_US=s32'00000000000000001000000011101000.$bitselwrite$pos$rtl/va_ultrasonic.v:77$778' using process `$paramod\va_ultrasonic\SLOT_US=s32'00000000000000001000000011101000.$proc$rtl/va_ultrasonic.v:40$790'.
  created $dff cell `$procdff$2416' with positive edge clock.
Creating register for signal `$paramod\va_ultrasonic\SLOT_US=s32'00000000000000001000000011101000.$bitselwrite$pos$rtl/va_ultrasonic.v:79$779' using process `$paramod\va_ultrasonic\SLOT_US=s32'00000000000000001000000011101000.$proc$rtl/va_ultrasonic.v:40$790'.
  created $dff cell `$procdff$2417' with positive edge clock.
Creating register for signal `$paramod\va_ultrasonic\SLOT_US=s32'00000000000000001000000011101000.$memwr$\miss$rtl/va_ultrasonic.v:45$780_EN' using process `$paramod\va_ultrasonic\SLOT_US=s32'00000000000000001000000011101000.$proc$rtl/va_ultrasonic.v:40$790'.
  created $dff cell `$procdff$2418' with positive edge clock.
Creating register for signal `$paramod\va_ultrasonic\SLOT_US=s32'00000000000000001000000011101000.$memwr$\miss$rtl/va_ultrasonic.v:45$781_EN' using process `$paramod\va_ultrasonic\SLOT_US=s32'00000000000000001000000011101000.$proc$rtl/va_ultrasonic.v:40$790'.
  created $dff cell `$procdff$2419' with positive edge clock.
Creating register for signal `$paramod\va_ultrasonic\SLOT_US=s32'00000000000000001000000011101000.$memwr$\miss$rtl/va_ultrasonic.v:45$782_EN' using process `$paramod\va_ultrasonic\SLOT_US=s32'00000000000000001000000011101000.$proc$rtl/va_ultrasonic.v:40$790'.
  created $dff cell `$procdff$2420' with positive edge clock.
Creating register for signal `$paramod\va_ultrasonic\SLOT_US=s32'00000000000000001000000011101000.$memwr$\miss$rtl/va_ultrasonic.v:64$783_ADDR' using process `$paramod\va_ultrasonic\SLOT_US=s32'00000000000000001000000011101000.$proc$rtl/va_ultrasonic.v:40$790'.
  created $dff cell `$procdff$2421' with positive edge clock.
Creating register for signal `$paramod\va_ultrasonic\SLOT_US=s32'00000000000000001000000011101000.$memwr$\miss$rtl/va_ultrasonic.v:64$783_DATA' using process `$paramod\va_ultrasonic\SLOT_US=s32'00000000000000001000000011101000.$proc$rtl/va_ultrasonic.v:40$790'.
  created $dff cell `$procdff$2422' with positive edge clock.
Creating register for signal `$paramod\va_ultrasonic\SLOT_US=s32'00000000000000001000000011101000.$memwr$\miss$rtl/va_ultrasonic.v:64$783_EN' using process `$paramod\va_ultrasonic\SLOT_US=s32'00000000000000001000000011101000.$proc$rtl/va_ultrasonic.v:40$790'.
  created $dff cell `$procdff$2423' with positive edge clock.
Creating register for signal `$paramod\va_ultrasonic\SLOT_US=s32'00000000000000001000000011101000.$memwr$\miss$rtl/va_ultrasonic.v:78$784_ADDR' using process `$paramod\va_ultrasonic\SLOT_US=s32'00000000000000001000000011101000.$proc$rtl/va_ultrasonic.v:40$790'.
  created $dff cell `$procdff$2424' with positive edge clock.
Creating register for signal `$paramod\va_ultrasonic\SLOT_US=s32'00000000000000001000000011101000.$memwr$\miss$rtl/va_ultrasonic.v:78$784_EN' using process `$paramod\va_ultrasonic\SLOT_US=s32'00000000000000001000000011101000.$proc$rtl/va_ultrasonic.v:40$790'.
  created $dff cell `$procdff$2425' with positive edge clock.
Creating register for signal `$paramod\va_ultrasonic\SLOT_US=s32'00000000000000001000000011101000.$lookahead\trig$787' using process `$paramod\va_ultrasonic\SLOT_US=s32'00000000000000001000000011101000.$proc$rtl/va_ultrasonic.v:40$790'.
  created $dff cell `$procdff$2426' with positive edge clock.
Creating register for signal `$paramod\va_ultrasonic\SLOT_US=s32'00000000000000001000000011101000.$lookahead\fault$788' using process `$paramod\va_ultrasonic\SLOT_US=s32'00000000000000001000000011101000.$proc$rtl/va_ultrasonic.v:40$790'.
  created $dff cell `$procdff$2427' with positive edge clock.
Creating register for signal `$paramod\va_ultrasonic\SLOT_US=s32'00000000000000001000000011101000.$lookahead\meas_valid$789' using process `$paramod\va_ultrasonic\SLOT_US=s32'00000000000000001000000011101000.$proc$rtl/va_ultrasonic.v:40$790'.
  created $dff cell `$procdff$2428' with positive edge clock.
Creating register for signal `\va_lidar.\dist_cm' using process `\va_lidar.$proc$rtl/va_alerts.v:93$192'.
  created $dff cell `$procdff$2429' with positive edge clock.
Creating register for signal `\va_lidar.\stale' using process `\va_lidar.$proc$rtl/va_alerts.v:93$192'.
  created $dff cell `$procdff$2430' with positive edge clock.
Creating register for signal `\va_lidar.\drop' using process `\va_lidar.$proc$rtl/va_alerts.v:93$192'.
  created $dff cell `$procdff$2431' with positive edge clock.
Creating register for signal `\va_lidar.\idx' using process `\va_lidar.$proc$rtl/va_alerts.v:93$192'.
  created $dff cell `$procdff$2432' with positive edge clock.
Creating register for signal `\va_lidar.\sum' using process `\va_lidar.$proc$rtl/va_alerts.v:93$192'.
  created $dff cell `$procdff$2433' with positive edge clock.
Creating register for signal `\va_lidar.\over' using process `\va_lidar.$proc$rtl/va_alerts.v:93$192'.
  created $dff cell `$procdff$2434' with positive edge clock.
Creating register for signal `\va_lidar.\age_ms' using process `\va_lidar.$proc$rtl/va_alerts.v:93$192'.
  created $dff cell `$procdff$2435' with positive edge clock.
Creating register for signal `\va_lidar.\hold' using process `\va_lidar.$proc$rtl/va_alerts.v:93$192'.
  created $dff cell `$procdff$2436' with positive edge clock.
Creating register for signal `\va_lidar.$memwr$\b$rtl/va_alerts.v:110$191_ADDR' using process `\va_lidar.$proc$rtl/va_alerts.v:93$192'.
  created $dff cell `$procdff$2437' with positive edge clock.
Creating register for signal `\va_lidar.$memwr$\b$rtl/va_alerts.v:110$191_DATA' using process `\va_lidar.$proc$rtl/va_alerts.v:93$192'.
  created $dff cell `$procdff$2438' with positive edge clock.
Creating register for signal `\va_lidar.$memwr$\b$rtl/va_alerts.v:110$191_EN' using process `\va_lidar.$proc$rtl/va_alerts.v:93$192'.
  created $dff cell `$procdff$2439' with positive edge clock.
Creating register for signal `\va_haptic.\zone_d' using process `\va_haptic.$proc$rtl/va_alerts.v:46$180'.
  created $dff cell `$procdff$2440' with positive edge clock.
Creating register for signal `\va_haptic.\t' using process `\va_haptic.$proc$rtl/va_alerts.v:46$180'.
  created $dff cell `$procdff$2441' with positive edge clock.
Creating register for signal `\va_haptic.\pwm' using process `\va_haptic.$proc$rtl/va_alerts.v:46$180'.
  created $dff cell `$procdff$2442' with positive edge clock.
Creating register for signal `\va_zone.\zone' using process `\va_zone.$proc$rtl/va_alerts.v:17$172'.
  created $dff cell `$procdff$2443' with positive edge clock.
Creating register for signal `$paramod\va_watchdog\TIMEOUT_MS=s32'00000000000000000000001011101110.\t' using process `$paramod\va_watchdog\TIMEOUT_MS=s32'00000000000000000000001011101110.$proc$rtl/va_alerts.v:143$772'.
  created $dff cell `$procdff$2444' with positive edge clock.
Creating register for signal `$paramod\va_watchdog\TIMEOUT_MS=s32'00000000000000000000001011101110.\ai_offline' using process `$paramod\va_watchdog\TIMEOUT_MS=s32'00000000000000000000001011101110.$proc$rtl/va_alerts.v:143$772'.
  created $dff cell `$procdff$2445' with positive edge clock.
Creating register for signal `$paramod\va_watchdog\TIMEOUT_MS=s32'00000000000000000000001011101110.\hb_d' using process `$paramod\va_watchdog\TIMEOUT_MS=s32'00000000000000000000001011101110.$proc$rtl/va_alerts.v:143$772'.
  created $dff cell `$procdff$2446' with positive edge clock.
Creating register for signal `$paramod\va_pilink\CLKS_PER_BIT=s32'00000000000000000000000011101010.\start' using process `$paramod\va_pilink\CLKS_PER_BIT=s32'00000000000000000000000011101010.$proc$rtl/va_pilink.v:70$747'.
  created $dff cell `$procdff$2447' with positive edge clock.
Creating register for signal `$paramod\va_pilink\CLKS_PER_BIT=s32'00000000000000000000000011101010.\ti' using process `$paramod\va_pilink\CLKS_PER_BIT=s32'00000000000000000000000011101010.$proc$rtl/va_pilink.v:70$747'.
  created $dff cell `$procdff$2448' with positive edge clock.
Creating register for signal `$paramod\va_pilink\CLKS_PER_BIT=s32'00000000000000000000000011101010.\sending' using process `$paramod\va_pilink\CLKS_PER_BIT=s32'00000000000000000000000011101010.$proc$rtl/va_pilink.v:70$747'.
  created $dff cell `$procdff$2449' with positive edge clock.
Creating register for signal `$paramod\va_pilink\CLKS_PER_BIT=s32'00000000000000000000000011101010.\t_ms' using process `$paramod\va_pilink\CLKS_PER_BIT=s32'00000000000000000000000011101010.$proc$rtl/va_pilink.v:70$747'.
  created $dff cell `$procdff$2450' with positive edge clock.
Creating register for signal `$paramod\va_pilink\CLKS_PER_BIT=s32'00000000000000000000000011101010.\lr' using process `$paramod\va_pilink\CLKS_PER_BIT=s32'00000000000000000000000011101010.$proc$rtl/va_pilink.v:70$747'.
  created $dff cell `$procdff$2451' with positive edge clock.
Creating register for signal `$paramod\va_pilink\CLKS_PER_BIT=s32'00000000000000000000000011101010.\lm' using process `$paramod\va_pilink\CLKS_PER_BIT=s32'00000000000000000000000011101010.$proc$rtl/va_pilink.v:70$747'.
  created $dff cell `$procdff$2452' with positive edge clock.
Creating register for signal `$paramod\va_pilink\CLKS_PER_BIT=s32'00000000000000000000000011101010.\frame[0]' using process `$paramod\va_pilink\CLKS_PER_BIT=s32'00000000000000000000000011101010.$proc$rtl/va_pilink.v:70$747'.
  created $dff cell `$procdff$2453' with positive edge clock.
Creating register for signal `$paramod\va_pilink\CLKS_PER_BIT=s32'00000000000000000000000011101010.\frame[1]' using process `$paramod\va_pilink\CLKS_PER_BIT=s32'00000000000000000000000011101010.$proc$rtl/va_pilink.v:70$747'.
  created $dff cell `$procdff$2454' with positive edge clock.
Creating register for signal `$paramod\va_pilink\CLKS_PER_BIT=s32'00000000000000000000000011101010.\frame[2]' using process `$paramod\va_pilink\CLKS_PER_BIT=s32'00000000000000000000000011101010.$proc$rtl/va_pilink.v:70$747'.
  created $dff cell `$procdff$2455' with positive edge clock.
Creating register for signal `$paramod\va_pilink\CLKS_PER_BIT=s32'00000000000000000000000011101010.\frame[3]' using process `$paramod\va_pilink\CLKS_PER_BIT=s32'00000000000000000000000011101010.$proc$rtl/va_pilink.v:70$747'.
  created $dff cell `$procdff$2456' with positive edge clock.
Creating register for signal `$paramod\va_pilink\CLKS_PER_BIT=s32'00000000000000000000000011101010.\frame[4]' using process `$paramod\va_pilink\CLKS_PER_BIT=s32'00000000000000000000000011101010.$proc$rtl/va_pilink.v:70$747'.
  created $dff cell `$procdff$2457' with positive edge clock.
Creating register for signal `$paramod\va_pilink\CLKS_PER_BIT=s32'00000000000000000000000011101010.\frame[5]' using process `$paramod\va_pilink\CLKS_PER_BIT=s32'00000000000000000000000011101010.$proc$rtl/va_pilink.v:70$747'.
  created $dff cell `$procdff$2458' with positive edge clock.
Creating register for signal `$paramod\va_pilink\CLKS_PER_BIT=s32'00000000000000000000000011101010.\frame[6]' using process `$paramod\va_pilink\CLKS_PER_BIT=s32'00000000000000000000000011101010.$proc$rtl/va_pilink.v:70$747'.
  created $dff cell `$procdff$2459' with positive edge clock.
Creating register for signal `$paramod\va_pilink\CLKS_PER_BIT=s32'00000000000000000000000011101010.\frame[7]' using process `$paramod\va_pilink\CLKS_PER_BIT=s32'00000000000000000000000011101010.$proc$rtl/va_pilink.v:70$747'.
  created $dff cell `$procdff$2460' with positive edge clock.
Creating register for signal `$paramod\va_pilink\CLKS_PER_BIT=s32'00000000000000000000000011101010.\frame[8]' using process `$paramod\va_pilink\CLKS_PER_BIT=s32'00000000000000000000000011101010.$proc$rtl/va_pilink.v:70$747'.
  created $dff cell `$procdff$2461' with positive edge clock.
Creating register for signal `$paramod\va_pilink\CLKS_PER_BIT=s32'00000000000000000000000011101010.\frame[9]' using process `$paramod\va_pilink\CLKS_PER_BIT=s32'00000000000000000000000011101010.$proc$rtl/va_pilink.v:70$747'.
  created $dff cell `$procdff$2462' with positive edge clock.
Creating register for signal `$paramod\va_pilink\CLKS_PER_BIT=s32'00000000000000000000000011101010.\frame[10]' using process `$paramod\va_pilink\CLKS_PER_BIT=s32'00000000000000000000000011101010.$proc$rtl/va_pilink.v:70$747'.
  created $dff cell `$procdff$2463' with positive edge clock.
Creating register for signal `$paramod\va_pilink\CLKS_PER_BIT=s32'00000000000000000000000011101010.\ch' using process `$paramod\va_pilink\CLKS_PER_BIT=s32'00000000000000000000000011101010.$proc$rtl/va_pilink.v:33$735'.
  created $dff cell `$procdff$2464' with positive edge clock.
Creating register for signal `$paramod\va_pilink\CLKS_PER_BIT=s32'00000000000000000000000011101010.\th_urgent' using process `$paramod\va_pilink\CLKS_PER_BIT=s32'00000000000000000000000011101010.$proc$rtl/va_pilink.v:33$735'.
  created $dff cell `$procdff$2465' with positive edge clock.
Creating register for signal `$paramod\va_pilink\CLKS_PER_BIT=s32'00000000000000000000000011101010.\th_warn' using process `$paramod\va_pilink\CLKS_PER_BIT=s32'00000000000000000000000011101010.$proc$rtl/va_pilink.v:33$735'.
  created $dff cell `$procdff$2466' with positive edge clock.
Creating register for signal `$paramod\va_pilink\CLKS_PER_BIT=s32'00000000000000000000000011101010.\th_info' using process `$paramod\va_pilink\CLKS_PER_BIT=s32'00000000000000000000000011101010.$proc$rtl/va_pilink.v:33$735'.
  created $dff cell `$procdff$2467' with positive edge clock.
Creating register for signal `$paramod\va_pilink\CLKS_PER_BIT=s32'00000000000000000000000011101010.\baseline_cm' using process `$paramod\va_pilink\CLKS_PER_BIT=s32'00000000000000000000000011101010.$proc$rtl/va_pilink.v:33$735'.
  created $dff cell `$procdff$2468' with positive edge clock.
Creating register for signal `$paramod\va_pilink\CLKS_PER_BIT=s32'00000000000000000000000011101010.\quiet' using process `$paramod\va_pilink\CLKS_PER_BIT=s32'00000000000000000000000011101010.$proc$rtl/va_pilink.v:33$735'.
  created $dff cell `$procdff$2469' with positive edge clock.
Creating register for signal `$paramod\va_pilink\CLKS_PER_BIT=s32'00000000000000000000000011101010.\ci' using process `$paramod\va_pilink\CLKS_PER_BIT=s32'00000000000000000000000011101010.$proc$rtl/va_pilink.v:33$735'.
  created $dff cell `$procdff$2470' with positive edge clock.
Creating register for signal `$paramod\va_pilink\CLKS_PER_BIT=s32'00000000000000000000000011101010.\ca' using process `$paramod\va_pilink\CLKS_PER_BIT=s32'00000000000000000000000011101010.$proc$rtl/va_pilink.v:33$735'.
  created $dff cell `$procdff$2471' with positive edge clock.
Creating register for signal `$paramod\va_pilink\CLKS_PER_BIT=s32'00000000000000000000000011101010.\cl' using process `$paramod\va_pilink\CLKS_PER_BIT=s32'00000000000000000000000011101010.$proc$rtl/va_pilink.v:33$735'.
  created $dff cell `$procdff$2472' with positive edge clock.
Creating register for signal `$paramod\va_sync\RESET_VAL=1'1.\s' using process `$paramod\va_sync\RESET_VAL=1'1.$proc$rtl/va_common.v:13$908'.
  created $dff cell `$procdff$2473' with positive edge clock.
Creating register for signal `\va_debounce.\cnt' using process `\va_debounce.$proc$rtl/va_common.v:53$5'.
  created $dff cell `$procdff$2474' with positive edge clock.
Creating register for signal `\va_debounce.\level' using process `\va_debounce.$proc$rtl/va_common.v:53$5'.
  created $dff cell `$procdff$2475' with positive edge clock.
Creating register for signal `\va_debounce.\pressed' using process `\va_debounce.$proc$rtl/va_common.v:53$5'.
  created $dff cell `$procdff$2476' with positive edge clock.
Creating register for signal `$paramod\va_tick\DIV=s32'00000000000000000000000000011011.\tick' using process `$paramod\va_tick\DIV=s32'00000000000000000000000000011011.$proc$rtl/va_common.v:28$909'.
  created $dff cell `$procdff$2477' with positive edge clock.
Creating register for signal `$paramod\va_tick\DIV=s32'00000000000000000000000000011011.\cnt' using process `$paramod\va_tick\DIV=s32'00000000000000000000000000011011.$proc$rtl/va_common.v:28$909'.
  created $dff cell `$procdff$2478' with positive edge clock.
Creating register for signal `\va_sync.\s' using process `\va_sync.$proc$rtl/va_common.v:13$1'.
  created $dff cell `$procdff$2479' with positive edge clock.

6.4.10. Executing PROC_MEMWR pass (convert process memory writes to cells).

6.4.11. Executing PROC_CLEAN pass (remove empty switches from decision trees).
Found and cleaned up 5 empty switches in `$paramod\va_uart_tx\CLKS_PER_BIT=s32'00000000000000000000000011101010.$proc$rtl/va_common.v:127$677'.
Removing empty process `$paramod\va_uart_tx\CLKS_PER_BIT=s32'00000000000000000000000011101010.$proc$rtl/va_common.v:127$677'.
Removing empty process `RAM16S4.$proc$/home/aman/Desktop/viswakarma/biothon/visiion$20aid/submission/tools/eda-root/usr/bin/../share/yosys/gowin/cells_sim.v:0$669'.
Found and cleaned up 1 empty switch in `\RAM16S4.$proc$/home/aman/Desktop/viswakarma/biothon/visiion$20aid/submission/tools/eda-root/usr/bin/../share/yosys/gowin/cells_sim.v:1126$624'.
Removing empty process `RAM16S4.$proc$/home/aman/Desktop/viswakarma/biothon/visiion$20aid/submission/tools/eda-root/usr/bin/../share/yosys/gowin/cells_sim.v:1126$624'.
Removing empty process `RAM16S2.$proc$/home/aman/Desktop/viswakarma/biothon/visiion$20aid/submission/tools/eda-root/usr/bin/../share/yosys/gowin/cells_sim.v:0$611'.
Found and cleaned up 1 empty switch in `\RAM16S2.$proc$/home/aman/Desktop/viswakarma/biothon/visiion$20aid/submission/tools/eda-root/usr/bin/../share/yosys/gowin/cells_sim.v:1081$588'.
Removing empty process `RAM16S2.$proc$/home/aman/Desktop/viswakarma/biothon/visiion$20aid/submission/tools/eda-root/usr/bin/../share/yosys/gowin/cells_sim.v:1081$588'.
Removing empty process `RAM16S1.$proc$/home/aman/Desktop/viswakarma/biothon/visiion$20aid/submission/tools/eda-root/usr/bin/../share/yosys/gowin/cells_sim.v:0$581'.
Found and cleaned up 1 empty switch in `\RAM16S1.$proc$/home/aman/Desktop/viswakarma/biothon/visiion$20aid/submission/tools/eda-root/usr/bin/../share/yosys/gowin/cells_sim.v:1043$569'.
Removing empty process `RAM16S1.$proc$/home/aman/Desktop/viswakarma/biothon/visiion$20aid/submission/tools/eda-root/usr/bin/../share/yosys/gowin/cells_sim.v:1043$569'.
Removing empty process `ALU.$proc$/home/aman/Desktop/viswakarma/biothon/visiion$20aid/submission/tools/eda-root/usr/bin/../share/yosys/gowin/cells_sim.v:969$564'.
Removing empty process `DFFNCE.$proc$/home/aman/Desktop/viswakarma/biothon/visiion$20aid/submission/tools/eda-root/usr/bin/../share/yosys/gowin/cells_sim.v:0$561'.
Found and cleaned up 1 empty switch in `\DFFNCE.$proc$/home/aman/Desktop/viswakarma/biothon/visiion$20aid/submission/tools/eda-root/usr/bin/../share/yosys/gowin/cells_sim.v:535$560'.
Removing empty process `DFFNCE.$proc$/home/aman/Desktop/viswakarma/biothon/visiion$20aid/submission/tools/eda-root/usr/bin/../share/yosys/gowin/cells_sim.v:535$560'.
Removing empty process `DFFNC.$proc$/home/aman/Desktop/viswakarma/biothon/visiion$20aid/submission/tools/eda-root/usr/bin/../share/yosys/gowin/cells_sim.v:0$559'.
Removing empty process `DFFNC.$proc$/home/aman/Desktop/viswakarma/biothon/visiion$20aid/submission/tools/eda-root/usr/bin/../share/yosys/gowin/cells_sim.v:515$558'.
Removing empty process `DFFNPE.$proc$/home/aman/Desktop/viswakarma/biothon/visiion$20aid/submission/tools/eda-root/usr/bin/../share/yosys/gowin/cells_sim.v:0$557'.
Found and cleaned up 1 empty switch in `\DFFNPE.$proc$/home/aman/Desktop/viswakarma/biothon/visiion$20aid/submission/tools/eda-root/usr/bin/../share/yosys/gowin/cells_sim.v:496$556'.
Removing empty process `DFFNPE.$proc$/home/aman/Desktop/viswakarma/biothon/visiion$20aid/submission/tools/eda-root/usr/bin/../share/yosys/gowin/cells_sim.v:496$556'.
Removing empty process `DFFNP.$proc$/home/aman/Desktop/viswakarma/biothon/visiion$20aid/submission/tools/eda-root/usr/bin/../share/yosys/gowin/cells_sim.v:0$555'.
Removing empty process `DFFNP.$proc$/home/aman/Desktop/viswakarma/biothon/visiion$20aid/submission/tools/eda-root/usr/bin/../share/yosys/gowin/cells_sim.v:476$554'.
Removing empty process `DFFNRE.$proc$/home/aman/Desktop/viswakarma/biothon/visiion$20aid/submission/tools/eda-root/usr/bin/../share/yosys/gowin/cells_sim.v:0$553'.
Found and cleaned up 2 empty switches in `\DFFNRE.$proc$/home/aman/Desktop/viswakarma/biothon/visiion$20aid/submission/tools/eda-root/usr/bin/../share/yosys/gowin/cells_sim.v:457$552'.
Removing empty process `DFFNRE.$proc$/home/aman/Desktop/viswakarma/biothon/visiion$20aid/submission/tools/eda-root/usr/bin/../share/yosys/gowin/cells_sim.v:457$552'.
Removing empty process `DFFNR.$proc$/home/aman/Desktop/viswakarma/biothon/visiion$20aid/submission/tools/eda-root/usr/bin/../share/yosys/gowin/cells_sim.v:0$551'.
Found and cleaned up 1 empty switch in `\DFFNR.$proc$/home/aman/Desktop/viswakarma/biothon/visiion$20aid/submission/tools/eda-root/usr/bin/../share/yosys/gowin/cells_sim.v:437$550'.
Removing empty process `DFFNR.$proc$/home/aman/Desktop/viswakarma/biothon/visiion$20aid/submission/tools/eda-root/usr/bin/../share/yosys/gowin/cells_sim.v:437$550'.
Removing empty process `DFFNSE.$proc$/home/aman/Desktop/viswakarma/biothon/visiion$20aid/submission/tools/eda-root/usr/bin/../share/yosys/gowin/cells_sim.v:0$549'.
Found and cleaned up 2 empty switches in `\DFFNSE.$proc$/home/aman/Desktop/viswakarma/biothon/visiion$20aid/submission/tools/eda-root/usr/bin/../share/yosys/gowin/cells_sim.v:418$548'.
Removing empty process `DFFNSE.$proc$/home/aman/Desktop/viswakarma/biothon/visiion$20aid/submission/tools/eda-root/usr/bin/../share/yosys/gowin/cells_sim.v:418$548'.
Removing empty process `DFFNS.$proc$/home/aman/Desktop/viswakarma/biothon/visiion$20aid/submission/tools/eda-root/usr/bin/../share/yosys/gowin/cells_sim.v:0$547'.
Found and cleaned up 1 empty switch in `\DFFNS.$proc$/home/aman/Desktop/viswakarma/biothon/visiion$20aid/submission/tools/eda-root/usr/bin/../share/yosys/gowin/cells_sim.v:398$546'.
Removing empty process `DFFNS.$proc$/home/aman/Desktop/viswakarma/biothon/visiion$20aid/submission/tools/eda-root/usr/bin/../share/yosys/gowin/cells_sim.v:398$546'.
Removing empty process `DFFNE.$proc$/home/aman/Desktop/viswakarma/biothon/visiion$20aid/submission/tools/eda-root/usr/bin/../share/yosys/gowin/cells_sim.v:0$545'.
Found and cleaned up 1 empty switch in `\DFFNE.$proc$/home/aman/Desktop/viswakarma/biothon/visiion$20aid/submission/tools/eda-root/usr/bin/../share/yosys/gowin/cells_sim.v:381$544'.
Removing empty process `DFFNE.$proc$/home/aman/Desktop/viswakarma/biothon/visiion$20aid/submission/tools/eda-root/usr/bin/../share/yosys/gowin/cells_sim.v:381$544'.
Removing empty process `DFFN.$proc$/home/aman/Desktop/viswakarma/biothon/visiion$20aid/submission/tools/eda-root/usr/bin/../share/yosys/gowin/cells_sim.v:0$543'.
Removing empty process `DFFN.$proc$/home/aman/Desktop/viswakarma/biothon/visiion$20aid/submission/tools/eda-root/usr/bin/../share/yosys/gowin/cells_sim.v:366$542'.
Removing empty process `DFFCE.$proc$/home/aman/Desktop/viswakarma/biothon/visiion$20aid/submission/tools/eda-root/usr/bin/../share/yosys/gowin/cells_sim.v:0$541'.
Found and cleaned up 1 empty switch in `\DFFCE.$proc$/home/aman/Desktop/viswakarma/biothon/visiion$20aid/submission/tools/eda-root/usr/bin/../share/yosys/gowin/cells_sim.v:348$540'.
Removing empty process `DFFCE.$proc$/home/aman/Desktop/viswakarma/biothon/visiion$20aid/submission/tools/eda-root/usr/bin/../share/yosys/gowin/cells_sim.v:348$540'.
Removing empty process `DFFC.$proc$/home/aman/Desktop/viswakarma/biothon/visiion$20aid/submission/tools/eda-root/usr/bin/../share/yosys/gowin/cells_sim.v:0$539'.
Removing empty process `DFFC.$proc$/home/aman/Desktop/viswakarma/biothon/visiion$20aid/submission/tools/eda-root/usr/bin/../share/yosys/gowin/cells_sim.v:328$538'.
Removing empty process `DFFPE.$proc$/home/aman/Desktop/viswakarma/biothon/visiion$20aid/submission/tools/eda-root/usr/bin/../share/yosys/gowin/cells_sim.v:0$537'.
Found and cleaned up 1 empty switch in `\DFFPE.$proc$/home/aman/Desktop/viswakarma/biothon/visiion$20aid/submission/tools/eda-root/usr/bin/../share/yosys/gowin/cells_sim.v:309$536'.
Removing empty process `DFFPE.$proc$/home/aman/Desktop/viswakarma/biothon/visiion$20aid/submission/tools/eda-root/usr/bin/../share/yosys/gowin/cells_sim.v:309$536'.
Removing empty process `DFFP.$proc$/home/aman/Desktop/viswakarma/biothon/visiion$20aid/submission/tools/eda-root/usr/bin/../share/yosys/gowin/cells_sim.v:0$535'.
Removing empty process `DFFP.$proc$/home/aman/Desktop/viswakarma/biothon/visiion$20aid/submission/tools/eda-root/usr/bin/../share/yosys/gowin/cells_sim.v:289$534'.
Removing empty process `DFFRE.$proc$/home/aman/Desktop/viswakarma/biothon/visiion$20aid/submission/tools/eda-root/usr/bin/../share/yosys/gowin/cells_sim.v:0$533'.
Found and cleaned up 2 empty switches in `\DFFRE.$proc$/home/aman/Desktop/viswakarma/biothon/visiion$20aid/submission/tools/eda-root/usr/bin/../share/yosys/gowin/cells_sim.v:270$532'.
Removing empty process `DFFRE.$proc$/home/aman/Desktop/viswakarma/biothon/visiion$20aid/submission/tools/eda-root/usr/bin/../share/yosys/gowin/cells_sim.v:270$532'.
Removing empty process `DFFR.$proc$/home/aman/Desktop/viswakarma/biothon/visiion$20aid/submission/tools/eda-root/usr/bin/../share/yosys/gowin/cells_sim.v:0$531'.
Found and cleaned up 1 empty switch in `\DFFR.$proc$/home/aman/Desktop/viswakarma/biothon/visiion$20aid/submission/tools/eda-root/usr/bin/../share/yosys/gowin/cells_sim.v:250$530'.
Removing empty process `DFFR.$proc$/home/aman/Desktop/viswakarma/biothon/visiion$20aid/submission/tools/eda-root/usr/bin/../share/yosys/gowin/cells_sim.v:250$530'.
Removing empty process `DFFSE.$proc$/home/aman/Desktop/viswakarma/biothon/visiion$20aid/submission/tools/eda-root/usr/bin/../share/yosys/gowin/cells_sim.v:0$529'.
Found and cleaned up 2 empty switches in `\DFFSE.$proc$/home/aman/Desktop/viswakarma/biothon/visiion$20aid/submission/tools/eda-root/usr/bin/../share/yosys/gowin/cells_sim.v:231$528'.
Removing empty process `DFFSE.$proc$/home/aman/Desktop/viswakarma/biothon/visiion$20aid/submission/tools/eda-root/usr/bin/../share/yosys/gowin/cells_sim.v:231$528'.
Removing empty process `DFFS.$proc$/home/aman/Desktop/viswakarma/biothon/visiion$20aid/submission/tools/eda-root/usr/bin/../share/yosys/gowin/cells_sim.v:0$527'.
Found and cleaned up 1 empty switch in `\DFFS.$proc$/home/aman/Desktop/viswakarma/biothon/visiion$20aid/submission/tools/eda-root/usr/bin/../share/yosys/gowin/cells_sim.v:211$526'.
Removing empty process `DFFS.$proc$/home/aman/Desktop/viswakarma/biothon/visiion$20aid/submission/tools/eda-root/usr/bin/../share/yosys/gowin/cells_sim.v:211$526'.
Removing empty process `DFFE.$proc$/home/aman/Desktop/viswakarma/biothon/visiion$20aid/submission/tools/eda-root/usr/bin/../share/yosys/gowin/cells_sim.v:0$525'.
Found and cleaned up 1 empty switch in `\DFFE.$proc$/home/aman/Desktop/viswakarma/biothon/visiion$20aid/submission/tools/eda-root/usr/bin/../share/yosys/gowin/cells_sim.v:194$524'.
Removing empty process `DFFE.$proc$/home/aman/Desktop/viswakarma/biothon/visiion$20aid/submission/tools/eda-root/usr/bin/../share/yosys/gowin/cells_sim.v:194$524'.
Removing empty process `DFF.$proc$/home/aman/Desktop/viswakarma/biothon/visiion$20aid/submission/tools/eda-root/usr/bin/../share/yosys/gowin/cells_sim.v:0$523'.
Removing empty process `DFF.$proc$/home/aman/Desktop/viswakarma/biothon/visiion$20aid/submission/tools/eda-root/usr/bin/../share/yosys/gowin/cells_sim.v:179$522'.
Removing empty process `visionaid_top.$proc$rtl/visionaid_top.v:38$338'.
Found and cleaned up 4 empty switches in `\visionaid_top.$proc$rtl/visionaid_top.v:117$309'.
Removing empty process `visionaid_top.$proc$rtl/visionaid_top.v:117$309'.
Found and cleaned up 2 empty switches in `\visionaid_top.$proc$rtl/visionaid_top.v:89$288'.
Removing empty process `visionaid_top.$proc$rtl/visionaid_top.v:89$288'.
Found and cleaned up 3 empty switches in `\visionaid_top.$proc$rtl/visionaid_top.v:46$285'.
Removing empty process `visionaid_top.$proc$rtl/visionaid_top.v:46$285'.
Removing empty process `visionaid_top.$proc$rtl/visionaid_top.v:39$283'.
Found and cleaned up 8 empty switches in `$paramod\va_uart_rx\CLKS_PER_BIT=s32'00000000000000000000000011101010.$proc$rtl/va_common.v:85$683'.
Removing empty process `$paramod\va_uart_rx\CLKS_PER_BIT=s32'00000000000000000000000011101010.$proc$rtl/va_common.v:85$683'.
Found and cleaned up 11 empty switches in `$paramod\va_ultrasonic\SLOT_US=s32'00000000000000001000000011101000.$proc$rtl/va_ultrasonic.v:40$790'.
Removing empty process `$paramod\va_ultrasonic\SLOT_US=s32'00000000000000001000000011101000.$proc$rtl/va_ultrasonic.v:40$790'.
Found and cleaned up 12 empty switches in `\va_lidar.$proc$rtl/va_alerts.v:93$192'.
Removing empty process `va_lidar.$proc$rtl/va_alerts.v:93$192'.
Found and cleaned up 1 empty switch in `\va_haptic.$proc$rtl/va_alerts.v:56$187'.
Removing empty process `va_haptic.$proc$rtl/va_alerts.v:56$187'.
Found and cleaned up 3 empty switches in `\va_haptic.$proc$rtl/va_alerts.v:46$180'.
Removing empty process `va_haptic.$proc$rtl/va_alerts.v:46$180'.
Found and cleaned up 4 empty switches in `\va_zone.$proc$rtl/va_alerts.v:17$172'.
Removing empty process `va_zone.$proc$rtl/va_alerts.v:17$172'.
Found and cleaned up 4 empty switches in `$paramod\va_watchdog\TIMEOUT_MS=s32'00000000000000000000001011101110.$proc$rtl/va_alerts.v:143$772'.
Removing empty process `$paramod\va_watchdog\TIMEOUT_MS=s32'00000000000000000000001011101110.$proc$rtl/va_alerts.v:143$772'.
Found and cleaned up 1 empty switch in `$paramod\va_pilink\CLKS_PER_BIT=s32'00000000000000000000000011101010.$proc$rtl/va_pilink.v:0$769'.
Removing empty process `$paramod\va_pilink\CLKS_PER_BIT=s32'00000000000000000000000011101010.$proc$rtl/va_pilink.v:0$769'.
Found and cleaned up 7 empty switches in `$paramod\va_pilink\CLKS_PER_BIT=s32'00000000000000000000000011101010.$proc$rtl/va_pilink.v:70$747'.
Removing empty process `$paramod\va_pilink\CLKS_PER_BIT=s32'00000000000000000000000011101010.$proc$rtl/va_pilink.v:70$747'.
Found and cleaned up 5 empty switches in `$paramod\va_pilink\CLKS_PER_BIT=s32'00000000000000000000000011101010.$proc$rtl/va_pilink.v:33$735'.
Removing empty process `$paramod\va_pilink\CLKS_PER_BIT=s32'00000000000000000000000011101010.$proc$rtl/va_pilink.v:33$735'.
Found and cleaned up 1 empty switch in `$paramod\va_sync\RESET_VAL=1'1.$proc$rtl/va_common.v:13$908'.
Removing empty process `$paramod\va_sync\RESET_VAL=1'1.$proc$rtl/va_common.v:13$908'.
Found and cleaned up 4 empty switches in `\va_debounce.$proc$rtl/va_common.v:53$5'.
Removing empty process `va_debounce.$proc$rtl/va_common.v:53$5'.
Found and cleaned up 2 empty switches in `$paramod\va_tick\DIV=s32'00000000000000000000000000011011.$proc$rtl/va_common.v:28$909'.
Removing empty process `$paramod\va_tick\DIV=s32'00000000000000000000000000011011.$proc$rtl/va_common.v:28$909'.
Found and cleaned up 1 empty switch in `\va_sync.$proc$rtl/va_common.v:13$1'.
Removing empty process `va_sync.$proc$rtl/va_common.v:13$1'.
Cleaned up 99 empty switches.

6.4.12. Executing OPT_EXPR pass (perform const folding).
Optimizing module $paramod\va_uart_tx\CLKS_PER_BIT=s32'00000000000000000000000011101010.
<suppressed ~5 debug messages>
Optimizing module visionaid_top.
<suppressed ~1 debug messages>
Optimizing module $paramod\va_uart_rx\CLKS_PER_BIT=s32'00000000000000000000000011101010.
<suppressed ~4 debug messages>
Optimizing module $paramod\va_ultrasonic\SLOT_US=s32'00000000000000001000000011101000.
<suppressed ~15 debug messages>
Optimizing module va_lidar.
<suppressed ~4 debug messages>
Optimizing module va_haptic.
Optimizing module va_zone.
Optimizing module $paramod\va_watchdog\TIMEOUT_MS=s32'00000000000000000000001011101110.
Optimizing module $paramod\va_pilink\CLKS_PER_BIT=s32'00000000000000000000000011101010.
<suppressed ~7 debug messages>
Optimizing module $paramod\va_sync\RESET_VAL=1'1.
Optimizing module va_debounce.
Optimizing module $paramod\va_tick\DIV=s32'00000000000000000000000000011011.
Optimizing module va_sync.

6.5. Executing FLATTEN pass (flatten design).
Deleting now unused module $paramod\va_uart_tx\CLKS_PER_BIT=s32'00000000000000000000000011101010.
Deleting now unused module $paramod\va_uart_rx\CLKS_PER_BIT=s32'00000000000000000000000011101010.
Deleting now unused module $paramod\va_ultrasonic\SLOT_US=s32'00000000000000001000000011101000.
Deleting now unused module va_lidar.
Deleting now unused module va_haptic.
Deleting now unused module va_zone.
Deleting now unused module $paramod\va_watchdog\TIMEOUT_MS=s32'00000000000000000000001011101110.
Deleting now unused module $paramod\va_pilink\CLKS_PER_BIT=s32'00000000000000000000000011101010.
Deleting now unused module $paramod\va_sync\RESET_VAL=1'1.
Deleting now unused module va_debounce.
Deleting now unused module $paramod\va_tick\DIV=s32'00000000000000000000000000011011.
Deleting now unused module va_sync.
<suppressed ~25 debug messages>

6.6. Executing TRIBUF pass.

6.7. Executing DEMINOUT pass (demote inout ports to input or output).

6.8. Executing SYNTH pass.

6.8.1. Executing PROC pass (convert processes to netlists).

6.8.1.1. Executing PROC_CLEAN pass (remove empty switches from decision trees).
Cleaned up 0 empty switches.

6.8.1.2. Executing PROC_RMDEAD pass (remove dead branches from decision trees).
Removed a total of 0 dead cases.

6.8.1.3. Executing PROC_PRUNE pass (remove redundant assignments in processes).
Removed 0 redundant assignments.
Promoted 0 assignments to connections.

6.8.1.4. Executing PROC_INIT pass (extract init attributes).

6.8.1.5. Executing PROC_ARST pass (detect async resets in processes).

6.8.1.6. Executing PROC_ROM pass (convert switches to ROMs).
Converted 0 switches.

6.8.1.7. Executing PROC_MUX pass (convert decision trees to multiplexers).

6.8.1.8. Executing PROC_DLATCH pass (convert process syncs to latches).

6.8.1.9. Executing PROC_DFF pass (convert process syncs to FFs).

6.8.1.10. Executing PROC_MEMWR pass (convert process memory writes to cells).

6.8.1.11. Executing PROC_CLEAN pass (remove empty switches from decision trees).
Cleaned up 0 empty switches.

6.8.1.12. Executing OPT_EXPR pass (perform const folding).
Optimizing module visionaid_top.

6.8.2. Executing OPT_EXPR pass (perform const folding).
Optimizing module visionaid_top.

6.8.3. Executing OPT_CLEAN pass (remove unused cells and wires).
Finding unused cells or wires in module \visionaid_top..
Removed 77 unused cells and 742 unused wires.
<suppressed ~81 debug messages>

6.8.4. Executing CHECK pass (checking for obvious problems).
Checking module visionaid_top...
Found and reported 0 problems.

6.8.5. Executing OPT pass (performing simple optimizations).

6.8.5.1. Executing OPT_EXPR pass (perform const folding).
Optimizing module visionaid_top.

6.8.5.2. Executing OPT_MERGE pass (detect identical cells).
Finding identical cells in module `\visionaid_top'.
<suppressed ~387 debug messages>
Removed a total of 129 cells.

6.8.5.3. Executing OPT_MUXTREE pass (detect dead branches in mux trees).
Running muxtree optimizer on module \visionaid_top..
  Creating internal representation of mux trees.
  Evaluating internal representation of mux trees.
      Replacing known input bits on port A of cell $flatten\pl.\utx.$procmux$921: \pl.utx.active -> 1'1
      Replacing known input bits on port A of cell $flatten\pl.\utx.$procmux$919: \pl.utx.active -> 1'1
      Replacing known input bits on port A of cell $flatten\pl.\utx.$procmux$924: \pl.utx.active -> 1'0
  Analyzing evaluation results.
    dead port 1/2 on $mux $flatten\lid.$procmux$1665.
    dead port 1/2 on $mux $flatten\lid.$procmux$1668.
    dead port 2/2 on $mux $flatten\lid.$procmux$1670.
    dead port 1/2 on $mux $flatten\lid.$procmux$1673.
    dead port 1/2 on $mux $flatten\lid.$procmux$1680.
    dead port 1/2 on $mux $flatten\lid.$procmux$1683.
    dead port 2/2 on $mux $flatten\lid.$procmux$1685.
    dead port 1/2 on $mux $flatten\lid.$procmux$1688.
    dead port 1/2 on $mux $flatten\lid.$procmux$1695.
    dead port 1/2 on $mux $flatten\lid.$procmux$1698.
    dead port 2/2 on $mux $flatten\lid.$procmux$1700.
    dead port 1/2 on $mux $flatten\lid.$procmux$1703.
    dead port 1/2 on $mux $flatten\lid.$procmux$1710.
    dead port 2/2 on $mux $flatten\lid.$procmux$1712.
    dead port 1/2 on $mux $flatten\lid.$procmux$1715.
    dead port 1/2 on $mux $flatten\lid.$procmux$1722.
    dead port 2/2 on $mux $flatten\lid.$procmux$1724.
    dead port 1/2 on $mux $flatten\lid.$procmux$1727.
    dead port 1/2 on $mux $flatten\lid.$procmux$1734.
    dead port 2/2 on $mux $flatten\lid.$procmux$1736.
    dead port 1/2 on $mux $flatten\lid.$procmux$1739.
    dead port 2/2 on $mux $flatten\lid.$procmux$1745.
    dead port 1/2 on $mux $flatten\lid.$procmux$1748.
    dead port 2/2 on $mux $flatten\lid.$procmux$1754.
    dead port 1/2 on $mux $flatten\lid.$procmux$1757.
    dead port 2/2 on $mux $flatten\lid.$procmux$1763.
    dead port 1/2 on $mux $flatten\lid.$procmux$1766.
    dead port 1/2 on $mux $flatten\lid.$procmux$1772.
    dead port 1/2 on $mux $flatten\lid.$procmux$1778.
    dead port 1/2 on $mux $flatten\lid.$procmux$1784.
    dead port 2/2 on $mux $flatten\us.$procmux$1173.
    dead port 1/2 on $mux $flatten\us.$procmux$1176.
    dead port 2/2 on $mux $flatten\us.$procmux$1191.
    dead port 1/2 on $mux $flatten\us.$procmux$1194.
    dead port 2/2 on $mux $flatten\us.$procmux$1200.
    dead port 1/2 on $mux $flatten\us.$procmux$1203.
    dead port 2/2 on $mux $flatten\us.$procmux$1209.
    dead port 1/2 on $mux $flatten\us.$procmux$1212.
    dead port 2/2 on $mux $flatten\us.$procmux$1229.
    dead port 1/2 on $mux $flatten\us.$procmux$1232.
    dead port 2/2 on $mux $flatten\us.$procmux$1234.
    dead port 1/2 on $mux $flatten\us.$procmux$1237.
    dead port 2/2 on $mux $flatten\us.$procmux$1261.
    dead port 1/2 on $mux $flatten\us.$procmux$1264.
    dead port 2/2 on $mux $flatten\us.$procmux$1266.
    dead port 1/2 on $mux $flatten\us.$procmux$1269.
    dead port 2/2 on $mux $flatten\us.$procmux$1277.
    dead port 1/2 on $mux $flatten\us.$procmux$1280.
    dead port 2/2 on $mux $flatten\us.$procmux$1282.
    dead port 1/2 on $mux $flatten\us.$procmux$1285.
    dead port 2/2 on $mux $flatten\us.$procmux$1293.
    dead port 1/2 on $mux $flatten\us.$procmux$1296.
    dead port 2/2 on $mux $flatten\us.$procmux$1298.
    dead port 1/2 on $mux $flatten\us.$procmux$1301.
    dead port 1/2 on $mux $flatten\us.$procmux$1309.
    dead port 2/2 on $mux $flatten\us.$procmux$1311.
    dead port 1/2 on $mux $flatten\us.$procmux$1314.
    dead port 1/2 on $mux $flatten\us.$procmux$1322.
    dead port 2/2 on $mux $flatten\us.$procmux$1324.
    dead port 1/2 on $mux $flatten\us.$procmux$1327.
    dead port 1/2 on $mux $flatten\us.$procmux$1335.
    dead port 2/2 on $mux $flatten\us.$procmux$1337.
    dead port 1/2 on $mux $flatten\us.$procmux$1340.
    dead port 1/2 on $mux $flatten\us.$procmux$1348.
    dead port 2/2 on $mux $flatten\us.$procmux$1350.
    dead port 1/2 on $mux $flatten\us.$procmux$1353.
    dead port 2/2 on $mux $flatten\us.$procmux$1373.
    dead port 1/2 on $mux $flatten\us.$procmux$1376.
    dead port 2/2 on $mux $flatten\us.$procmux$1383.
    dead port 1/2 on $mux $flatten\us.$procmux$1386.
    dead port 2/2 on $mux $flatten\us.$procmux$1393.
    dead port 1/2 on $mux $flatten\us.$procmux$1396.
    dead port 2/2 on $mux $flatten\us.$procmux$1403.
    dead port 1/2 on $mux $flatten\us.$procmux$1406.
    dead port 2/2 on $mux $flatten\us.$procmux$1424.
    dead port 1/2 on $mux $flatten\us.$procmux$1427.
    dead port 1/2 on $mux $flatten\us.$procmux$1435.
    dead port 1/2 on $mux $flatten\us.$procmux$1451.
    dead port 1/2 on $mux $flatten\us.$procmux$1459.
    dead port 1/2 on $mux $flatten\us.$procmux$1467.
    dead port 1/2 on $mux $flatten\us.$procmux$1473.
    dead port 1/2 on $mux $flatten\us.$procmux$1481.
    dead port 1/2 on $mux $flatten\us.$procmux$1488.
    dead port 1/2 on $mux $flatten\us.$procmux$1495.
Removed 84 multiplexer ports.
<suppressed ~133 debug messages>

6.8.5.4. Executing OPT_REDUCE pass (consolidate $*mux and $reduce_* inputs).
  Optimizing cells in module \visionaid_top.
    New ctrl vector for $pmux cell $flatten\pl.$procmux$2187: $auto$opt_reduce.cc:137:opt_pmux$2512
    New ctrl vector for $pmux cell $flatten\pl.$procmux$2203: $auto$opt_reduce.cc:137:opt_pmux$2514
    New ctrl vector for $pmux cell $flatten\pl.$procmux$2220: $auto$opt_reduce.cc:137:opt_pmux$2516
    New ctrl vector for $pmux cell $flatten\pl.$procmux$2238: $auto$opt_reduce.cc:137:opt_pmux$2518
    New ctrl vector for $pmux cell $flatten\pl.$procmux$2257: $auto$opt_reduce.cc:137:opt_pmux$2520
    Consolidated identical input bits for $mux cell $flatten\lid.$procmux$1662:
      Old ports: A=8'00000000, B=8'11111111, Y=$flatten\lid.$procmux$1662_Y
      New ports: A=1'0, B=1'1, Y=$flatten\lid.$procmux$1662_Y [0]
      New connections: $flatten\lid.$procmux$1662_Y [7:1] = { $flatten\lid.$procmux$1662_Y [0] $flatten\lid.$procmux$1662_Y [0] $flatten\lid.$procmux$1662_Y [0] $flatten\lid.$procmux$1662_Y [0] $flatten\lid.$procmux$1662_Y [0] $flatten\lid.$procmux$1662_Y [0] $flatten\lid.$procmux$1662_Y [0] }
    New ctrl vector for $pmux cell $flatten\us.$procmux$1429: { $flatten\us.$procmux$1425_CMP $auto$opt_reduce.cc:137:opt_pmux$2522 }
    New ctrl vector for $pmux cell $flatten\us.$procmux$1445: { $flatten\us.$procmux$1174_CMP $auto$opt_reduce.cc:137:opt_pmux$2524 }
    New ctrl vector for $pmux cell $flatten\us.$procmux$1453: { $flatten\us.$procmux$1235_CMP $flatten\us.$procmux$1174_CMP $auto$opt_reduce.cc:137:opt_pmux$2526 }
    New ctrl vector for $pmux cell $flatten\us.$procmux$1461: { $flatten\us.$procmux$1174_CMP $auto$opt_reduce.cc:137:opt_pmux$2528 }
    New ctrl vector for $pmux cell $flatten\us.$procmux$1475: { $flatten\us.$procmux$1235_CMP $auto$opt_reduce.cc:137:opt_pmux$2530 }
    Consolidated identical input bits for $mux cell $flatten\us.$procmux$1525:
      Old ports: A=2'00, B=2'11, Y=$flatten\us.$0$memwr$\miss$rtl/va_ultrasonic.v:45$782_EN[1:0]$797
      New ports: A=1'0, B=1'1, Y=$flatten\us.$0$memwr$\miss$rtl/va_ultrasonic.v:45$782_EN[1:0]$797 [0]
      New connections: $flatten\us.$0$memwr$\miss$rtl/va_ultrasonic.v:45$782_EN[1:0]$797 [1] = $flatten\us.$0$memwr$\miss$rtl/va_ultrasonic.v:45$782_EN[1:0]$797 [0]
    Consolidated identical input bits for $mux cell $flatten\us.$procmux$1528:
      Old ports: A=2'00, B=2'11, Y=$flatten\us.$0$memwr$\miss$rtl/va_ultrasonic.v:45$781_EN[1:0]$796
      New ports: A=1'0, B=1'1, Y=$flatten\us.$0$memwr$\miss$rtl/va_ultrasonic.v:45$781_EN[1:0]$796 [0]
      New connections: $flatten\us.$0$memwr$\miss$rtl/va_ultrasonic.v:45$781_EN[1:0]$796 [1] = $flatten\us.$0$memwr$\miss$rtl/va_ultrasonic.v:45$781_EN[1:0]$796 [0]
    Consolidated identical input bits for $mux cell $flatten\us.$procmux$1531:
      Old ports: A=2'00, B=2'11, Y=$flatten\us.$0$memwr$\miss$rtl/va_ultrasonic.v:45$780_EN[1:0]$795
      New ports: A=1'0, B=1'1, Y=$flatten\us.$0$memwr$\miss$rtl/va_ultrasonic.v:45$780_EN[1:0]$795 [0]
      New connections: $flatten\us.$0$memwr$\miss$rtl/va_ultrasonic.v:45$780_EN[1:0]$795 [1] = $flatten\us.$0$memwr$\miss$rtl/va_ultrasonic.v:45$780_EN[1:0]$795 [0]
    New ctrl vector for $pmux cell $flatten\us.$procmux$1603: $auto$opt_reduce.cc:137:opt_pmux$2532
  Optimizing cells in module \visionaid_top.
    Consolidated identical input bits for $mux cell $flatten\lid.$procmux$1707:
      Old ports: A=$flatten\lid.$5$memwr$\b$rtl/va_alerts.v:110$191_EN[7:0]$223, B=8'00000000, Y=$flatten\lid.$procmux$1707_Y
      New ports: A=$flatten\lid.$procmux$1662_Y [0], B=1'0, Y=$flatten\lid.$procmux$1707_Y [0]
      New connections: $flatten\lid.$procmux$1707_Y [7:1] = { $flatten\lid.$procmux$1707_Y [0] $flatten\lid.$procmux$1707_Y [0] $flatten\lid.$procmux$1707_Y [0] $flatten\lid.$procmux$1707_Y [0] $flatten\lid.$procmux$1707_Y [0] $flatten\lid.$procmux$1707_Y [0] $flatten\lid.$procmux$1707_Y [0] }
  Optimizing cells in module \visionaid_top.
    Consolidated identical input bits for $mux cell $flatten\lid.$procmux$1743:
      Old ports: A=$flatten\lid.$4$memwr$\b$rtl/va_alerts.v:110$191_EN[7:0]$217, B=8'00000000, Y=$flatten\lid.$procmux$1743_Y
      New ports: A=$flatten\lid.$procmux$1707_Y [0], B=1'0, Y=$flatten\lid.$procmux$1743_Y [0]
      New connections: $flatten\lid.$procmux$1743_Y [7:1] = { $flatten\lid.$procmux$1743_Y [0] $flatten\lid.$procmux$1743_Y [0] $flatten\lid.$procmux$1743_Y [0] $flatten\lid.$procmux$1743_Y [0] $flatten\lid.$procmux$1743_Y [0] $flatten\lid.$procmux$1743_Y [0] $flatten\lid.$procmux$1743_Y [0] }
  Optimizing cells in module \visionaid_top.
    Consolidated identical input bits for $mux cell $flatten\lid.$procmux$1769:
      Old ports: A=8'00000000, B=$flatten\lid.$3$memwr$\b$rtl/va_alerts.v:110$191_EN[7:0]$211, Y=$flatten\lid.$procmux$1769_Y
      New ports: A=1'0, B=$flatten\lid.$procmux$1743_Y [0], Y=$flatten\lid.$procmux$1769_Y [0]
      New connections: $flatten\lid.$procmux$1769_Y [7:1] = { $flatten\lid.$procmux$1769_Y [0] $flatten\lid.$procmux$1769_Y [0] $flatten\lid.$procmux$1769_Y [0] $flatten\lid.$procmux$1769_Y [0] $flatten\lid.$procmux$1769_Y [0] $flatten\lid.$procmux$1769_Y [0] $flatten\lid.$procmux$1769_Y [0] }
  Optimizing cells in module \visionaid_top.
    Consolidated identical input bits for $mux cell $flatten\lid.$procmux$1787:
      Old ports: A=$flatten\lid.$2$memwr$\b$rtl/va_alerts.v:110$191_EN[7:0]$207, B=8'00000000, Y=$flatten\lid.$0$memwr$\b$rtl/va_alerts.v:110$191_EN[7:0]$195
      New ports: A=$flatten\lid.$procmux$1769_Y [0], B=1'0, Y=$flatten\lid.$0$memwr$\b$rtl/va_alerts.v:110$191_EN[7:0]$195 [0]
      New connections: $flatten\lid.$0$memwr$\b$rtl/va_alerts.v:110$191_EN[7:0]$195 [7:1] = { $flatten\lid.$0$memwr$\b$rtl/va_alerts.v:110$191_EN[7:0]$195 [0] $flatten\lid.$0$memwr$\b$rtl/va_alerts.v:110$191_EN[7:0]$195 [0] $flatten\lid.$0$memwr$\b$rtl/va_alerts.v:110$191_EN[7:0]$195 [0] $flatten\lid.$0$memwr$\b$rtl/va_alerts.v:110$191_EN[7:0]$195 [0] $flatten\lid.$0$memwr$\b$rtl/va_alerts.v:110$191_EN[7:0]$195 [0] $flatten\lid.$0$memwr$\b$rtl/va_alerts.v:110$191_EN[7:0]$195 [0] $flatten\lid.$0$memwr$\b$rtl/va_alerts.v:110$191_EN[7:0]$195 [0] }
  Optimizing cells in module \visionaid_top.
Performed a total of 19 changes.

6.8.5.5. Executing OPT_MERGE pass (detect identical cells).
Finding identical cells in module `\visionaid_top'.
<suppressed ~33 debug messages>
Removed a total of 11 cells.

6.8.5.6. Executing OPT_DFF pass (perform DFF optimizations).

6.8.5.7. Executing OPT_CLEAN pass (remove unused cells and wires).
Finding unused cells or wires in module \visionaid_top..
Removed 0 unused cells and 222 unused wires.
<suppressed ~1 debug messages>

6.8.5.8. Executing OPT_EXPR pass (perform const folding).
Optimizing module visionaid_top.

6.8.5.9. Rerunning OPT passes. (Maybe there is more to do..)

6.8.5.10. Executing OPT_MUXTREE pass (detect dead branches in mux trees).
Running muxtree optimizer on module \visionaid_top..
  Creating internal representation of mux trees.
  Evaluating internal representation of mux trees.
  Analyzing evaluation results.
Removed 0 multiplexer ports.
<suppressed ~132 debug messages>

6.8.5.11. Executing OPT_REDUCE pass (consolidate $*mux and $reduce_* inputs).
  Optimizing cells in module \visionaid_top.
    New ctrl vector for $pmux cell $flatten\lrx.$procmux$1153: { $flatten\lrx.$procmux$1136_CMP $flatten\lrx.$procmux$1115_CMP $auto$opt_reduce.cc:137:opt_pmux$2534 }
    New ctrl vector for $pmux cell $flatten\pl.\urx.$procmux$1153: { $flatten\pl.\urx.$procmux$1136_CMP $flatten\pl.\urx.$procmux$1115_CMP $auto$opt_reduce.cc:137:opt_pmux$2536 }
  Optimizing cells in module \visionaid_top.
Performed a total of 2 changes.

6.8.5.12. Executing OPT_MERGE pass (detect identical cells).
Finding identical cells in module `\visionaid_top'.
Removed a total of 0 cells.

6.8.5.13. Executing OPT_DFF pass (perform DFF optimizations).

6.8.5.14. Executing OPT_CLEAN pass (remove unused cells and wires).
Finding unused cells or wires in module \visionaid_top..

6.8.5.15. Executing OPT_EXPR pass (perform const folding).
Optimizing module visionaid_top.

6.8.5.16. Rerunning OPT passes. (Maybe there is more to do..)

6.8.5.17. Executing OPT_MUXTREE pass (detect dead branches in mux trees).
Running muxtree optimizer on module \visionaid_top..
  Creating internal representation of mux trees.
  Evaluating internal representation of mux trees.
  Analyzing evaluation results.
Removed 0 multiplexer ports.
<suppressed ~132 debug messages>

6.8.5.18. Executing OPT_REDUCE pass (consolidate $*mux and $reduce_* inputs).
  Optimizing cells in module \visionaid_top.
Performed a total of 0 changes.

6.8.5.19. Executing OPT_MERGE pass (detect identical cells).
Finding identical cells in module `\visionaid_top'.
Removed a total of 0 cells.

6.8.5.20. Executing OPT_DFF pass (perform DFF optimizations).

6.8.5.21. Executing OPT_CLEAN pass (remove unused cells and wires).
Finding unused cells or wires in module \visionaid_top..

6.8.5.22. Executing OPT_EXPR pass (perform const folding).
Optimizing module visionaid_top.

6.8.5.23. Finished OPT passes. (There is nothing left to do.)

6.8.6. Executing FSM pass (extract and optimize FSM).

6.8.6.1. Executing FSM_DETECT pass (finding FSMs in design).
Found FSM state register visionaid_top.lrx.state.
Found FSM state register visionaid_top.pl.ci.
Not marking visionaid_top.pl.frame[0] as FSM state register:
    Users of register don't seem to benefit from recoding.
Found FSM state register visionaid_top.pl.urx.state.
Found FSM state register visionaid_top.us.state.
Not marking visionaid_top.zH.zone as FSM state register:
    Users of register don't seem to benefit from recoding.
Not marking visionaid_top.zL.zone as FSM state register:
    Users of register don't seem to benefit from recoding.
Not marking visionaid_top.zR.zone as FSM state register:
    Users of register don't seem to benefit from recoding.

6.8.6.2. Executing FSM_EXTRACT pass (extracting FSM from design).
Extracting FSM `\lrx.state' from module `\visionaid_top'.
  found $dff cell for state register: $flatten\lrx.$procdff$2399
  root of input selection tree: $flatten\lrx.$0\state[1:0]
  found reset state: 2'00 (guessed from mux tree)
  found ctrl input: \rst_sh [3]
  found ctrl input: $flatten\lrx.$procmux$1093_CMP
  found ctrl input: $flatten\lrx.$procmux$1102_CMP
  found ctrl input: $flatten\lrx.$procmux$1115_CMP
  found ctrl input: $flatten\lrx.$procmux$1136_CMP
  found ctrl input: $flatten\lrx.$eq$rtl/va_common.v:104$692_Y
  found state code: 2'00
  found ctrl input: $flatten\lrx.$eq$rtl/va_common.v:101$689_Y
  found state code: 2'11
  found ctrl input: $flatten\lrx.$eq$rtl/va_common.v:93$685_Y
  found ctrl input: \s3.s [1]
  found state code: 2'10
  found state code: 2'01
  found ctrl output: $flatten\lrx.$procmux$1136_CMP
  found ctrl output: $flatten\lrx.$procmux$1115_CMP
  found ctrl output: $flatten\lrx.$procmux$1102_CMP
  found ctrl output: $flatten\lrx.$procmux$1093_CMP
  ctrl inputs: { $flatten\lrx.$eq$rtl/va_common.v:93$685_Y $flatten\lrx.$eq$rtl/va_common.v:101$689_Y $flatten\lrx.$eq$rtl/va_common.v:104$692_Y \s3.s [1] \rst_sh [3] }
  ctrl outputs: { $flatten\lrx.$0\state[1:0] $flatten\lrx.$procmux$1093_CMP $flatten\lrx.$procmux$1102_CMP $flatten\lrx.$procmux$1115_CMP $flatten\lrx.$procmux$1136_CMP }
  transition:       2'00 5'---00 ->       2'01 6'010001
  transition:       2'00 5'---10 ->       2'00 6'000001
  transition:       2'00 5'----1 ->       2'00 6'000001
  transition:       2'10 5'--0-0 ->       2'10 6'100100
  transition:       2'10 5'-01-0 ->       2'10 6'100100
  transition:       2'10 5'-11-0 ->       2'11 6'110100
  transition:       2'10 5'----1 ->       2'00 6'000100
  transition:       2'01 5'0---0 ->       2'01 6'010010
  transition:       2'01 5'1--00 ->       2'10 6'100010
  transition:       2'01 5'1--10 ->       2'00 6'000010
  transition:       2'01 5'----1 ->       2'00 6'000010
  transition:       2'11 5'--0-0 ->       2'11 6'111000
  transition:       2'11 5'--1-0 ->       2'00 6'001000
  transition:       2'11 5'----1 ->       2'00 6'001000
Extracting FSM `\pl.ci' from module `\visionaid_top'.
  found $dff cell for state register: $flatten\pl.$procdff$2470
  root of input selection tree: $flatten\pl.$0\ci[2:0]
  found reset state: 3'000 (guessed from mux tree)
  found ctrl input: \rst_sh [3]
  found ctrl input: \pl.urx.valid
  found ctrl input: $flatten\pl.$procmux$2155_CMP
  found ctrl input: $flatten\pl.$procmux$2174_CMP
  found ctrl input: $flatten\pl.$procmux$2165_CMP
  found ctrl input: $flatten\pl.$procmux$2176_CMP
  found state code: 3'000
  found state code: 3'100
  found state code: 3'011
  found state code: 3'010
  found ctrl input: $flatten\pl.$eq$rtl/va_pilink.v:40$736_Y
  found state code: 3'001
  found ctrl output: $flatten\pl.$procmux$2176_CMP
  found ctrl output: $flatten\pl.$procmux$2174_CMP
  found ctrl output: $flatten\pl.$procmux$2165_CMP
  found ctrl output: $flatten\pl.$procmux$2155_CMP
  ctrl inputs: { $flatten\pl.$eq$rtl/va_pilink.v:40$736_Y \pl.urx.valid \rst_sh [3] }
  ctrl outputs: { $flatten\pl.$0\ci[2:0] $flatten\pl.$procmux$2155_CMP $flatten\pl.$procmux$2165_CMP $flatten\pl.$procmux$2174_CMP $flatten\pl.$procmux$2176_CMP }
  transition:      3'000 3'-00 ->      3'000 7'0000001
  transition:      3'000 3'010 ->      3'000 7'0000001
  transition:      3'000 3'110 ->      3'001 7'0010001
  transition:      3'000 3'--1 ->      3'000 7'0000001
  transition:      3'100 3'-00 ->      3'100 7'1000000
  transition:      3'100 3'-10 ->      3'000 7'0000000
  transition:      3'100 3'--1 ->      3'000 7'0000000
  transition:      3'010 3'-00 ->      3'010 7'0100010
  transition:      3'010 3'-10 ->      3'011 7'0110010
  transition:      3'010 3'--1 ->      3'000 7'0000010
  transition:      3'001 3'-00 ->      3'001 7'0010100
  transition:      3'001 3'-10 ->      3'010 7'0100100
  transition:      3'001 3'--1 ->      3'000 7'0000100
  transition:      3'011 3'-00 ->      3'011 7'0111000
  transition:      3'011 3'-10 ->      3'100 7'1001000
  transition:      3'011 3'--1 ->      3'000 7'0001000
Extracting FSM `\pl.urx.state' from module `\visionaid_top'.
  found $dff cell for state register: $flatten\pl.\urx.$procdff$2399
  root of input selection tree: $flatten\pl.\urx.$0\state[1:0]
  found reset state: 2'00 (guessed from mux tree)
  found ctrl input: \rst_sh [3]
  found ctrl input: $flatten\pl.\urx.$procmux$1093_CMP
  found ctrl input: $flatten\pl.\urx.$procmux$1102_CMP
  found ctrl input: $flatten\pl.\urx.$procmux$1115_CMP
  found ctrl input: $flatten\pl.\urx.$procmux$1136_CMP
  found ctrl input: $flatten\pl.\urx.$eq$rtl/va_common.v:104$692_Y
  found state code: 2'00
  found ctrl input: $flatten\pl.\urx.$eq$rtl/va_common.v:101$689_Y
  found state code: 2'11
  found ctrl input: $flatten\pl.\urx.$eq$rtl/va_common.v:93$685_Y
  found ctrl input: \s4.s [1]
  found state code: 2'10
  found state code: 2'01
  found ctrl output: $flatten\pl.\urx.$procmux$1093_CMP
  found ctrl output: $flatten\pl.\urx.$procmux$1102_CMP
  found ctrl output: $flatten\pl.\urx.$procmux$1115_CMP
  found ctrl output: $flatten\pl.\urx.$procmux$1136_CMP
  ctrl inputs: { $flatten\pl.\urx.$eq$rtl/va_common.v:104$692_Y $flatten\pl.\urx.$eq$rtl/va_common.v:101$689_Y $flatten\pl.\urx.$eq$rtl/va_common.v:93$685_Y \s4.s [1] \rst_sh [3] }
  ctrl outputs: { $flatten\pl.\urx.$procmux$1136_CMP $flatten\pl.\urx.$procmux$1115_CMP $flatten\pl.\urx.$procmux$1102_CMP $flatten\pl.\urx.$procmux$1093_CMP $flatten\pl.\urx.$0\state[1:0] }
  transition:       2'00 5'---00 ->       2'01 6'100001
  transition:       2'00 5'---10 ->       2'00 6'100000
  transition:       2'00 5'----1 ->       2'00 6'100000
  transition:       2'10 5'0---0 ->       2'10 6'001010
  transition:       2'10 5'10--0 ->       2'10 6'001010
  transition:       2'10 5'11--0 ->       2'11 6'001011
  transition:       2'10 5'----1 ->       2'00 6'001000
  transition:       2'01 5'--0-0 ->       2'01 6'010001
  transition:       2'01 5'--100 ->       2'10 6'010010
  transition:       2'01 5'--110 ->       2'00 6'010000
  transition:       2'01 5'----1 ->       2'00 6'010000
  transition:       2'11 5'0---0 ->       2'11 6'000111
  transition:       2'11 5'1---0 ->       2'00 6'000100
  transition:       2'11 5'----1 ->       2'00 6'000100
Extracting FSM `\us.state' from module `\visionaid_top'.
  found $dff cell for state register: $flatten\us.$procdff$2402
  root of input selection tree: $flatten\us.$0\state[1:0]
  found reset state: 2'00 (guessed from mux tree)
  found ctrl input: \rst_sh [3]
  found ctrl input: $flatten\us.$procmux$1430_CMP
  found ctrl input: $flatten\us.$procmux$1174_CMP
  found ctrl input: $flatten\us.$procmux$1235_CMP
  found ctrl input: $flatten\us.$procmux$1425_CMP
  found ctrl input: $flatten\us.$ge$rtl/va_ultrasonic.v:84$904_Y
  found state code: 2'00
  found ctrl input: $flatten\us.$logic_or$rtl/va_ultrasonic.v:70$877_Y
  found state code: 2'11
  found ctrl input: $flatten\us.$logic_and$rtl/va_ultrasonic.v:58$845_Y
  found ctrl input: $flatten\us.$ge$rtl/va_ultrasonic.v:61$851_Y
  found state code: 2'10
  found ctrl input: $flatten\us.$logic_and$rtl/va_ultrasonic.v:52$842_Y
  found state code: 2'01
  found ctrl output: $flatten\us.$procmux$1430_CMP
  found ctrl output: $flatten\us.$procmux$1425_CMP
  found ctrl output: $flatten\us.$procmux$1235_CMP
  found ctrl output: $flatten\us.$procmux$1174_CMP
  ctrl inputs: { $flatten\us.$logic_and$rtl/va_ultrasonic.v:52$842_Y $flatten\us.$logic_and$rtl/va_ultrasonic.v:58$845_Y $flatten\us.$ge$rtl/va_ultrasonic.v:61$851_Y $flatten\us.$logic_or$rtl/va_ultrasonic.v:70$877_Y $flatten\us.$ge$rtl/va_ultrasonic.v:84$904_Y \rst_sh [3] }
  ctrl outputs: { $flatten\us.$0\state[1:0] $flatten\us.$procmux$1174_CMP $flatten\us.$procmux$1235_CMP $flatten\us.$procmux$1425_CMP $flatten\us.$procmux$1430_CMP }
  transition:       2'00 6'0----0 ->       2'00 6'000010
  transition:       2'00 6'1----0 ->       2'01 6'010010
  transition:       2'00 6'-----1 ->       2'00 6'000010
  transition:       2'10 6'---0-0 ->       2'10 6'101000
  transition:       2'10 6'---1-0 ->       2'11 6'111000
  transition:       2'10 6'-----1 ->       2'00 6'001000
  transition:       2'01 6'-00--0 ->       2'01 6'010100
  transition:       2'01 6'-01--0 ->       2'11 6'110100
  transition:       2'01 6'-1---0 ->       2'10 6'100100
  transition:       2'01 6'-----1 ->       2'00 6'000100
  transition:       2'11 6'----00 ->       2'11 6'110001
  transition:       2'11 6'----10 ->       2'00 6'000001
  transition:       2'11 6'-----1 ->       2'00 6'000001

6.8.6.3. Executing FSM_OPT pass (simple optimizations of FSMs).
Optimizing FSM `$fsm$\us.state$2555' from module `\visionaid_top'.
Optimizing FSM `$fsm$\pl.urx.state$2549' from module `\visionaid_top'.
Optimizing FSM `$fsm$\pl.ci$2543' from module `\visionaid_top'.
Optimizing FSM `$fsm$\lrx.state$2537' from module `\visionaid_top'.

6.8.6.4. Executing OPT_CLEAN pass (remove unused cells and wires).
Finding unused cells or wires in module \visionaid_top..
Removed 47 unused cells and 47 unused wires.
<suppressed ~48 debug messages>

6.8.6.5. Executing FSM_OPT pass (simple optimizations of FSMs).
Optimizing FSM `$fsm$\lrx.state$2537' from module `\visionaid_top'.
  Removing unused output signal $flatten\lrx.$0\state[1:0] [0].
  Removing unused output signal $flatten\lrx.$0\state[1:0] [1].
Optimizing FSM `$fsm$\pl.ci$2543' from module `\visionaid_top'.
  Removing unused output signal $flatten\pl.$0\ci[2:0] [0].
  Removing unused output signal $flatten\pl.$0\ci[2:0] [1].
  Removing unused output signal $flatten\pl.$0\ci[2:0] [2].
Optimizing FSM `$fsm$\pl.urx.state$2549' from module `\visionaid_top'.
  Removing unused output signal $flatten\pl.\urx.$0\state[1:0] [0].
  Removing unused output signal $flatten\pl.\urx.$0\state[1:0] [1].
Optimizing FSM `$fsm$\us.state$2555' from module `\visionaid_top'.
  Removing unused output signal $flatten\us.$0\state[1:0] [0].
  Removing unused output signal $flatten\us.$0\state[1:0] [1].

6.8.6.6. Executing FSM_RECODE pass (re-assigning FSM state encoding).
Recoding FSM `$fsm$\lrx.state$2537' from module `\visionaid_top' using `auto' encoding:
  mapping auto encoding to `one-hot` for this FSM.
  00 -> ---1
  10 -> --1-
  01 -> -1--
  11 -> 1---
Recoding FSM `$fsm$\pl.ci$2543' from module `\visionaid_top' using `auto' encoding:
  mapping auto encoding to `one-hot` for this FSM.
  000 -> ----1
  100 -> ---1-
  010 -> --1--
  001 -> -1---
  011 -> 1----
Recoding FSM `$fsm$\pl.urx.state$2549' from module `\visionaid_top' using `auto' encoding:
  mapping auto encoding to `one-hot` for this FSM.
  00 -> ---1
  10 -> --1-
  01 -> -1--
  11 -> 1---
Recoding FSM `$fsm$\us.state$2555' from module `\visionaid_top' using `auto' encoding:
  mapping auto encoding to `one-hot` for this FSM.
  00 -> ---1
  10 -> --1-
  01 -> -1--
  11 -> 1---

6.8.6.7. Executing FSM_INFO pass (dumping all available information on FSM cells).

FSM `$fsm$\lrx.state$2537' from module `visionaid_top':
-------------------------------------

  Information on FSM $fsm$\lrx.state$2537 (\lrx.state):

  Number of input signals:    5
  Number of output signals:   4
  Number of state bits:       4

  Input signals:
    0: \rst_sh [3]
    1: \s3.s [1]
    2: $flatten\lrx.$eq$rtl/va_common.v:104$692_Y
    3: $flatten\lrx.$eq$rtl/va_common.v:101$689_Y
    4: $flatten\lrx.$eq$rtl/va_common.v:93$685_Y

  Output signals:
    0: $flatten\lrx.$procmux$1136_CMP
    1: $flatten\lrx.$procmux$1115_CMP
    2: $flatten\lrx.$procmux$1102_CMP
    3: $flatten\lrx.$procmux$1093_CMP

  State encoding:
    0:     4'---1  <RESET STATE>
    1:     4'--1-
    2:     4'-1--
    3:     4'1---

  Transition Table (state_in, ctrl_in, state_out, ctrl_out):
      0:     0 5'---10   ->     0 4'0001
      1:     0 5'----1   ->     0 4'0001
      2:     0 5'---00   ->     2 4'0001
      3:     1 5'----1   ->     0 4'0100
      4:     1 5'--0-0   ->     1 4'0100
      5:     1 5'-01-0   ->     1 4'0100
      6:     1 5'-11-0   ->     3 4'0100
      7:     2 5'1--10   ->     0 4'0010
      8:     2 5'----1   ->     0 4'0010
      9:     2 5'1--00   ->     1 4'0010
     10:     2 5'0---0   ->     2 4'0010
     11:     3 5'--1-0   ->     0 4'1000
     12:     3 5'----1   ->     0 4'1000
     13:     3 5'--0-0   ->     3 4'1000

-------------------------------------

FSM `$fsm$\pl.ci$2543' from module `visionaid_top':
-------------------------------------

  Information on FSM $fsm$\pl.ci$2543 (\pl.ci):

  Number of input signals:    3
  Number of output signals:   4
  Number of state bits:       5

  Input signals:
    0: \rst_sh [3]
    1: \pl.urx.valid
    2: $flatten\pl.$eq$rtl/va_pilink.v:40$736_Y

  Output signals:
    0: $flatten\pl.$procmux$2176_CMP
    1: $flatten\pl.$procmux$2174_CMP
    2: $flatten\pl.$procmux$2165_CMP
    3: $flatten\pl.$procmux$2155_CMP

  State encoding:
    0:    5'----1  <RESET STATE>
    1:    5'---1-
    2:    5'--1--
    3:    5'-1---
    4:    5'1----

  Transition Table (state_in, ctrl_in, state_out, ctrl_out):
      0:     0 3'-00   ->     0 4'0001
      1:     0 3'010   ->     0 4'0001
      2:     0 3'--1   ->     0 4'0001
      3:     0 3'110   ->     3 4'0001
      4:     1 3'-10   ->     0 4'0000
      5:     1 3'--1   ->     0 4'0000
      6:     1 3'-00   ->     1 4'0000
      7:     2 3'--1   ->     0 4'0010
      8:     2 3'-00   ->     2 4'0010
      9:     2 3'-10   ->     4 4'0010
     10:     3 3'--1   ->     0 4'0100
     11:     3 3'-10   ->     2 4'0100
     12:     3 3'-00   ->     3 4'0100
     13:     4 3'--1   ->     0 4'1000
     14:     4 3'-10   ->     1 4'1000
     15:     4 3'-00   ->     4 4'1000

-------------------------------------

FSM `$fsm$\pl.urx.state$2549' from module `visionaid_top':
-------------------------------------

  Information on FSM $fsm$\pl.urx.state$2549 (\pl.urx.state):

  Number of input signals:    5
  Number of output signals:   4
  Number of state bits:       4

  Input signals:
    0: \rst_sh [3]
    1: \s4.s [1]
    2: $flatten\pl.\urx.$eq$rtl/va_common.v:93$685_Y
    3: $flatten\pl.\urx.$eq$rtl/va_common.v:101$689_Y
    4: $flatten\pl.\urx.$eq$rtl/va_common.v:104$692_Y

  Output signals:
    0: $flatten\pl.\urx.$procmux$1093_CMP
    1: $flatten\pl.\urx.$procmux$1102_CMP
    2: $flatten\pl.\urx.$procmux$1115_CMP
    3: $flatten\pl.\urx.$procmux$1136_CMP

  State encoding:
    0:     4'---1  <RESET STATE>
    1:     4'--1-
    2:     4'-1--
    3:     4'1---

  Transition Table (state_in, ctrl_in, state_out, ctrl_out):
      0:     0 5'---10   ->     0 4'1000
      1:     0 5'----1   ->     0 4'1000
      2:     0 5'---00   ->     2 4'1000
      3:     1 5'----1   ->     0 4'0010
      4:     1 5'10--0   ->     1 4'0010
      5:     1 5'0---0   ->     1 4'0010
      6:     1 5'11--0   ->     3 4'0010
      7:     2 5'--110   ->     0 4'0100
      8:     2 5'----1   ->     0 4'0100
      9:     2 5'--100   ->     1 4'0100
     10:     2 5'--0-0   ->     2 4'0100
     11:     3 5'1---0   ->     0 4'0001
     12:     3 5'----1   ->     0 4'0001
     13:     3 5'0---0   ->     3 4'0001

-------------------------------------

FSM `$fsm$\us.state$2555' from module `visionaid_top':
-------------------------------------

  Information on FSM $fsm$\us.state$2555 (\us.state):

  Number of input signals:    6
  Number of output signals:   4
  Number of state bits:       4

  Input signals:
    0: \rst_sh [3]
    1: $flatten\us.$ge$rtl/va_ultrasonic.v:84$904_Y
    2: $flatten\us.$logic_or$rtl/va_ultrasonic.v:70$877_Y
    3: $flatten\us.$ge$rtl/va_ultrasonic.v:61$851_Y
    4: $flatten\us.$logic_and$rtl/va_ultrasonic.v:58$845_Y
    5: $flatten\us.$logic_and$rtl/va_ultrasonic.v:52$842_Y

  Output signals:
    0: $flatten\us.$procmux$1430_CMP
    1: $flatten\us.$procmux$1425_CMP
    2: $flatten\us.$procmux$1235_CMP
    3: $flatten\us.$procmux$1174_CMP

  State encoding:
    0:     4'---1  <RESET STATE>
    1:     4'--1-
    2:     4'-1--
    3:     4'1---

  Transition Table (state_in, ctrl_in, state_out, ctrl_out):
      0:     0 6'0----0   ->     0 4'0010
      1:     0 6'-----1   ->     0 4'0010
      2:     0 6'1----0   ->     2 4'0010
      3:     1 6'-----1   ->     0 4'1000
      4:     1 6'---0-0   ->     1 4'1000
      5:     1 6'---1-0   ->     3 4'1000
      6:     2 6'-----1   ->     0 4'0100
      7:     2 6'-1---0   ->     1 4'0100
      8:     2 6'-00--0   ->     2 4'0100
      9:     2 6'-01--0   ->     3 4'0100
     10:     3 6'----10   ->     0 4'0001
     11:     3 6'-----1   ->     0 4'0001
     12:     3 6'----00   ->     3 4'0001

-------------------------------------

6.8.6.8. Executing FSM_MAP pass (mapping FSMs to basic logic).
Mapping FSM `$fsm$\lrx.state$2537' from module `\visionaid_top'.
Mapping FSM `$fsm$\pl.ci$2543' from module `\visionaid_top'.
Mapping FSM `$fsm$\pl.urx.state$2549' from module `\visionaid_top'.
Mapping FSM `$fsm$\us.state$2555' from module `\visionaid_top'.

6.8.7. Executing OPT pass (performing simple optimizations).

6.8.7.1. Executing OPT_EXPR pass (perform const folding).
Optimizing module visionaid_top.
<suppressed ~21 debug messages>

6.8.7.2. Executing OPT_MERGE pass (detect identical cells).
Finding identical cells in module `\visionaid_top'.
<suppressed ~27 debug messages>
Removed a total of 9 cells.

6.8.7.3. Executing OPT_MUXTREE pass (detect dead branches in mux trees).
Running muxtree optimizer on module \visionaid_top..
  Creating internal representation of mux trees.
  Evaluating internal representation of mux trees.
  Analyzing evaluation results.
Removed 0 multiplexer ports.
<suppressed ~128 debug messages>

6.8.7.4. Executing OPT_REDUCE pass (consolidate $*mux and $reduce_* inputs).
  Optimizing cells in module \visionaid_top.
Performed a total of 0 changes.

6.8.7.5. Executing OPT_MERGE pass (detect identical cells).
Finding identical cells in module `\visionaid_top'.
Removed a total of 0 cells.

6.8.7.6. Executing OPT_DFF pass (perform DFF optimizations).
Adding SRST signal on $procdff$2394 ($dff) from module visionaid_top (D = $procmux$1072_Y, Q = \tick_ms_r, rval = 1'0).
Adding SRST signal on $procdff$2393 ($dff) from module visionaid_top (D = $procmux$1082_Y, Q = \us_cnt, rval = 10'0000000000).
Adding EN signal on $auto$ff.cc:266:slice$2767 ($sdff) from module visionaid_top (D = $procmux$1080_Y, Q = \us_cnt).
Adding SRST signal on $procdff$2392 ($dff) from module visionaid_top (D = $procmux$1066_Y, Q = \quiet_btn, rval = 1'0).
Adding EN signal on $auto$ff.cc:266:slice$2769 ($sdff) from module visionaid_top (D = $not$rtl/visionaid_top.v:89$289_Y, Q = \quiet_btn).
Adding SRST signal on $procdff$2391 ($dff) from module visionaid_top (D = { $procmux$1056_Y [9] $procmux$1056_Y [6] $procmux$1056_Y [4:3] }, Q = { \chirp [9] \chirp [6] \chirp [4:3] }, rval = 4'0000).
Adding SRST signal on $procdff$2391 ($dff) from module visionaid_top (D = { $procmux$1053_Y [8:7] $procmux$1053_Y [5] $procmux$1053_Y [2:0] }, Q = { \chirp [8:7] \chirp [5] \chirp [2:0] }, rval = 6'000000).
Adding EN signal on $auto$ff.cc:266:slice$2772 ($sdff) from module visionaid_top (D = { $sub$rtl/visionaid_top.v:123$317_Y [8:7] $sub$rtl/visionaid_top.v:123$317_Y [5] $sub$rtl/visionaid_top.v:123$317_Y [2:0] }, Q = { \chirp [8:7] \chirp [5] \chirp [2:0] }).
Adding EN signal on $auto$ff.cc:266:slice$2771 ($sdff) from module visionaid_top (D = { $procmux$1056_Y [9] $procmux$1056_Y [6] $procmux$1056_Y [4:3] }, Q = { \chirp [9] \chirp [6] \chirp [4:3] }).
Adding SRST signal on $procdff$2390 ($dff) from module visionaid_top (D = \wd.ai_offline, Q = \ai_d, rval = 1'0).
Adding SRST signal on $procdff$2389 ($dff) from module visionaid_top (D = $procmux$1061_Y, Q = \bt, rval = 13'0000000000000).
Adding EN signal on $auto$ff.cc:266:slice$2780 ($sdff) from module visionaid_top (D = $ternary$rtl/visionaid_top.v:121$312_Y, Q = \bt).
Adding SRST signal on $flatten\zR.$procdff$2443 ($dff) from module visionaid_top (D = $flatten\zR.$procmux$1990_Y, Q = \zR.zone, rval = 2'00).
Adding EN signal on $auto$ff.cc:266:slice$2782 ($sdff) from module visionaid_top (D = $flatten\zR.$procmux$1988_Y, Q = \zR.zone).
Adding SRST signal on $flatten\zL.$procdff$2443 ($dff) from module visionaid_top (D = $flatten\zL.$procmux$1990_Y, Q = \zL.zone, rval = 2'00).
Adding EN signal on $auto$ff.cc:266:slice$2788 ($sdff) from module visionaid_top (D = $flatten\zL.$procmux$1988_Y, Q = \zL.zone).
Adding SRST signal on $flatten\zH.$procdff$2443 ($dff) from module visionaid_top (D = $flatten\zH.$procmux$1990_Y, Q = \zH.zone, rval = 2'00).
Adding EN signal on $auto$ff.cc:266:slice$2794 ($sdff) from module visionaid_top (D = $flatten\zH.$procmux$1988_Y, Q = \zH.zone).
Adding SRST signal on $flatten\wd.$procdff$2446 ($dff) from module visionaid_top (D = \s5.s [1], Q = \wd.hb_d, rval = 1'0).
Adding SRST signal on $flatten\wd.$procdff$2445 ($dff) from module visionaid_top (D = $flatten\wd.$procmux$2004_Y, Q = \wd.ai_offline, rval = 1'1).
Adding EN signal on $auto$ff.cc:266:slice$2801 ($sdff) from module visionaid_top (D = $flatten\wd.$procmux$2004_Y, Q = \wd.ai_offline).
Adding SRST signal on $flatten\wd.$procdff$2444 ($dff) from module visionaid_top (D = $flatten\wd.$procmux$2012_Y, Q = \wd.t, rval = 11'00000000000).
Adding EN signal on $auto$ff.cc:266:slice$2809 ($sdff) from module visionaid_top (D = $flatten\wd.$add$rtl/va_alerts.v:150$775_Y, Q = \wd.t).
Adding SRST signal on $flatten\us.$procdff$2412 ($dff) from module visionaid_top (D = \us.e, Q = \us.echo_d, rval = 1'0).
Adding SRST signal on $flatten\us.$procdff$2411 ($dff) from module visionaid_top (D = $flatten\us.$procmux$1575_Y, Q = \us.echo_t, rval = 16'0000000000000000).
Adding EN signal on $auto$ff.cc:266:slice$2818 ($sdff) from module visionaid_top (D = $flatten\us.$procmux$1575_Y, Q = \us.echo_t).
Adding SRST signal on $flatten\us.$procdff$2410 ($dff) from module visionaid_top (D = $flatten\us.$procmux$1588_Y, Q = \us.slot_t, rval = 16'0000000000000000).
Adding SRST signal on $flatten\us.$procdff$2409 ($dff) from module visionaid_top (D = $flatten\us.$procmux$1595_Y, Q = \us.ch, rval = 2'00).
Adding EN signal on $auto$ff.cc:266:slice$2829 ($sdff) from module visionaid_top (D = $flatten\us.$ternary$rtl/va_ultrasonic.v:86$907_Y, Q = \us.ch).
Adding SRST signal on $flatten\us.$procdff$2408 ($dff) from module visionaid_top (D = $flatten\us.$2$lookahead\fault$788[2:0]$832, Q = \us.fault, rval = 3'000).
Adding EN signal on $auto$ff.cc:266:slice$2833 ($sdff) from module visionaid_top (D = $flatten\us.$2$lookahead\fault$788[2:0]$832, Q = \us.fault).
Adding SRST signal on $flatten\us.$procdff$2407 ($dff) from module visionaid_top (D = $flatten\us.$2$lookahead\meas_valid$789[2:0]$833, Q = \us.meas_valid, rval = 3'000).
Adding SRST signal on $flatten\us.$procdff$2406 ($dff) from module visionaid_top (D = $flatten\us.$procmux$1608_Y, Q = \us.dist2, rval = 16'1111111111111111).
Adding EN signal on $auto$ff.cc:266:slice$2848 ($sdff) from module visionaid_top (D = $flatten\us.$ternary$rtl/va_ultrasonic.v:73$885_Y, Q = \us.dist2).
Adding SRST signal on $flatten\us.$procdff$2405 ($dff) from module visionaid_top (D = $flatten\us.$procmux$1620_Y, Q = \us.dist1, rval = 16'1111111111111111).
Adding EN signal on $auto$ff.cc:266:slice$2854 ($sdff) from module visionaid_top (D = $flatten\us.$ternary$rtl/va_ultrasonic.v:73$885_Y, Q = \us.dist1).
Adding SRST signal on $flatten\us.$procdff$2404 ($dff) from module visionaid_top (D = $flatten\us.$procmux$1633_Y, Q = \us.dist0, rval = 16'1111111111111111).
Adding EN signal on $auto$ff.cc:266:slice$2858 ($sdff) from module visionaid_top (D = $flatten\us.$ternary$rtl/va_ultrasonic.v:73$885_Y, Q = \us.dist0).
Adding SRST signal on $flatten\us.$procdff$2403 ($dff) from module visionaid_top (D = $flatten\us.$2$lookahead\trig$787[2:0]$831, Q = \us.trig, rval = 3'000).
Adding EN signal on $auto$ff.cc:266:slice$2862 ($sdff) from module visionaid_top (D = $flatten\us.$2$lookahead\trig$787[2:0]$831, Q = \us.trig).
Adding SRST signal on $flatten\t_us.$procdff$2478 ($dff) from module visionaid_top (D = $flatten\t_us.$add$rtl/va_common.v:36$911_Y, Q = \t_us.cnt, rval = 5'00000).
Adding SRST signal on $flatten\t_us.$procdff$2477 ($dff) from module visionaid_top (D = $flatten\t_us.$procmux$2313_Y, Q = \t_us.tick, rval = 1'0).
Adding SRST signal on $flatten\s8.$procdff$2473 ($dff) from module visionaid_top (D = { \s8.s [0] \btn_quiet_n }, Q = \s8.s, rval = 2'11).
Adding SRST signal on $flatten\s7.$procdff$2473 ($dff) from module visionaid_top (D = { \s7.s [0] \btn_mode_n }, Q = \s7.s, rval = 2'11).
Adding SRST signal on $flatten\s6.$procdff$2473 ($dff) from module visionaid_top (D = { \s6.s [0] \btn_read_n }, Q = \s6.s, rval = 2'11).
Adding SRST signal on $flatten\s5.$procdff$2479 ($dff) from module visionaid_top (D = { \s5.s [0] \pi_hb }, Q = \s5.s, rval = 2'00).
Adding SRST signal on $flatten\s4.$procdff$2473 ($dff) from module visionaid_top (D = { \s4.s [0] \pi_txd }, Q = \s4.s, rval = 2'11).
Adding SRST signal on $flatten\s3.$procdff$2473 ($dff) from module visionaid_top (D = { \s3.s [0] \lidar_rx }, Q = \s3.s, rval = 2'11).
Adding SRST signal on $flatten\s2.$procdff$2479 ($dff) from module visionaid_top (D = { \s2.s [0] \us_echo [2] }, Q = \s2.s, rval = 2'00).
Adding SRST signal on $flatten\s1.$procdff$2479 ($dff) from module visionaid_top (D = { \s1.s [0] \us_echo [1] }, Q = \s1.s, rval = 2'00).
Adding SRST signal on $flatten\s0.$procdff$2479 ($dff) from module visionaid_top (D = { \s0.s [0] \us_echo [0] }, Q = \s0.s, rval = 2'00).
Adding SRST signal on $flatten\pl.\utx.$procdff$2331 ($dff) from module visionaid_top (D = $flatten\pl.\utx.$procmux$926_Y, Q = \pl.utx.active, rval = 1'0).
Adding SRST signal on $flatten\pl.\utx.$procdff$2330 ($dff) from module visionaid_top (D = \pl.utx.sh [0], Q = \pl.utx.tx, rval = 1'1).
Adding EN signal on $flatten\pl.\utx.$procdff$2329 ($dff) from module visionaid_top (D = $flatten\pl.\utx.$procmux$937_Y, Q = \pl.utx.sh).
Adding SRST signal on $flatten\pl.\utx.$procdff$2328 ($dff) from module visionaid_top (D = $flatten\pl.\utx.$procmux$948_Y, Q = \pl.utx.bitn, rval = 4'0000).
Adding EN signal on $auto$ff.cc:266:slice$2894 ($sdff) from module visionaid_top (D = $flatten\pl.\utx.$procmux$948_Y, Q = \pl.utx.bitn).
Adding SRST signal on $flatten\pl.\utx.$procdff$2327 ($dff) from module visionaid_top (D = $flatten\pl.\utx.$procmux$959_Y, Q = \pl.utx.cnt, rval = 9'000000000).
Adding EN signal on $auto$ff.cc:266:slice$2902 ($sdff) from module visionaid_top (D = $flatten\pl.\utx.$procmux$959_Y, Q = \pl.utx.cnt).
Adding EN signal on $flatten\pl.\urx.$procdff$2401 ($dff) from module visionaid_top (D = { \s4.s [1] \pl.urx.sh [7:1] }, Q = \pl.urx.sh).
Adding SRST signal on $flatten\pl.\urx.$procdff$2400 ($dff) from module visionaid_top (D = $flatten\pl.\urx.$procmux$1110_Y, Q = \pl.urx.bitn, rval = 3'000).
Adding EN signal on $auto$ff.cc:266:slice$2911 ($sdff) from module visionaid_top (D = $flatten\pl.\urx.$procmux$1110_Y, Q = \pl.urx.bitn).
Adding SRST signal on $flatten\pl.\urx.$procdff$2398 ($dff) from module visionaid_top (D = $flatten\pl.\urx.$procmux$1088_Y, Q = \pl.urx.valid, rval = 1'0).
Adding EN signal on $flatten\pl.\urx.$procdff$2397 ($dff) from module visionaid_top (D = \pl.urx.sh, Q = \pl.urx.data).
Adding SRST signal on $flatten\pl.\urx.$procdff$2396 ($dff) from module visionaid_top (D = $flatten\pl.\urx.$procmux$1153_Y, Q = \pl.urx.cnt, rval = 9'000000000).
Adding EN signal on $auto$ff.cc:266:slice$2933 ($sdff) from module visionaid_top (D = $flatten\pl.\urx.$procmux$1153_Y, Q = \pl.urx.cnt).
Adding EN signal on $flatten\pl.$procdff$2472 ($dff) from module visionaid_top (D = \pl.urx.data, Q = \pl.cl).
Adding EN signal on $flatten\pl.$procdff$2471 ($dff) from module visionaid_top (D = \pl.urx.data, Q = \pl.ca).
Adding SRST signal on $flatten\pl.$procdff$2469 ($dff) from module visionaid_top (D = $flatten\pl.$procmux$2192_Y, Q = \pl.quiet, rval = 1'0).
Adding EN signal on $auto$ff.cc:266:slice$2951 ($sdff) from module visionaid_top (D = \pl.cl [0], Q = \pl.quiet).
Adding SRST signal on $flatten\pl.$procdff$2468 ($dff) from module visionaid_top (D = $flatten\pl.$procmux$2208_Y, Q = \pl.baseline_cm, rval = 16'0000000000000000).
Adding EN signal on $auto$ff.cc:266:slice$2957 ($sdff) from module visionaid_top (D = { \pl.ch \pl.cl }, Q = \pl.baseline_cm).
Adding SRST signal on $flatten\pl.$procdff$2467 ($dff) from module visionaid_top (D = $flatten\pl.$procmux$2225_Y, Q = \pl.th_info, rval = 16'0000101110111000).
Adding EN signal on $auto$ff.cc:266:slice$2963 ($sdff) from module visionaid_top (D = $flatten\pl.$ternary$rtl/va_pilink.v:49$746_Y, Q = \pl.th_info).
Adding SRST signal on $flatten\pl.$procdff$2466 ($dff) from module visionaid_top (D = $flatten\pl.$procmux$2243_Y, Q = \pl.th_warn, rval = 16'0000011111010000).
Adding EN signal on $auto$ff.cc:266:slice$2969 ($sdff) from module visionaid_top (D = $flatten\pl.$ternary$rtl/va_pilink.v:48$744_Y, Q = \pl.th_warn).
Adding SRST signal on $flatten\pl.$procdff$2465 ($dff) from module visionaid_top (D = $flatten\pl.$procmux$2262_Y, Q = \pl.th_urgent, rval = 16'0000001111101000).
Adding EN signal on $auto$ff.cc:266:slice$2975 ($sdff) from module visionaid_top (D = $flatten\pl.$ternary$rtl/va_pilink.v:47$742_Y, Q = \pl.th_urgent).
Adding EN signal on $flatten\pl.$procdff$2464 ($dff) from module visionaid_top (D = \pl.urx.data, Q = \pl.ch).
Adding EN signal on $flatten\pl.$procdff$2463 ($dff) from module visionaid_top (D = $flatten\pl.$add$rtl/va_pilink.v:85$762_Y, Q = \pl.frame[10]).
Adding EN signal on $flatten\pl.$procdff$2462 ($dff) from module visionaid_top (D = { \pl.quiet \pl.lm \pl.lr \lid.drop \lid.stale \us.fault }, Q = \pl.frame[9]).
Adding EN signal on $flatten\pl.$procdff$2461 ($dff) from module visionaid_top (D = \lid.dist_cm [7:0], Q = \pl.frame[8]).
Adding EN signal on $flatten\pl.$procdff$2460 ($dff) from module visionaid_top (D = \lid.dist_cm [15:8], Q = \pl.frame[7]).
Adding EN signal on $flatten\pl.$procdff$2459 ($dff) from module visionaid_top (D = \us.dist2 [7:0], Q = \pl.frame[6]).
Adding EN signal on $flatten\pl.$procdff$2458 ($dff) from module visionaid_top (D = \us.dist2 [15:8], Q = \pl.frame[5]).
Adding EN signal on $flatten\pl.$procdff$2457 ($dff) from module visionaid_top (D = \us.dist1 [7:0], Q = \pl.frame[4]).
Adding EN signal on $flatten\pl.$procdff$2456 ($dff) from module visionaid_top (D = \us.dist1 [15:8], Q = \pl.frame[3]).
Adding EN signal on $flatten\pl.$procdff$2455 ($dff) from module visionaid_top (D = \us.dist0 [7:0], Q = \pl.frame[2]).
Adding EN signal on $flatten\pl.$procdff$2454 ($dff) from module visionaid_top (D = \us.dist0 [15:8], Q = \pl.frame[1]).
Adding EN signal on $flatten\pl.$procdff$2453 ($dff) from module visionaid_top (D = 8'10100101, Q = \pl.frame[0]).
Adding SRST signal on $flatten\pl.$procdff$2452 ($dff) from module visionaid_top (D = $flatten\pl.$procmux$2113_Y, Q = \pl.lm, rval = 1'0).
Adding EN signal on $auto$ff.cc:266:slice$3041 ($sdff) from module visionaid_top (D = $flatten\pl.$procmux$2113_Y, Q = \pl.lm).
Adding SRST signal on $flatten\pl.$procdff$2451 ($dff) from module visionaid_top (D = $flatten\pl.$procmux$2121_Y, Q = \pl.lr, rval = 1'0).
Adding EN signal on $auto$ff.cc:266:slice$3045 ($sdff) from module visionaid_top (D = $flatten\pl.$procmux$2121_Y, Q = \pl.lr).
Adding SRST signal on $flatten\pl.$procdff$2450 ($dff) from module visionaid_top (D = $flatten\pl.$procmux$2126_Y, Q = \pl.t_ms, rval = 6'000000).
Adding EN signal on $auto$ff.cc:266:slice$3049 ($sdff) from module visionaid_top (D = $flatten\pl.$ternary$rtl/va_pilink.v:77$750_Y, Q = \pl.t_ms).
Adding SRST signal on $flatten\pl.$procdff$2449 ($dff) from module visionaid_top (D = $flatten\pl.$procmux$2137_Y, Q = \pl.sending, rval = 1'0).
Adding EN signal on $auto$ff.cc:266:slice$3051 ($sdff) from module visionaid_top (D = $flatten\pl.$procmux$2137_Y, Q = \pl.sending).
Adding SRST signal on $flatten\pl.$procdff$2448 ($dff) from module visionaid_top (D = $flatten\pl.$procmux$2145_Y, Q = \pl.ti, rval = 4'0000).
Adding EN signal on $auto$ff.cc:266:slice$3059 ($sdff) from module visionaid_top (D = $flatten\pl.$add$rtl/va_pilink.v:91$768_Y, Q = \pl.ti).
Adding SRST signal on $flatten\pl.$procdff$2447 ($dff) from module visionaid_top (D = $flatten\pl.$procmux$2039_Y, Q = \pl.start, rval = 1'0).
Adding EN signal on $flatten\lrx.$procdff$2401 ($dff) from module visionaid_top (D = { \s3.s [1] \lrx.sh [7:1] }, Q = \lrx.sh).
Adding SRST signal on $flatten\lrx.$procdff$2400 ($dff) from module visionaid_top (D = $flatten\lrx.$procmux$1110_Y, Q = \lrx.bitn, rval = 3'000).
Adding EN signal on $auto$ff.cc:266:slice$3073 ($sdff) from module visionaid_top (D = $flatten\lrx.$procmux$1110_Y, Q = \lrx.bitn).
Adding SRST signal on $flatten\lrx.$procdff$2398 ($dff) from module visionaid_top (D = $flatten\lrx.$procmux$1088_Y, Q = \lrx.valid, rval = 1'0).
Adding EN signal on $flatten\lrx.$procdff$2397 ($dff) from module visionaid_top (D = \lrx.sh, Q = \lrx.data).
Adding SRST signal on $flatten\lrx.$procdff$2396 ($dff) from module visionaid_top (D = $flatten\lrx.$procmux$1153_Y, Q = \lrx.cnt, rval = 9'000000000).
Adding EN signal on $auto$ff.cc:266:slice$3095 ($sdff) from module visionaid_top (D = $flatten\lrx.$procmux$1153_Y, Q = \lrx.cnt).
Adding SRST signal on $flatten\lid.$procdff$2436 ($dff) from module visionaid_top (D = $flatten\lid.$procmux$1818_Y, Q = \lid.hold, rval = 11'00000000000).
Adding SRST signal on $flatten\lid.$procdff$2435 ($dff) from module visionaid_top (D = $flatten\lid.$procmux$1840_Y, Q = \lid.age_ms, rval = 8'00000000).
Adding SRST signal on $flatten\lid.$procdff$2434 ($dff) from module visionaid_top (D = $flatten\lid.$procmux$1863_Y, Q = \lid.over, rval = 2'00).
Adding EN signal on $auto$ff.cc:266:slice$3105 ($sdff) from module visionaid_top (D = $flatten\lid.$procmux$1850_Y, Q = \lid.over).
Adding SRST signal on $flatten\lid.$procdff$2433 ($dff) from module visionaid_top (D = $flatten\lid.$procmux$1878_Y, Q = \lid.sum, rval = 8'00000000).
Adding EN signal on $auto$ff.cc:266:slice$3117 ($sdff) from module visionaid_top (D = $flatten\lid.$procmux$1873_Y, Q = \lid.sum).
Adding SRST signal on $flatten\lid.$procdff$2432 ($dff) from module visionaid_top (D = $flatten\lid.$procmux$1893_Y, Q = \lid.idx, rval = 4'0000).
Adding EN signal on $auto$ff.cc:266:slice$3125 ($sdff) from module visionaid_top (D = $flatten\lid.$procmux$1891_Y, Q = \lid.idx).
Adding SRST signal on $flatten\lid.$procdff$2431 ($dff) from module visionaid_top (D = $flatten\lid.$procmux$1923_Y, Q = \lid.drop, rval = 1'0).
Adding SRST signal on $flatten\lid.$procdff$2430 ($dff) from module visionaid_top (D = $flatten\lid.$procmux$1945_Y, Q = \lid.stale, rval = 1'1).
Adding SRST signal on $flatten\lid.$procdff$2429 ($dff) from module visionaid_top (D = $flatten\lid.$procmux$1962_Y, Q = \lid.dist_cm, rval = 16'0000000000000000).
Adding EN signal on $auto$ff.cc:266:slice$3129 ($sdff) from module visionaid_top (D = { $flatten\lid.$memrd$\b$rtl/va_alerts.v:116$232_DATA $flatten\lid.$memrd$\b$rtl/va_alerts.v:116$231_DATA }, Q = \lid.dist_cm).
Adding SRST signal on $flatten\hr.$procdff$2442 ($dff) from module visionaid_top (D = $flatten\hr.$add$rtl/va_alerts.v:51$181_Y, Q = \hr.pwm, rval = 8'00000000).
Adding SRST signal on $flatten\hr.$procdff$2441 ($dff) from module visionaid_top (D = $flatten\hr.$procmux$1977_Y, Q = \hr.t, rval = 9'000000000).
Adding EN signal on $auto$ff.cc:266:slice$3140 ($sdff) from module visionaid_top (D = $flatten\hr.$ternary$rtl/va_alerts.v:53$186_Y, Q = \hr.t).
Adding SRST signal on $flatten\hr.$procdff$2440 ($dff) from module visionaid_top (D = \hr.zone, Q = \hr.zone_d, rval = 2'00).
Adding SRST signal on $flatten\hl.$procdff$2442 ($dff) from module visionaid_top (D = $flatten\hl.$add$rtl/va_alerts.v:51$181_Y, Q = \hl.pwm, rval = 8'00000000).
Adding SRST signal on $flatten\hl.$procdff$2441 ($dff) from module visionaid_top (D = $flatten\hl.$procmux$1977_Y, Q = \hl.t, rval = 9'000000000).
Adding EN signal on $auto$ff.cc:266:slice$3146 ($sdff) from module visionaid_top (D = $flatten\hl.$ternary$rtl/va_alerts.v:53$186_Y, Q = \hl.t).
Adding SRST signal on $flatten\hl.$procdff$2440 ($dff) from module visionaid_top (D = \hl.zone, Q = \hl.zone_d, rval = 2'00).
Adding SRST signal on $flatten\db_r.$procdff$2476 ($dff) from module visionaid_top (D = $flatten\db_r.$not$rtl/va_common.v:58$6_Y, Q = \db_r.pressed, rval = 1'0).
Adding SRST signal on $flatten\db_r.$procdff$2475 ($dff) from module visionaid_top (D = $flatten\db_r.$procmux$2296_Y, Q = \db_r.level, rval = 1'0).
Adding EN signal on $auto$ff.cc:266:slice$3158 ($sdff) from module visionaid_top (D = $flatten\db_r.$not$rtl/va_common.v:58$6_Y, Q = \db_r.level).
Adding SRST signal on $flatten\db_r.$procdff$2474 ($dff) from module visionaid_top (D = $flatten\db_r.$procmux$2304_Y, Q = \db_r.cnt, rval = 4'0000).
Adding EN signal on $auto$ff.cc:266:slice$3164 ($sdff) from module visionaid_top (D = $flatten\db_r.$procmux$2302_Y, Q = \db_r.cnt).
Adding SRST signal on $flatten\db_q.$procdff$2476 ($dff) from module visionaid_top (D = $flatten\db_q.$not$rtl/va_common.v:58$6_Y, Q = \db_q.pressed, rval = 1'0).
Adding SRST signal on $flatten\db_q.$procdff$2475 ($dff) from module visionaid_top (D = $flatten\db_q.$procmux$2296_Y, Q = \db_q.level, rval = 1'0).
Adding EN signal on $auto$ff.cc:266:slice$3175 ($sdff) from module visionaid_top (D = $flatten\db_q.$not$rtl/va_common.v:58$6_Y, Q = \db_q.level).
Adding SRST signal on $flatten\db_q.$procdff$2474 ($dff) from module visionaid_top (D = $flatten\db_q.$procmux$2304_Y, Q = \db_q.cnt, rval = 4'0000).
Adding EN signal on $auto$ff.cc:266:slice$3181 ($sdff) from module visionaid_top (D = $flatten\db_q.$procmux$2302_Y, Q = \db_q.cnt).
Adding SRST signal on $flatten\db_m.$procdff$2476 ($dff) from module visionaid_top (D = $flatten\db_m.$not$rtl/va_common.v:58$6_Y, Q = \db_m.pressed, rval = 1'0).
Adding SRST signal on $flatten\db_m.$procdff$2475 ($dff) from module visionaid_top (D = $flatten\db_m.$procmux$2296_Y, Q = \db_m.level, rval = 1'0).
Adding EN signal on $auto$ff.cc:266:slice$3192 ($sdff) from module visionaid_top (D = $flatten\db_m.$not$rtl/va_common.v:58$6_Y, Q = \db_m.level).
Adding SRST signal on $flatten\db_m.$procdff$2474 ($dff) from module visionaid_top (D = $flatten\db_m.$procmux$2304_Y, Q = \db_m.cnt, rval = 4'0000).
Adding EN signal on $auto$ff.cc:266:slice$3198 ($sdff) from module visionaid_top (D = $flatten\db_m.$procmux$2302_Y, Q = \db_m.cnt).
Setting constant 1-bit at position 0 on $auto$ff.cc:266:slice$3036 ($dffe) from module visionaid_top.
Setting constant 0-bit at position 1 on $auto$ff.cc:266:slice$3036 ($dffe) from module visionaid_top.
Setting constant 1-bit at position 2 on $auto$ff.cc:266:slice$3036 ($dffe) from module visionaid_top.
Setting constant 0-bit at position 3 on $auto$ff.cc:266:slice$3036 ($dffe) from module visionaid_top.
Setting constant 0-bit at position 4 on $auto$ff.cc:266:slice$3036 ($dffe) from module visionaid_top.
Setting constant 1-bit at position 5 on $auto$ff.cc:266:slice$3036 ($dffe) from module visionaid_top.
Setting constant 0-bit at position 6 on $auto$ff.cc:266:slice$3036 ($dffe) from module visionaid_top.
Setting constant 1-bit at position 7 on $auto$ff.cc:266:slice$3036 ($dffe) from module visionaid_top.

6.8.7.7. Executing OPT_CLEAN pass (remove unused cells and wires).
Finding unused cells or wires in module \visionaid_top..
Removed 217 unused cells and 258 unused wires.
<suppressed ~218 debug messages>

6.8.7.8. Executing OPT_EXPR pass (perform const folding).
Optimizing module visionaid_top.
<suppressed ~20 debug messages>

6.8.7.9. Rerunning OPT passes. (Maybe there is more to do..)

6.8.7.10. Executing OPT_MUXTREE pass (detect dead branches in mux trees).
Running muxtree optimizer on module \visionaid_top..
  Creating internal representation of mux trees.
  Evaluating internal representation of mux trees.
  Analyzing evaluation results.
Removed 0 multiplexer ports.
<suppressed ~77 debug messages>

6.8.7.11. Executing OPT_REDUCE pass (consolidate $*mux and $reduce_* inputs).
  Optimizing cells in module \visionaid_top.
    New ctrl vector for $pmux cell $flatten\us.$procmux$1429: \us.state [0]
    New ctrl vector for $pmux cell $flatten\us.$procmux$1453: \us.state [2:1]
  Optimizing cells in module \visionaid_top.
Performed a total of 2 changes.

6.8.7.12. Executing OPT_MERGE pass (detect identical cells).
Finding identical cells in module `\visionaid_top'.
<suppressed ~117 debug messages>
Removed a total of 39 cells.

6.8.7.13. Executing OPT_DFF pass (perform DFF optimizations).

6.8.7.14. Executing OPT_CLEAN pass (remove unused cells and wires).
Finding unused cells or wires in module \visionaid_top..
Removed 1 unused cells and 40 unused wires.
<suppressed ~2 debug messages>

6.8.7.15. Executing OPT_EXPR pass (perform const folding).
Optimizing module visionaid_top.

6.8.7.16. Rerunning OPT passes. (Maybe there is more to do..)

6.8.7.17. Executing OPT_MUXTREE pass (detect dead branches in mux trees).
Running muxtree optimizer on module \visionaid_top..
  Creating internal representation of mux trees.
  Evaluating internal representation of mux trees.
  Analyzing evaluation results.
Removed 0 multiplexer ports.
<suppressed ~77 debug messages>

6.8.7.18. Executing OPT_REDUCE pass (consolidate $*mux and $reduce_* inputs).
  Optimizing cells in module \visionaid_top.
Performed a total of 0 changes.

6.8.7.19. Executing OPT_MERGE pass (detect identical cells).
Finding identical cells in module `\visionaid_top'.
Removed a total of 0 cells.

6.8.7.20. Executing OPT_DFF pass (perform DFF optimizations).

6.8.7.21. Executing OPT_CLEAN pass (remove unused cells and wires).
Finding unused cells or wires in module \visionaid_top..

6.8.7.22. Executing OPT_EXPR pass (perform const folding).
Optimizing module visionaid_top.

6.8.7.23. Finished OPT passes. (There is nothing left to do.)

6.8.8. Executing WREDUCE pass (reducing word size of cells).
Removed top 29 address bits (of 32) from memory read port visionaid_top.$flatten\lid.$memrd$\b$rtl/va_alerts.v:115$227 (lid.b).
Removed top 29 address bits (of 32) from memory read port visionaid_top.$flatten\lid.$memrd$\b$rtl/va_alerts.v:115$228 (lid.b).
Removed top 29 address bits (of 32) from memory read port visionaid_top.$flatten\lid.$memrd$\b$rtl/va_alerts.v:116$231 (lid.b).
Removed top 29 address bits (of 32) from memory read port visionaid_top.$flatten\lid.$memrd$\b$rtl/va_alerts.v:116$232 (lid.b).
Removed top 30 address bits (of 32) from memory init port visionaid_top.$flatten\us.$auto$proc_memwr.cc:45:proc_memwr$2480 (us.miss).
Removed top 30 address bits (of 32) from memory init port visionaid_top.$flatten\us.$auto$proc_memwr.cc:45:proc_memwr$2481 (us.miss).
Removed top 30 address bits (of 32) from memory init port visionaid_top.$flatten\us.$auto$proc_memwr.cc:45:proc_memwr$2482 (us.miss).
Removed top 1 bits (of 2) from port B of cell visionaid_top.$eq$rtl/visionaid_top.v:99$291 ($eq).
Removed top 1 bits (of 2) from port B of cell visionaid_top.$eq$rtl/visionaid_top.v:100$294 ($eq).
Removed top 1 bits (of 2) from port B of cell visionaid_top.$eq$rtl/visionaid_top.v:101$297 ($eq).
Removed top 1 bits (of 8) from port B of cell visionaid_top.$lt$rtl/visionaid_top.v:126$318 ($lt).
Removed top 5 bits (of 13) from port B of cell visionaid_top.$lt$rtl/visionaid_top.v:127$320 ($lt).
Removed top 4 bits (of 13) from port B of cell visionaid_top.$ge$rtl/visionaid_top.v:127$321 ($ge).
Removed top 4 bits (of 13) from port B of cell visionaid_top.$lt$rtl/visionaid_top.v:127$322 ($lt).
Removed top 3 bits (of 13) from port B of cell visionaid_top.$ge$rtl/visionaid_top.v:128$325 ($ge).
Removed top 3 bits (of 13) from port B of cell visionaid_top.$lt$rtl/visionaid_top.v:128$326 ($lt).
Removed top 1 bits (of 10) from port B of cell visionaid_top.$gt$rtl/visionaid_top.v:129$330 ($gt).
Removed top 2 bits (of 10) from port B of cell visionaid_top.$gt$rtl/visionaid_top.v:129$331 ($gt).
Removed top 1 bits (of 10) from port B of cell visionaid_top.$lt$rtl/visionaid_top.v:129$332 ($lt).
Removed top 1 bits (of 2) from port B of cell visionaid_top.$auto$opt_dff.cc:195:make_patterns_logic$2889 ($ne).
Removed top 2 bits (of 3) from port B of cell visionaid_top.$auto$opt_dff.cc:195:make_patterns_logic$2806 ($ne).
Removed top 1 bits (of 3) from port B of cell visionaid_top.$auto$fsm_map.cc:77:implement_pattern_cache$2758 ($eq).
Removed top 1 bits (of 2) from port B of cell visionaid_top.$auto$opt_dff.cc:195:make_patterns_logic$2918 ($ne).
Removed top 1 bits (of 2) from port B of cell visionaid_top.$auto$opt_dff.cc:195:make_patterns_logic$2916 ($ne).
Removed top 1 bits (of 2) from port B of cell visionaid_top.$flatten\us.$procmux$1604_CMP0 ($eq).
Removed top 1 bits (of 3) from port B of cell visionaid_top.$auto$opt_dff.cc:195:make_patterns_logic$3054 ($ne).
Removed top 16 bits (of 32) from port B of cell visionaid_top.$flatten\us.$ge$rtl/va_ultrasonic.v:84$904 ($ge).
Removed top 17 bits (of 32) from port B of cell visionaid_top.$flatten\us.$ge$rtl/va_ultrasonic.v:70$876 ($ge).
Removed top 19 bits (of 32) from port B of cell visionaid_top.$flatten\us.$ge$rtl/va_ultrasonic.v:61$851 ($ge).
Removed top 12 bits (of 16) from port B of cell visionaid_top.$flatten\us.$eq$rtl/va_ultrasonic.v:52$841 ($eq).
Converting cell visionaid_top.$flatten\us.$neg$rtl/va_ultrasonic.v:0$834 ($neg) from signed to unsigned.
Removed top 1 bits (of 3) from port A of cell visionaid_top.$flatten\us.$neg$rtl/va_ultrasonic.v:0$834 ($neg).
Removed top 18 bits (of 32) from port B of cell visionaid_top.$flatten\us.$mul$rtl/va_ultrasonic.v:36$786 ($mul).
Removed top 2 bits (of 32) from port Y of cell visionaid_top.$flatten\us.$mul$rtl/va_ultrasonic.v:36$786 ($mul).
Removed top 1 bits (of 9) from port B of cell visionaid_top.$flatten\lrx.$eq$rtl/va_common.v:104$692 ($eq).
Removed top 2 bits (of 9) from port B of cell visionaid_top.$flatten\lrx.$eq$rtl/va_common.v:93$685 ($eq).
Removed top 16 bits (of 32) from port A of cell visionaid_top.$flatten\lid.$gt$rtl/va_alerts.v:119$237 ($gt).
Removed top 28 bits (of 32) from port B of cell visionaid_top.$flatten\lid.$add$rtl/va_alerts.v:119$236 ($add).
Removed top 15 bits (of 32) from port Y of cell visionaid_top.$flatten\lid.$add$rtl/va_alerts.v:119$236 ($add).
Removed top 16 bits (of 32) from port A of cell visionaid_top.$flatten\lid.$ge$rtl/va_alerts.v:115$229 ($ge).
Removed top 25 bits (of 32) from port B of cell visionaid_top.$flatten\lid.$ge$rtl/va_alerts.v:115$229 ($ge).
Removed top 28 bits (of 32) from port B of cell visionaid_top.$flatten\lid.$lt$rtl/va_alerts.v:109$220 ($lt).
Removed top 2 bits (of 4) from mux cell visionaid_top.$flatten\lid.$ternary$rtl/va_alerts.v:107$219 ($mux).
Removed top 3 bits (of 4) from port B of cell visionaid_top.$flatten\lid.$eq$rtl/va_alerts.v:106$214 ($eq).
Removed top 3 bits (of 4) from mux cell visionaid_top.$flatten\lid.$ternary$rtl/va_alerts.v:105$213 ($mux).
Removed top 1 bits (of 8) from port B of cell visionaid_top.$flatten\lid.$eq$rtl/va_alerts.v:105$212 ($eq).
Removed top 24 bits (of 32) from port B of cell visionaid_top.$flatten\lid.$lt$rtl/va_alerts.v:98$199 ($lt).
Removed top 26 bits (of 32) from port B of cell visionaid_top.$flatten\zL.$add$rtl/va_alerts.v:21$174 ($add).
Removed top 15 bits (of 32) from port Y of cell visionaid_top.$flatten\zL.$add$rtl/va_alerts.v:21$174 ($add).
Removed top 1 bits (of 2) from mux cell visionaid_top.$flatten\zL.$ternary$rtl/va_alerts.v:15$165 ($mux).
Removed top 26 bits (of 32) from port B of cell visionaid_top.$flatten\zR.$add$rtl/va_alerts.v:21$174 ($add).
Removed top 15 bits (of 32) from port Y of cell visionaid_top.$flatten\zR.$add$rtl/va_alerts.v:21$174 ($add).
Removed top 1 bits (of 2) from mux cell visionaid_top.$flatten\zR.$ternary$rtl/va_alerts.v:15$165 ($mux).
Removed top 26 bits (of 32) from port B of cell visionaid_top.$flatten\zH.$add$rtl/va_alerts.v:21$174 ($add).
Removed top 15 bits (of 32) from port Y of cell visionaid_top.$flatten\zH.$add$rtl/va_alerts.v:21$174 ($add).
Removed top 1 bits (of 2) from mux cell visionaid_top.$flatten\zH.$ternary$rtl/va_alerts.v:15$165 ($mux).
Removed top 1 bits (of 2) from port B of cell visionaid_top.$flatten\hl.$procmux$1969_CMP1 ($eq).
Removed top 31 bits (of 32) from port B of cell visionaid_top.$flatten\hl.$sub$rtl/va_alerts.v:53$183 ($sub).
Removed top 22 bits (of 32) from port Y of cell visionaid_top.$flatten\hl.$sub$rtl/va_alerts.v:53$183 ($sub).
Removed top 2 bits (of 9) from mux cell visionaid_top.$flatten\hl.$ternary$rtl/va_alerts.v:44$177 ($mux).
Removed top 1 bits (of 2) from port B of cell visionaid_top.$flatten\hr.$procmux$1969_CMP1 ($eq).
Removed top 31 bits (of 32) from port B of cell visionaid_top.$flatten\hr.$sub$rtl/va_alerts.v:53$183 ($sub).
Removed top 22 bits (of 32) from port Y of cell visionaid_top.$flatten\hr.$sub$rtl/va_alerts.v:53$183 ($sub).
Removed top 2 bits (of 9) from mux cell visionaid_top.$flatten\hr.$ternary$rtl/va_alerts.v:44$177 ($mux).
Removed top 22 bits (of 32) from port B of cell visionaid_top.$flatten\wd.$ge$rtl/va_alerts.v:149$774 ($ge).
Removed top 1 bits (of 3) from port B of cell visionaid_top.$auto$fsm_map.cc:77:implement_pattern_cache$2589 ($eq).
Removed top 1 bits (of 9) from port B of cell visionaid_top.$flatten\pl.\utx.$eq$rtl/va_common.v:138$679 ($eq).
Removed top 2 bits (of 9) from port B of cell visionaid_top.$flatten\pl.\urx.$eq$rtl/va_common.v:93$685 ($eq).
Removed top 1 bits (of 9) from port B of cell visionaid_top.$flatten\pl.\urx.$eq$rtl/va_common.v:104$692 ($eq).
Removed top 1 bits (of 3) from port B of cell visionaid_top.$auto$fsm_map.cc:77:implement_pattern_cache$2620 ($eq).
Removed top 7 bits (of 8) from port B of cell visionaid_top.$flatten\pl.$procmux$2253_CMP0 ($eq).
Removed top 6 bits (of 8) from port B of cell visionaid_top.$flatten\pl.$procmux$2234_CMP0 ($eq).
Removed top 6 bits (of 8) from port B of cell visionaid_top.$flatten\pl.$procmux$2216_CMP0 ($eq).
Removed top 5 bits (of 8) from port B of cell visionaid_top.$flatten\pl.$procmux$2199_CMP0 ($eq).
Removed top 5 bits (of 8) from port B of cell visionaid_top.$flatten\pl.$procmux$2183_CMP0 ($eq).
Removed top 3 bits (of 4) from port B of cell visionaid_top.$flatten\pl.$procmux$2031_CMP0 ($eq).
Removed top 2 bits (of 4) from port B of cell visionaid_top.$flatten\pl.$procmux$2030_CMP0 ($eq).
Removed top 2 bits (of 4) from port B of cell visionaid_top.$flatten\pl.$procmux$2029_CMP0 ($eq).
Removed top 1 bits (of 4) from port B of cell visionaid_top.$flatten\pl.$procmux$2028_CMP0 ($eq).
Removed top 1 bits (of 4) from port B of cell visionaid_top.$flatten\pl.$procmux$2027_CMP0 ($eq).
Removed top 1 bits (of 4) from port B of cell visionaid_top.$flatten\pl.$procmux$2026_CMP0 ($eq).
Removed top 1 bits (of 4) from port B of cell visionaid_top.$flatten\pl.$procmux$2025_CMP0 ($eq).
Removed top 1 bits (of 6) from port B of cell visionaid_top.$flatten\pl.$eq$rtl/va_pilink.v:77$748 ($eq).
Removed top 4 bits (of 16) from port B of cell visionaid_top.$flatten\pl.$gt$rtl/va_pilink.v:49$745 ($gt).
Removed top 6 bits (of 16) from port B of cell visionaid_top.$flatten\pl.$lt$rtl/va_pilink.v:48$743 ($lt).
Removed top 7 bits (of 16) from port B of cell visionaid_top.$flatten\pl.$lt$rtl/va_pilink.v:47$741 ($lt).
Removed top 1 bits (of 8) from port B of cell visionaid_top.$flatten\pl.$eq$rtl/va_pilink.v:40$736 ($eq).
Removed top 15 bits (of 32) from wire visionaid_top.$flatten\lid.$add$rtl/va_alerts.v:119$236_Y.
Removed top 3 bits (of 4) from wire visionaid_top.$flatten\lid.$ternary$rtl/va_alerts.v:105$213_Y.
Removed top 2 bits (of 4) from wire visionaid_top.$flatten\lid.$ternary$rtl/va_alerts.v:107$219_Y.
Removed top 15 bits (of 32) from wire visionaid_top.$flatten\zH.$add$rtl/va_alerts.v:21$174_Y.
Removed top 1 bits (of 2) from wire visionaid_top.$flatten\zH.$ternary$rtl/va_alerts.v:15$165_Y.
Removed top 15 bits (of 32) from wire visionaid_top.$flatten\zL.$add$rtl/va_alerts.v:21$174_Y.
Removed top 1 bits (of 2) from wire visionaid_top.$flatten\zL.$ternary$rtl/va_alerts.v:15$165_Y.
Removed top 15 bits (of 32) from wire visionaid_top.$flatten\zR.$add$rtl/va_alerts.v:21$174_Y.
Removed top 1 bits (of 2) from wire visionaid_top.$flatten\zR.$ternary$rtl/va_alerts.v:15$165_Y.

6.8.9. Executing PEEPOPT pass (run peephole optimizers).

6.8.10. Executing OPT_CLEAN pass (remove unused cells and wires).
Finding unused cells or wires in module \visionaid_top..
Removed 0 unused cells and 9 unused wires.
<suppressed ~1 debug messages>

6.8.11. Executing ALUMACC pass (create $alu and $macc cells).
Extracting $alu and $macc cells in module visionaid_top:
  creating $macc model for $add$rtl/visionaid_top.v:121$311 ($add).
  creating $macc model for $add$rtl/visionaid_top.v:51$287 ($add).
  creating $macc model for $flatten\db_m.$add$rtl/va_common.v:66$11 ($add).
  creating $macc model for $flatten\db_q.$add$rtl/va_common.v:66$11 ($add).
  creating $macc model for $flatten\db_r.$add$rtl/va_common.v:66$11 ($add).
  creating $macc model for $flatten\hl.$add$rtl/va_alerts.v:51$181 ($add).
  creating $macc model for $flatten\hl.$add$rtl/va_alerts.v:53$185 ($add).
  creating $macc model for $flatten\hl.$sub$rtl/va_alerts.v:53$183 ($sub).
  creating $macc model for $flatten\hr.$add$rtl/va_alerts.v:51$181 ($add).
  creating $macc model for $flatten\hr.$add$rtl/va_alerts.v:53$185 ($add).
  creating $macc model for $flatten\hr.$sub$rtl/va_alerts.v:53$183 ($sub).
  creating $macc model for $flatten\lid.$add$rtl/va_alerts.v:111$224 ($add).
  creating $macc model for $flatten\lid.$add$rtl/va_alerts.v:112$225 ($add).
  creating $macc model for $flatten\lid.$add$rtl/va_alerts.v:119$236 ($add).
  creating $macc model for $flatten\lid.$add$rtl/va_alerts.v:123$240 ($add).
  creating $macc model for $flatten\lid.$add$rtl/va_alerts.v:98$200 ($add).
  creating $macc model for $flatten\lid.$sub$rtl/va_alerts.v:100$202 ($sub).
  creating $macc model for $flatten\lrx.$add$rtl/va_common.v:102$690 ($add).
  creating $macc model for $flatten\lrx.$add$rtl/va_common.v:103$691 ($add).
  creating $macc model for $flatten\pl.$add$rtl/va_pilink.v:46$738 ($add).
  creating $macc model for $flatten\pl.$add$rtl/va_pilink.v:46$739 ($add).
  creating $macc model for $flatten\pl.$add$rtl/va_pilink.v:77$749 ($add).
  creating $macc model for $flatten\pl.$add$rtl/va_pilink.v:85$755 ($add).
  creating $macc model for $flatten\pl.$add$rtl/va_pilink.v:85$756 ($add).
  creating $macc model for $flatten\pl.$add$rtl/va_pilink.v:85$757 ($add).
  creating $macc model for $flatten\pl.$add$rtl/va_pilink.v:85$758 ($add).
  creating $macc model for $flatten\pl.$add$rtl/va_pilink.v:85$759 ($add).
  creating $macc model for $flatten\pl.$add$rtl/va_pilink.v:85$760 ($add).
  creating $macc model for $flatten\pl.$add$rtl/va_pilink.v:85$761 ($add).
  creating $macc model for $flatten\pl.$add$rtl/va_pilink.v:85$762 ($add).
  creating $macc model for $flatten\pl.$add$rtl/va_pilink.v:91$768 ($add).
  creating $macc model for $flatten\pl.\urx.$add$rtl/va_common.v:102$690 ($add).
  creating $macc model for $flatten\pl.\urx.$add$rtl/va_common.v:103$691 ($add).
  creating $macc model for $flatten\pl.\utx.$add$rtl/va_common.v:142$681 ($add).
  creating $macc model for $flatten\pl.\utx.$add$rtl/va_common.v:143$682 ($add).
  creating $macc model for $flatten\t_us.$add$rtl/va_common.v:36$911 ($add).
  creating $macc model for $flatten\us.$add$rtl/va_ultrasonic.v:48$821 ($add).
  creating $macc model for $flatten\us.$add$rtl/va_ultrasonic.v:64$872 ($add).
  creating $macc model for $flatten\us.$add$rtl/va_ultrasonic.v:69$874 ($add).
  creating $macc model for $flatten\us.$add$rtl/va_ultrasonic.v:86$906 ($add).
  creating $macc model for $flatten\us.$mul$rtl/va_ultrasonic.v:36$786 ($mul).
  creating $macc model for $flatten\us.$neg$rtl/va_ultrasonic.v:0$834 ($neg).
  creating $macc model for $flatten\wd.$add$rtl/va_alerts.v:150$775 ($add).
  creating $macc model for $flatten\zH.$add$rtl/va_alerts.v:21$174 ($add).
  creating $macc model for $flatten\zL.$add$rtl/va_alerts.v:21$174 ($add).
  creating $macc model for $flatten\zR.$add$rtl/va_alerts.v:21$174 ($add).
  creating $macc model for $sub$rtl/visionaid_top.v:123$317 ($sub).
  merging $macc model for $flatten\pl.$add$rtl/va_pilink.v:85$761 into $flatten\pl.$add$rtl/va_pilink.v:85$762.
  merging $macc model for $flatten\pl.$add$rtl/va_pilink.v:85$760 into $flatten\pl.$add$rtl/va_pilink.v:85$762.
  merging $macc model for $flatten\pl.$add$rtl/va_pilink.v:85$759 into $flatten\pl.$add$rtl/va_pilink.v:85$762.
  merging $macc model for $flatten\pl.$add$rtl/va_pilink.v:85$758 into $flatten\pl.$add$rtl/va_pilink.v:85$762.
  merging $macc model for $flatten\pl.$add$rtl/va_pilink.v:85$757 into $flatten\pl.$add$rtl/va_pilink.v:85$762.
  merging $macc model for $flatten\pl.$add$rtl/va_pilink.v:85$756 into $flatten\pl.$add$rtl/va_pilink.v:85$762.
  merging $macc model for $flatten\pl.$add$rtl/va_pilink.v:85$755 into $flatten\pl.$add$rtl/va_pilink.v:85$762.
  merging $macc model for $flatten\pl.$add$rtl/va_pilink.v:46$738 into $flatten\pl.$add$rtl/va_pilink.v:46$739.
  creating $alu model for $macc $flatten\us.$add$rtl/va_ultrasonic.v:69$874.
  creating $alu model for $macc $flatten\us.$add$rtl/va_ultrasonic.v:64$872.
  creating $alu model for $macc $flatten\us.$add$rtl/va_ultrasonic.v:48$821.
  creating $alu model for $macc $flatten\t_us.$add$rtl/va_common.v:36$911.
  creating $alu model for $macc $flatten\pl.\utx.$add$rtl/va_common.v:143$682.
  creating $alu model for $macc $flatten\pl.\utx.$add$rtl/va_common.v:142$681.
  creating $alu model for $macc $flatten\pl.\urx.$add$rtl/va_common.v:103$691.
  creating $alu model for $macc $flatten\pl.\urx.$add$rtl/va_common.v:102$690.
  creating $alu model for $macc $flatten\pl.$add$rtl/va_pilink.v:91$768.
  creating $alu model for $macc $flatten\us.$add$rtl/va_ultrasonic.v:86$906.
  creating $alu model for $macc $flatten\us.$neg$rtl/va_ultrasonic.v:0$834.
  creating $alu model for $macc $flatten\wd.$add$rtl/va_alerts.v:150$775.
  creating $alu model for $macc $flatten\zH.$add$rtl/va_alerts.v:21$174.
  creating $alu model for $macc $flatten\zL.$add$rtl/va_alerts.v:21$174.
  creating $alu model for $macc $flatten\zR.$add$rtl/va_alerts.v:21$174.
  creating $alu model for $macc $flatten\pl.$add$rtl/va_pilink.v:77$749.
  creating $alu model for $macc $sub$rtl/visionaid_top.v:123$317.
  creating $alu model for $macc $flatten\lrx.$add$rtl/va_common.v:103$691.
  creating $alu model for $macc $flatten\lrx.$add$rtl/va_common.v:102$690.
  creating $alu model for $macc $flatten\lid.$sub$rtl/va_alerts.v:100$202.
  creating $alu model for $macc $flatten\lid.$add$rtl/va_alerts.v:98$200.
  creating $alu model for $macc $flatten\lid.$add$rtl/va_alerts.v:123$240.
  creating $alu model for $macc $flatten\lid.$add$rtl/va_alerts.v:119$236.
  creating $alu model for $macc $flatten\lid.$add$rtl/va_alerts.v:112$225.
  creating $alu model for $macc $flatten\lid.$add$rtl/va_alerts.v:111$224.
  creating $alu model for $macc $flatten\hr.$sub$rtl/va_alerts.v:53$183.
  creating $alu model for $macc $flatten\hr.$add$rtl/va_alerts.v:53$185.
  creating $alu model for $macc $flatten\hr.$add$rtl/va_alerts.v:51$181.
  creating $alu model for $macc $flatten\hl.$sub$rtl/va_alerts.v:53$183.
  creating $alu model for $macc $flatten\hl.$add$rtl/va_alerts.v:53$185.
  creating $alu model for $macc $flatten\hl.$add$rtl/va_alerts.v:51$181.
  creating $alu model for $macc $flatten\db_r.$add$rtl/va_common.v:66$11.
  creating $alu model for $macc $flatten\db_q.$add$rtl/va_common.v:66$11.
  creating $alu model for $macc $flatten\db_m.$add$rtl/va_common.v:66$11.
  creating $alu model for $macc $add$rtl/visionaid_top.v:51$287.
  creating $alu model for $macc $add$rtl/visionaid_top.v:121$311.
  creating $macc cell for $flatten\us.$mul$rtl/va_ultrasonic.v:36$786: $auto$alumacc.cc:365:replace_macc$3211
  creating $macc cell for $flatten\pl.$add$rtl/va_pilink.v:46$739: $auto$alumacc.cc:365:replace_macc$3212
  creating $macc cell for $flatten\pl.$add$rtl/va_pilink.v:85$762: $auto$alumacc.cc:365:replace_macc$3213
  creating $alu model for $flatten\hl.$ge$rtl/va_alerts.v:53$184 ($ge): new $alu
  creating $alu model for $flatten\hl.$gt$rtl/va_alerts.v:52$182 ($gt): new $alu
  creating $alu model for $flatten\hl.$lt$rtl/va_alerts.v:60$188 ($lt): new $alu
  creating $alu model for $flatten\hl.$lt$rtl/va_alerts.v:64$189 ($lt): new $alu
  creating $alu model for $flatten\hr.$ge$rtl/va_alerts.v:53$184 ($ge): new $alu
  creating $alu model for $flatten\hr.$gt$rtl/va_alerts.v:52$182 ($gt): new $alu
  creating $alu model for $flatten\hr.$lt$rtl/va_alerts.v:60$188 ($lt): new $alu
  creating $alu model for $flatten\hr.$lt$rtl/va_alerts.v:64$189 ($lt): new $alu
  creating $alu model for $flatten\lid.$ge$rtl/va_alerts.v:115$229 ($ge): new $alu
  creating $alu model for $flatten\lid.$gt$rtl/va_alerts.v:119$237 ($gt): new $alu
  creating $alu model for $flatten\lid.$lt$rtl/va_alerts.v:109$220 ($lt): new $alu
  creating $alu model for $flatten\lid.$lt$rtl/va_alerts.v:98$199 ($lt): new $alu
  creating $alu model for $flatten\pl.$gt$rtl/va_pilink.v:49$745 ($gt): new $alu
  creating $alu model for $flatten\pl.$lt$rtl/va_pilink.v:47$741 ($lt): new $alu
  creating $alu model for $flatten\pl.$lt$rtl/va_pilink.v:48$743 ($lt): new $alu
  creating $alu model for $flatten\us.$ge$rtl/va_ultrasonic.v:61$851 ($ge): new $alu
  creating $alu model for $flatten\us.$ge$rtl/va_ultrasonic.v:70$876 ($ge): new $alu
  creating $alu model for $flatten\us.$ge$rtl/va_ultrasonic.v:84$904 ($ge): new $alu
  creating $alu model for $flatten\wd.$ge$rtl/va_alerts.v:149$774 ($ge): new $alu
  creating $alu model for $flatten\zH.$ge$rtl/va_alerts.v:20$173 ($ge): new $alu
  creating $alu model for $flatten\zH.$ge$rtl/va_alerts.v:21$175 ($ge): new $alu
  creating $alu model for $flatten\zH.$lt$rtl/va_alerts.v:15$162 ($lt): new $alu
  creating $alu model for $flatten\zH.$lt$rtl/va_alerts.v:15$163 ($lt): new $alu
  creating $alu model for $flatten\zH.$lt$rtl/va_alerts.v:15$164 ($lt): new $alu
  creating $alu model for $flatten\zL.$ge$rtl/va_alerts.v:20$173 ($ge): new $alu
  creating $alu model for $flatten\zL.$ge$rtl/va_alerts.v:21$175 ($ge): new $alu
  creating $alu model for $flatten\zL.$lt$rtl/va_alerts.v:15$162 ($lt): new $alu
  creating $alu model for $flatten\zL.$lt$rtl/va_alerts.v:15$163 ($lt): new $alu
  creating $alu model for $flatten\zL.$lt$rtl/va_alerts.v:15$164 ($lt): new $alu
  creating $alu model for $flatten\zR.$ge$rtl/va_alerts.v:20$173 ($ge): new $alu
  creating $alu model for $flatten\zR.$ge$rtl/va_alerts.v:21$175 ($ge): new $alu
  creating $alu model for $flatten\zR.$lt$rtl/va_alerts.v:15$162 ($lt): new $alu
  creating $alu model for $flatten\zR.$lt$rtl/va_alerts.v:15$163 ($lt): new $alu
  creating $alu model for $flatten\zR.$lt$rtl/va_alerts.v:15$164 ($lt): new $alu
  creating $alu model for $ge$rtl/visionaid_top.v:127$321 ($ge): new $alu
  creating $alu model for $ge$rtl/visionaid_top.v:128$325 ($ge): new $alu
  creating $alu model for $gt$rtl/visionaid_top.v:102$300 ($gt): new $alu
  creating $alu model for $gt$rtl/visionaid_top.v:103$303 ($gt): new $alu
  creating $alu model for $gt$rtl/visionaid_top.v:129$330 ($gt): new $alu
  creating $alu model for $gt$rtl/visionaid_top.v:129$331 ($gt): new $alu
  creating $alu model for $lt$rtl/visionaid_top.v:126$318 ($lt): new $alu
  creating $alu model for $lt$rtl/visionaid_top.v:127$320 ($lt): new $alu
  creating $alu model for $lt$rtl/visionaid_top.v:127$322 ($lt): new $alu
  creating $alu model for $lt$rtl/visionaid_top.v:128$326 ($lt): new $alu
  creating $alu model for $lt$rtl/visionaid_top.v:129$332 ($lt): new $alu
  creating $alu cell for $lt$rtl/visionaid_top.v:129$332: $auto$alumacc.cc:495:replace_alu$3259
  creating $alu cell for $lt$rtl/visionaid_top.v:128$326: $auto$alumacc.cc:495:replace_alu$3264
  creating $alu cell for $lt$rtl/visionaid_top.v:127$322: $auto$alumacc.cc:495:replace_alu$3269
  creating $alu cell for $lt$rtl/visionaid_top.v:127$320: $auto$alumacc.cc:495:replace_alu$3274
  creating $alu cell for $lt$rtl/visionaid_top.v:126$318: $auto$alumacc.cc:495:replace_alu$3279
  creating $alu cell for $gt$rtl/visionaid_top.v:129$331: $auto$alumacc.cc:495:replace_alu$3284
  creating $alu cell for $gt$rtl/visionaid_top.v:129$330: $auto$alumacc.cc:495:replace_alu$3295
  creating $alu cell for $gt$rtl/visionaid_top.v:103$303: $auto$alumacc.cc:495:replace_alu$3306
  creating $alu cell for $gt$rtl/visionaid_top.v:102$300: $auto$alumacc.cc:495:replace_alu$3317
  creating $alu cell for $ge$rtl/visionaid_top.v:128$325: $auto$alumacc.cc:495:replace_alu$3328
  creating $alu cell for $ge$rtl/visionaid_top.v:127$321: $auto$alumacc.cc:495:replace_alu$3341
  creating $alu cell for $flatten\zR.$lt$rtl/va_alerts.v:15$164: $auto$alumacc.cc:495:replace_alu$3354
  creating $alu cell for $flatten\zR.$lt$rtl/va_alerts.v:15$163: $auto$alumacc.cc:495:replace_alu$3359
  creating $alu cell for $flatten\zR.$lt$rtl/va_alerts.v:15$162: $auto$alumacc.cc:495:replace_alu$3364
  creating $alu cell for $flatten\zR.$ge$rtl/va_alerts.v:21$175: $auto$alumacc.cc:495:replace_alu$3369
  creating $alu cell for $flatten\zR.$ge$rtl/va_alerts.v:20$173: $auto$alumacc.cc:495:replace_alu$3382
  creating $alu cell for $flatten\zL.$lt$rtl/va_alerts.v:15$164: $auto$alumacc.cc:495:replace_alu$3395
  creating $alu cell for $flatten\zL.$lt$rtl/va_alerts.v:15$163: $auto$alumacc.cc:495:replace_alu$3400
  creating $alu cell for $flatten\zL.$lt$rtl/va_alerts.v:15$162: $auto$alumacc.cc:495:replace_alu$3405
  creating $alu cell for $flatten\zL.$ge$rtl/va_alerts.v:21$175: $auto$alumacc.cc:495:replace_alu$3410
  creating $alu cell for $flatten\zL.$ge$rtl/va_alerts.v:20$173: $auto$alumacc.cc:495:replace_alu$3423
  creating $alu cell for $flatten\zH.$lt$rtl/va_alerts.v:15$164: $auto$alumacc.cc:495:replace_alu$3436
  creating $alu cell for $flatten\zH.$lt$rtl/va_alerts.v:15$163: $auto$alumacc.cc:495:replace_alu$3441
  creating $alu cell for $flatten\zH.$lt$rtl/va_alerts.v:15$162: $auto$alumacc.cc:495:replace_alu$3446
  creating $alu cell for $flatten\zH.$ge$rtl/va_alerts.v:21$175: $auto$alumacc.cc:495:replace_alu$3451
  creating $alu cell for $flatten\zH.$ge$rtl/va_alerts.v:20$173: $auto$alumacc.cc:495:replace_alu$3464
  creating $alu cell for $flatten\wd.$ge$rtl/va_alerts.v:149$774: $auto$alumacc.cc:495:replace_alu$3477
  creating $alu cell for $flatten\us.$ge$rtl/va_ultrasonic.v:84$904: $auto$alumacc.cc:495:replace_alu$3490
  creating $alu cell for $flatten\us.$ge$rtl/va_ultrasonic.v:70$876: $auto$alumacc.cc:495:replace_alu$3503
  creating $alu cell for $flatten\us.$ge$rtl/va_ultrasonic.v:61$851: $auto$alumacc.cc:495:replace_alu$3516
  creating $alu cell for $flatten\pl.$lt$rtl/va_pilink.v:48$743: $auto$alumacc.cc:495:replace_alu$3529
  creating $alu cell for $flatten\pl.$lt$rtl/va_pilink.v:47$741: $auto$alumacc.cc:495:replace_alu$3534
  creating $alu cell for $flatten\pl.$gt$rtl/va_pilink.v:49$745: $auto$alumacc.cc:495:replace_alu$3539
  creating $alu cell for $flatten\lid.$lt$rtl/va_alerts.v:98$199: $auto$alumacc.cc:495:replace_alu$3550
  creating $alu cell for $flatten\lid.$lt$rtl/va_alerts.v:109$220: $auto$alumacc.cc:495:replace_alu$3555
  creating $alu cell for $flatten\lid.$gt$rtl/va_alerts.v:119$237: $auto$alumacc.cc:495:replace_alu$3560
  creating $alu cell for $flatten\lid.$ge$rtl/va_alerts.v:115$229: $auto$alumacc.cc:495:replace_alu$3571
  creating $alu cell for $flatten\hr.$lt$rtl/va_alerts.v:64$189: $auto$alumacc.cc:495:replace_alu$3584
  creating $alu cell for $flatten\hr.$lt$rtl/va_alerts.v:60$188: $auto$alumacc.cc:495:replace_alu$3589
  creating $alu cell for $flatten\hr.$gt$rtl/va_alerts.v:52$182: $auto$alumacc.cc:495:replace_alu$3594
  creating $alu cell for $flatten\hr.$ge$rtl/va_alerts.v:53$184: $auto$alumacc.cc:495:replace_alu$3605
  creating $alu cell for $flatten\hl.$lt$rtl/va_alerts.v:64$189: $auto$alumacc.cc:495:replace_alu$3618
  creating $alu cell for $flatten\hl.$lt$rtl/va_alerts.v:60$188: $auto$alumacc.cc:495:replace_alu$3623
  creating $alu cell for $flatten\hl.$gt$rtl/va_alerts.v:52$182: $auto$alumacc.cc:495:replace_alu$3628
  creating $alu cell for $flatten\hl.$ge$rtl/va_alerts.v:53$184: $auto$alumacc.cc:495:replace_alu$3639
  creating $alu cell for $add$rtl/visionaid_top.v:121$311: $auto$alumacc.cc:495:replace_alu$3652
  creating $alu cell for $add$rtl/visionaid_top.v:51$287: $auto$alumacc.cc:495:replace_alu$3655
  creating $alu cell for $flatten\db_m.$add$rtl/va_common.v:66$11: $auto$alumacc.cc:495:replace_alu$3658
  creating $alu cell for $flatten\db_q.$add$rtl/va_common.v:66$11: $auto$alumacc.cc:495:replace_alu$3661
  creating $alu cell for $flatten\db_r.$add$rtl/va_common.v:66$11: $auto$alumacc.cc:495:replace_alu$3664
  creating $alu cell for $flatten\hl.$add$rtl/va_alerts.v:51$181: $auto$alumacc.cc:495:replace_alu$3667
  creating $alu cell for $flatten\hl.$add$rtl/va_alerts.v:53$185: $auto$alumacc.cc:495:replace_alu$3670
  creating $alu cell for $flatten\hl.$sub$rtl/va_alerts.v:53$183: $auto$alumacc.cc:495:replace_alu$3673
  creating $alu cell for $flatten\hr.$add$rtl/va_alerts.v:51$181: $auto$alumacc.cc:495:replace_alu$3676
  creating $alu cell for $flatten\hr.$add$rtl/va_alerts.v:53$185: $auto$alumacc.cc:495:replace_alu$3679
  creating $alu cell for $flatten\hr.$sub$rtl/va_alerts.v:53$183: $auto$alumacc.cc:495:replace_alu$3682
  creating $alu cell for $flatten\lid.$add$rtl/va_alerts.v:111$224: $auto$alumacc.cc:495:replace_alu$3685
  creating $alu cell for $flatten\lid.$add$rtl/va_alerts.v:112$225: $auto$alumacc.cc:495:replace_alu$3688
  creating $alu cell for $flatten\lid.$add$rtl/va_alerts.v:119$236: $auto$alumacc.cc:495:replace_alu$3691
  creating $alu cell for $flatten\lid.$add$rtl/va_alerts.v:123$240: $auto$alumacc.cc:495:replace_alu$3694
  creating $alu cell for $flatten\lid.$add$rtl/va_alerts.v:98$200: $auto$alumacc.cc:495:replace_alu$3697
  creating $alu cell for $flatten\lid.$sub$rtl/va_alerts.v:100$202: $auto$alumacc.cc:495:replace_alu$3700
  creating $alu cell for $flatten\lrx.$add$rtl/va_common.v:102$690: $auto$alumacc.cc:495:replace_alu$3703
  creating $alu cell for $flatten\lrx.$add$rtl/va_common.v:103$691: $auto$alumacc.cc:495:replace_alu$3706
  creating $alu cell for $sub$rtl/visionaid_top.v:123$317: $auto$alumacc.cc:495:replace_alu$3709
  creating $alu cell for $flatten\pl.$add$rtl/va_pilink.v:77$749: $auto$alumacc.cc:495:replace_alu$3712
  creating $alu cell for $flatten\zR.$add$rtl/va_alerts.v:21$174: $auto$alumacc.cc:495:replace_alu$3715
  creating $alu cell for $flatten\zL.$add$rtl/va_alerts.v:21$174: $auto$alumacc.cc:495:replace_alu$3718
  creating $alu cell for $flatten\zH.$add$rtl/va_alerts.v:21$174: $auto$alumacc.cc:495:replace_alu$3721
  creating $alu cell for $flatten\wd.$add$rtl/va_alerts.v:150$775: $auto$alumacc.cc:495:replace_alu$3724
  creating $alu cell for $flatten\us.$neg$rtl/va_ultrasonic.v:0$834: $auto$alumacc.cc:495:replace_alu$3727
  creating $alu cell for $flatten\us.$add$rtl/va_ultrasonic.v:86$906: $auto$alumacc.cc:495:replace_alu$3730
  creating $alu cell for $flatten\pl.$add$rtl/va_pilink.v:91$768: $auto$alumacc.cc:495:replace_alu$3733
  creating $alu cell for $flatten\pl.\urx.$add$rtl/va_common.v:102$690: $auto$alumacc.cc:495:replace_alu$3736
  creating $alu cell for $flatten\pl.\urx.$add$rtl/va_common.v:103$691: $auto$alumacc.cc:495:replace_alu$3739
  creating $alu cell for $flatten\pl.\utx.$add$rtl/va_common.v:142$681: $auto$alumacc.cc:495:replace_alu$3742
  creating $alu cell for $flatten\pl.\utx.$add$rtl/va_common.v:143$682: $auto$alumacc.cc:495:replace_alu$3745
  creating $alu cell for $flatten\t_us.$add$rtl/va_common.v:36$911: $auto$alumacc.cc:495:replace_alu$3748
  creating $alu cell for $flatten\us.$add$rtl/va_ultrasonic.v:48$821: $auto$alumacc.cc:495:replace_alu$3751
  creating $alu cell for $flatten\us.$add$rtl/va_ultrasonic.v:64$872: $auto$alumacc.cc:495:replace_alu$3754
  creating $alu cell for $flatten\us.$add$rtl/va_ultrasonic.v:69$874: $auto$alumacc.cc:495:replace_alu$3757
  created 81 $alu and 3 $macc cells.

6.8.12. Executing SHARE pass (SAT-based resource sharing).

6.8.13. Executing OPT pass (performing simple optimizations).

6.8.13.1. Executing OPT_EXPR pass (perform const folding).
Optimizing module visionaid_top.
<suppressed ~26 debug messages>

6.8.13.2. Executing OPT_MERGE pass (detect identical cells).
Finding identical cells in module `\visionaid_top'.
Removed a total of 0 cells.

6.8.13.3. Executing OPT_MUXTREE pass (detect dead branches in mux trees).
Running muxtree optimizer on module \visionaid_top..
  Creating internal representation of mux trees.
  Evaluating internal representation of mux trees.
  Analyzing evaluation results.
Removed 0 multiplexer ports.
<suppressed ~77 debug messages>

6.8.13.4. Executing OPT_REDUCE pass (consolidate $*mux and $reduce_* inputs).
  Optimizing cells in module \visionaid_top.
Performed a total of 0 changes.

6.8.13.5. Executing OPT_MERGE pass (detect identical cells).
Finding identical cells in module `\visionaid_top'.
Removed a total of 0 cells.

6.8.13.6. Executing OPT_DFF pass (perform DFF optimizations).

6.8.13.7. Executing OPT_CLEAN pass (remove unused cells and wires).
Finding unused cells or wires in module \visionaid_top..
Removed 23 unused cells and 69 unused wires.
<suppressed ~24 debug messages>

6.8.13.8. Executing OPT_EXPR pass (perform const folding).
Optimizing module visionaid_top.

6.8.13.9. Rerunning OPT passes. (Maybe there is more to do..)

6.8.13.10. Executing OPT_MUXTREE pass (detect dead branches in mux trees).
Running muxtree optimizer on module \visionaid_top..
  Creating internal representation of mux trees.
  Evaluating internal representation of mux trees.
  Analyzing evaluation results.
Removed 0 multiplexer ports.
<suppressed ~77 debug messages>

6.8.13.11. Executing OPT_REDUCE pass (consolidate $*mux and $reduce_* inputs).
  Optimizing cells in module \visionaid_top.
Performed a total of 0 changes.

6.8.13.12. Executing OPT_MERGE pass (detect identical cells).
Finding identical cells in module `\visionaid_top'.
Removed a total of 0 cells.

6.8.13.13. Executing OPT_DFF pass (perform DFF optimizations).

6.8.13.14. Executing OPT_CLEAN pass (remove unused cells and wires).
Finding unused cells or wires in module \visionaid_top..

6.8.13.15. Executing OPT_EXPR pass (perform const folding).
Optimizing module visionaid_top.

6.8.13.16. Finished OPT passes. (There is nothing left to do.)

6.8.14. Executing MEMORY pass.

6.8.14.1. Executing OPT_MEM pass (optimize memories).
Performed a total of 0 transformations.

6.8.14.2. Executing OPT_MEM_PRIORITY pass (removing unnecessary memory write priority relations).
Performed a total of 3 transformations.

6.8.14.3. Executing OPT_MEM_FEEDBACK pass (finding memory read-to-write feedback paths).
  Analyzing visionaid_top.lid.b write port 0.
  Analyzing visionaid_top.us.miss write port 0.
  Analyzing visionaid_top.us.miss write port 1.
  Analyzing visionaid_top.us.miss write port 2.
  Analyzing visionaid_top.us.miss write port 3.
  Analyzing visionaid_top.us.miss write port 4.

6.8.14.4. Executing MEMORY_BMUX2ROM pass (converting muxes to ROMs).

6.8.14.5. Executing MEMORY_DFF pass (merging $dff cells to $memrd).
Checking read port `\lid.b'[0] in module `\visionaid_top': no output FF found.
Checking read port `\lid.b'[1] in module `\visionaid_top': no output FF found.
Checking read port `\lid.b'[2] in module `\visionaid_top': no output FF found.
Checking read port `\lid.b'[3] in module `\visionaid_top': no output FF found.
Checking read port `\us.miss'[0] in module `\visionaid_top': no output FF found.
Checking read port address `\lid.b'[0] in module `\visionaid_top': no address FF found.
Checking read port address `\lid.b'[1] in module `\visionaid_top': no address FF found.
Checking read port address `\lid.b'[2] in module `\visionaid_top': no address FF found.
Checking read port address `\lid.b'[3] in module `\visionaid_top': no address FF found.
Checking read port address `\us.miss'[0] in module `\visionaid_top': merged address FF to cell.

6.8.14.6. Executing OPT_CLEAN pass (remove unused cells and wires).
Finding unused cells or wires in module \visionaid_top..

6.8.14.7. Executing MEMORY_SHARE pass (consolidating $memrd/$memwr cells).
Consolidating read ports of memory visionaid_top.lid.b by address:
  Merging ports 0, 1 (address 3'011).
  Merging ports 2, 3 (address 3'101).
Consolidating read ports of memory visionaid_top.lid.b by address:
Consolidating write ports of memory visionaid_top.us.miss by address:
  Merging ports 0, 1 (address 2'00).
  Merging ports 0, 2 (address 2'00).
  Merging ports 3, 4 (address \us.ch).
Consolidating write ports of memory visionaid_top.us.miss by address:
Consolidating write ports of memory visionaid_top.us.miss using sat-based resource sharing:

6.8.14.8. Executing OPT_MEM_WIDEN pass (optimize memories where all ports are wide).
Performed a total of 0 transformations.

6.8.14.9. Executing OPT_CLEAN pass (remove unused cells and wires).
Finding unused cells or wires in module \visionaid_top..
Removed 8 unused cells and 12 unused wires.
<suppressed ~9 debug messages>

6.8.14.10. Executing MEMORY_COLLECT pass (generating $mem cells).

6.8.15. Executing OPT_CLEAN pass (remove unused cells and wires).
Finding unused cells or wires in module \visionaid_top..

6.9. Executing MEMORY_LIBMAP pass (mapping memories to cells).
mapping memory visionaid_top.lid.b via $__GOWIN_LUTRAM_
using FF mapping for memory visionaid_top.us.miss
<suppressed ~555 debug messages>

6.10. Executing TECHMAP pass (map to technology primitives).

6.10.1. Executing Verilog-2005 frontend: /home/aman/Desktop/viswakarma/biothon/visiion aid/submission/tools/eda-root/usr/bin/../share/yosys/gowin/lutrams_map.v
Parsing Verilog input from `/home/aman/Desktop/viswakarma/biothon/visiion aid/submission/tools/eda-root/usr/bin/../share/yosys/gowin/lutrams_map.v' to AST representation.
Generating RTLIL representation for module `\$__GOWIN_LUTRAM_'.
Successfully finished Verilog frontend.

6.10.2. Executing Verilog-2005 frontend: /home/aman/Desktop/viswakarma/biothon/visiion aid/submission/tools/eda-root/usr/bin/../share/yosys/gowin/brams_map.v
Parsing Verilog input from `/home/aman/Desktop/viswakarma/biothon/visiion aid/submission/tools/eda-root/usr/bin/../share/yosys/gowin/brams_map.v' to AST representation.
Generating RTLIL representation for module `\$__GOWIN_SP_'.
Generating RTLIL representation for module `\$__GOWIN_DP_'.
Generating RTLIL representation for module `\$__GOWIN_SDP_'.
Successfully finished Verilog frontend.

6.10.3. Continuing TECHMAP pass.
Using template $paramod$b49350af947963686be7c4be015fd9ac962dd293\$__GOWIN_LUTRAM_ for cells of type $__GOWIN_LUTRAM_.
No more expansions possible.
<suppressed ~27 debug messages>

6.11. Executing OPT pass (performing simple optimizations).

6.11.1. Executing OPT_EXPR pass (perform const folding).
Optimizing module visionaid_top.
<suppressed ~85 debug messages>

6.11.2. Executing OPT_MERGE pass (detect identical cells).
Finding identical cells in module `\visionaid_top'.
<suppressed ~39 debug messages>
Removed a total of 13 cells.

6.11.3. Executing OPT_DFF pass (perform DFF optimizations).
Adding SRST signal on $auto$ff.cc:266:slice$2847 ($sdff) from module visionaid_top (D = $flatten\us.$or$rtl/va_ultrasonic.v:0$896_Y, Q = \us.meas_valid, rval = 3'000).

6.11.4. Executing OPT_CLEAN pass (remove unused cells and wires).
Finding unused cells or wires in module \visionaid_top..
Removed 16 unused cells and 151 unused wires.
<suppressed ~17 debug messages>

6.11.5. Rerunning OPT passes. (Removed registers in this run.)

6.11.6. Executing OPT_EXPR pass (perform const folding).
Optimizing module visionaid_top.
<suppressed ~1 debug messages>

6.11.7. Executing OPT_MERGE pass (detect identical cells).
Finding identical cells in module `\visionaid_top'.
Removed a total of 0 cells.

6.11.8. Executing OPT_DFF pass (perform DFF optimizations).
Adding SRST signal on $auto$ff.cc:266:slice$2885 ($dffe) from module visionaid_top (D = \pl.utx.sh [1], Q = \pl.utx.sh [0], rval = 1'0).

6.11.9. Executing OPT_CLEAN pass (remove unused cells and wires).
Finding unused cells or wires in module \visionaid_top..
Removed 0 unused cells and 1 unused wires.
<suppressed ~1 debug messages>

6.11.10. Rerunning OPT passes. (Removed registers in this run.)

6.11.11. Executing OPT_EXPR pass (perform const folding).
Optimizing module visionaid_top.

6.11.12. Executing OPT_MERGE pass (detect identical cells).
Finding identical cells in module `\visionaid_top'.
Removed a total of 0 cells.

6.11.13. Executing OPT_DFF pass (perform DFF optimizations).

6.11.14. Executing OPT_CLEAN pass (remove unused cells and wires).
Finding unused cells or wires in module \visionaid_top..

6.11.15. Finished fast OPT passes.

6.12. Executing MEMORY_MAP pass (converting memories to logic and flip-flops).
Mapping memory \us.miss in module \visionaid_top:
  created 4 $dff cells and 0 static cells of width 2.
Extracted addr FF from read port 0 of visionaid_top.us.miss: $\us.miss$rdreg[0]
  read interface: 1 $dff and 3 $mux cells.
  write interface: 12 write mux blocks.

6.13. Executing OPT pass (performing simple optimizations).

6.13.1. Executing OPT_EXPR pass (perform const folding).
Optimizing module visionaid_top.
<suppressed ~10 debug messages>

6.13.2. Executing OPT_MERGE pass (detect identical cells).
Finding identical cells in module `\visionaid_top'.
Removed a total of 0 cells.

6.13.3. Executing OPT_MUXTREE pass (detect dead branches in mux trees).
Running muxtree optimizer on module \visionaid_top..
  Creating internal representation of mux trees.
  Evaluating internal representation of mux trees.
  Analyzing evaluation results.
Removed 0 multiplexer ports.
<suppressed ~77 debug messages>

6.13.4. Executing OPT_REDUCE pass (consolidate $*mux and $reduce_* inputs).
  Optimizing cells in module \visionaid_top.
    New input vector for $reduce_or cell $auto$opt_dff.cc:254:combine_resets$4099: { $auto$rtlil.cc:2779:Not$4097 \us.state [3:2] \us.state [0] \rst_sh [3] }
    Consolidated identical input bits for $mux cell $flatten\hl.$ternary$rtl/va_alerts.v:44$177:
      Old ports: A=7'0111100, B=7'1010000, Y=\hl.on_ms [6:0]
      New ports: A=2'01, B=2'10, Y={ \hl.on_ms [6] \hl.on_ms [2] }
      New connections: { \hl.on_ms [5:3] \hl.on_ms [1:0] } = { \hl.on_ms [2] 1'1 \hl.on_ms [2] 2'00 }
    Consolidated identical input bits for $mux cell $flatten\hl.$ternary$rtl/va_alerts.v:45$179:
      Old ports: A=9'111110100, B=9'011001000, Y=\hl.per_ms
      New ports: A=2'01, B=2'10, Y=\hl.per_ms [3:2]
      New connections: { \hl.per_ms [8:4] \hl.per_ms [1:0] } = { \hl.per_ms [2] 2'11 \hl.per_ms [2] \hl.per_ms [2] 2'00 }
    Consolidated identical input bits for $mux cell $flatten\hr.$ternary$rtl/va_alerts.v:44$177:
      Old ports: A=7'0111100, B=7'1010000, Y=\hr.on_ms [6:0]
      New ports: A=2'01, B=2'10, Y={ \hr.on_ms [6] \hr.on_ms [2] }
      New connections: { \hr.on_ms [5:3] \hr.on_ms [1:0] } = { \hr.on_ms [2] 1'1 \hr.on_ms [2] 2'00 }
    Consolidated identical input bits for $mux cell $flatten\hr.$ternary$rtl/va_alerts.v:45$179:
      Old ports: A=9'111110100, B=9'011001000, Y=\hr.per_ms
      New ports: A=2'01, B=2'10, Y=\hr.per_ms [3:2]
      New connections: { \hr.per_ms [8:4] \hr.per_ms [1:0] } = { \hr.per_ms [2] 2'11 \hr.per_ms [2] \hr.per_ms [2] 2'00 }
    Consolidated identical input bits for $mux cell $flatten\lid.$ternary$rtl/va_alerts.v:107$219:
      Old ports: A=2'00, B=2'10, Y=$auto$wreduce.cc:514:run$3204 [1:0]
      New ports: A=1'0, B=1'1, Y=$auto$wreduce.cc:514:run$3204 [1]
      New connections: $auto$wreduce.cc:514:run$3204 [0] = 1'0
    Consolidated identical input bits for $mux cell $flatten\pl.\utx.$procmux$937:
      Old ports: A={ 1'1 \pl.utx.data 1'0 }, B={ 1'1 \pl.utx.sh [9:1] }, Y=$flatten\pl.\utx.$procmux$937_Y
      New ports: A={ \pl.utx.data 1'0 }, B=\pl.utx.sh [9:1], Y=$flatten\pl.\utx.$procmux$937_Y [8:0]
      New connections: $flatten\pl.\utx.$procmux$937_Y [9] = 1'1
    Consolidated identical input bits for $mux cell $flatten\us.$procmux$1189:
      Old ports: A=2'00, B=2'11, Y=$flatten\us.$3$memwr$\miss$rtl/va_ultrasonic.v:78$784_EN[1:0]$881
      New ports: A=1'0, B=1'1, Y=$flatten\us.$3$memwr$\miss$rtl/va_ultrasonic.v:78$784_EN[1:0]$881 [0]
      New connections: $flatten\us.$3$memwr$\miss$rtl/va_ultrasonic.v:78$784_EN[1:0]$881 [1] = $flatten\us.$3$memwr$\miss$rtl/va_ultrasonic.v:78$784_EN[1:0]$881 [0]
    Consolidated identical input bits for $mux cell $flatten\us.$procmux$1259:
      Old ports: A=2'11, B=2'00, Y=$flatten\us.$5$memwr$\miss$rtl/va_ultrasonic.v:64$783_EN[1:0]$862
      New ports: A=1'1, B=1'0, Y=$flatten\us.$5$memwr$\miss$rtl/va_ultrasonic.v:64$783_EN[1:0]$862 [0]
      New connections: $flatten\us.$5$memwr$\miss$rtl/va_ultrasonic.v:64$783_EN[1:0]$862 [1] = $flatten\us.$5$memwr$\miss$rtl/va_ultrasonic.v:64$783_EN[1:0]$862 [0]
    Consolidated identical input bits for $mux cell $flatten\us.$ternary$rtl/va_ultrasonic.v:73$885:
      Old ports: A={ 2'00 \us.mm_full [29:16] }, B=16'1111111111111111, Y=$flatten\us.$ternary$rtl/va_ultrasonic.v:73$885_Y
      New ports: A={ 1'0 \us.mm_full [29:16] }, B=15'111111111111111, Y=$flatten\us.$ternary$rtl/va_ultrasonic.v:73$885_Y [14:0]
      New connections: $flatten\us.$ternary$rtl/va_ultrasonic.v:73$885_Y [15] = $flatten\us.$ternary$rtl/va_ultrasonic.v:73$885_Y [14]
  Optimizing cells in module \visionaid_top.
    Consolidated identical input bits for $mux cell $flatten\us.$procmux$1319:
      Old ports: A=2'00, B=$flatten\us.$5$memwr$\miss$rtl/va_ultrasonic.v:64$783_EN[1:0]$862, Y=$flatten\us.$4$memwr$\miss$rtl/va_ultrasonic.v:64$783_EN[1:0]$855
      New ports: A=1'0, B=$flatten\us.$5$memwr$\miss$rtl/va_ultrasonic.v:64$783_EN[1:0]$862 [0], Y=$flatten\us.$4$memwr$\miss$rtl/va_ultrasonic.v:64$783_EN[1:0]$855 [0]
      New connections: $flatten\us.$4$memwr$\miss$rtl/va_ultrasonic.v:64$783_EN[1:0]$855 [1] = $flatten\us.$4$memwr$\miss$rtl/va_ultrasonic.v:64$783_EN[1:0]$855 [0]
    Consolidated identical input bits for $mux cell $flatten\us.$procmux$1461:
      Old ports: A=$flatten\us.$3$memwr$\miss$rtl/va_ultrasonic.v:78$784_EN[1:0]$881, B=2'00, Y=$flatten\us.$2$memwr$\miss$rtl/va_ultrasonic.v:78$784_EN[1:0]$830
      New ports: A=$flatten\us.$3$memwr$\miss$rtl/va_ultrasonic.v:78$784_EN[1:0]$881 [0], B=1'0, Y=$flatten\us.$2$memwr$\miss$rtl/va_ultrasonic.v:78$784_EN[1:0]$830 [0]
      New connections: $flatten\us.$2$memwr$\miss$rtl/va_ultrasonic.v:78$784_EN[1:0]$830 [1] = $flatten\us.$2$memwr$\miss$rtl/va_ultrasonic.v:78$784_EN[1:0]$830 [0]
  Optimizing cells in module \visionaid_top.
    Consolidated identical input bits for $mux cell $flatten\us.$procmux$1381:
      Old ports: A=$flatten\us.$4$memwr$\miss$rtl/va_ultrasonic.v:64$783_EN[1:0]$855, B=2'00, Y=$flatten\us.$3$memwr$\miss$rtl/va_ultrasonic.v:64$783_EN[1:0]$849
      New ports: A=$flatten\us.$4$memwr$\miss$rtl/va_ultrasonic.v:64$783_EN[1:0]$855 [0], B=1'0, Y=$flatten\us.$3$memwr$\miss$rtl/va_ultrasonic.v:64$783_EN[1:0]$849 [0]
      New connections: $flatten\us.$3$memwr$\miss$rtl/va_ultrasonic.v:64$783_EN[1:0]$849 [1] = $flatten\us.$3$memwr$\miss$rtl/va_ultrasonic.v:64$783_EN[1:0]$849 [0]
    Consolidated identical input bits for $mux cell $flatten\us.$procmux$1546:
      Old ports: A=$flatten\us.$2$memwr$\miss$rtl/va_ultrasonic.v:78$784_EN[1:0]$830, B=2'00, Y=$flatten\us.$0$memwr$\miss$rtl/va_ultrasonic.v:78$784_EN[1:0]$802
      New ports: A=$flatten\us.$2$memwr$\miss$rtl/va_ultrasonic.v:78$784_EN[1:0]$830 [0], B=1'0, Y=$flatten\us.$0$memwr$\miss$rtl/va_ultrasonic.v:78$784_EN[1:0]$802 [0]
      New connections: $flatten\us.$0$memwr$\miss$rtl/va_ultrasonic.v:78$784_EN[1:0]$802 [1] = $flatten\us.$0$memwr$\miss$rtl/va_ultrasonic.v:78$784_EN[1:0]$802 [0]
  Optimizing cells in module \visionaid_top.
    Consolidated identical input bits for $mux cell $flatten\us.$procmux$1475:
      Old ports: A=$flatten\us.$3$memwr$\miss$rtl/va_ultrasonic.v:64$783_EN[1:0]$849, B=2'00, Y=$flatten\us.$2$memwr$\miss$rtl/va_ultrasonic.v:64$783_EN[1:0]$828
      New ports: A=$flatten\us.$3$memwr$\miss$rtl/va_ultrasonic.v:64$783_EN[1:0]$849 [0], B=1'0, Y=$flatten\us.$2$memwr$\miss$rtl/va_ultrasonic.v:64$783_EN[1:0]$828 [0]
      New connections: $flatten\us.$2$memwr$\miss$rtl/va_ultrasonic.v:64$783_EN[1:0]$828 [1] = $flatten\us.$2$memwr$\miss$rtl/va_ultrasonic.v:64$783_EN[1:0]$828 [0]
  Optimizing cells in module \visionaid_top.
    Consolidated identical input bits for $mux cell $flatten\us.$procmux$1552:
      Old ports: A=$flatten\us.$2$memwr$\miss$rtl/va_ultrasonic.v:64$783_EN[1:0]$828, B=2'00, Y=$flatten\us.$0$memwr$\miss$rtl/va_ultrasonic.v:64$783_EN[1:0]$800
      New ports: A=$flatten\us.$2$memwr$\miss$rtl/va_ultrasonic.v:64$783_EN[1:0]$828 [0], B=1'0, Y=$flatten\us.$0$memwr$\miss$rtl/va_ultrasonic.v:64$783_EN[1:0]$800 [0]
      New connections: $flatten\us.$0$memwr$\miss$rtl/va_ultrasonic.v:64$783_EN[1:0]$800 [1] = $flatten\us.$0$memwr$\miss$rtl/va_ultrasonic.v:64$783_EN[1:0]$800 [0]
  Optimizing cells in module \visionaid_top.
Performed a total of 16 changes.

6.13.5. Executing OPT_MERGE pass (detect identical cells).
Finding identical cells in module `\visionaid_top'.
<suppressed ~21 debug messages>
Removed a total of 7 cells.

6.13.6. Executing OPT_DFF pass (perform DFF optimizations).
Adding SRST signal on $\us.miss$rdreg[0] ($dff) from module visionaid_top (D = $auto$rtlil.cc:2914:Mux$3771, Q = $\us.miss$rdreg[0]$q, rval = 2'00).

6.13.7. Executing OPT_CLEAN pass (remove unused cells and wires).
Finding unused cells or wires in module \visionaid_top..
Removed 1 unused cells and 22 unused wires.
<suppressed ~2 debug messages>

6.13.8. Executing OPT_EXPR pass (perform const folding).
Optimizing module visionaid_top.
<suppressed ~34 debug messages>

6.13.9. Rerunning OPT passes. (Maybe there is more to do..)

6.13.10. Executing OPT_MUXTREE pass (detect dead branches in mux trees).
Running muxtree optimizer on module \visionaid_top..
  Creating internal representation of mux trees.
  Evaluating internal representation of mux trees.
  Analyzing evaluation results.
Removed 0 multiplexer ports.
<suppressed ~75 debug messages>

6.13.11. Executing OPT_REDUCE pass (consolidate $*mux and $reduce_* inputs).
  Optimizing cells in module \visionaid_top.
Performed a total of 0 changes.

6.13.12. Executing OPT_MERGE pass (detect identical cells).
Finding identical cells in module `\visionaid_top'.
<suppressed ~5 debug messages>
Removed a total of 1 cells.

6.13.13. Executing OPT_DFF pass (perform DFF optimizations).
Adding EN signal on $memory\us.miss[3]$4108 ($dff) from module visionaid_top (D = { $auto$rtlil.cc:2914:Mux$3781 $auto$rtlil.cc:2914:Mux$3777 }, Q = \us.miss[3]).
Adding EN signal on $memory\us.miss[2]$4106 ($dff) from module visionaid_top (D = { $memory\us.miss$wrmux[2][1][1]$y$4170 $memory\us.miss$wrmux[2][1][0]$y$4166 }, Q = \us.miss[2]).
Adding EN signal on $memory\us.miss[1]$4104 ($dff) from module visionaid_top (D = { $memory\us.miss$wrmux[1][1][1]$y$4154 $memory\us.miss$wrmux[1][1][0]$y$4150 }, Q = \us.miss[1]).
Adding EN signal on $memory\us.miss[0]$4102 ($dff) from module visionaid_top (D = { $memory\us.miss$wrmux[0][1][1]$y$4138 $memory\us.miss$wrmux[0][1][0]$y$4134 }, Q = \us.miss[0]).
Setting constant 1-bit at position 8 on $auto$ff.cc:266:slice$4101 ($dffe) from module visionaid_top.

6.13.14. Executing OPT_CLEAN pass (remove unused cells and wires).
Finding unused cells or wires in module \visionaid_top..
Removed 8 unused cells and 23 unused wires.
<suppressed ~9 debug messages>

6.13.15. Executing OPT_EXPR pass (perform const folding).
Optimizing module visionaid_top.
<suppressed ~3 debug messages>

6.13.16. Rerunning OPT passes. (Maybe there is more to do..)

6.13.17. Executing OPT_MUXTREE pass (detect dead branches in mux trees).
Running muxtree optimizer on module \visionaid_top..
  Creating internal representation of mux trees.
  Evaluating internal representation of mux trees.
  Analyzing evaluation results.
Removed 0 multiplexer ports.
<suppressed ~73 debug messages>

6.13.18. Executing OPT_REDUCE pass (consolidate $*mux and $reduce_* inputs).
  Optimizing cells in module \visionaid_top.
    Consolidated identical input bits for $mux cell $memory\us.miss$wrmux[0][0][0]$4123:
      Old ports: A=2'x, B=2'00, Y=$memory\us.miss$wrmux[0][0][0]$y$4124
      New ports: A=1'x, B=1'0, Y=$memory\us.miss$wrmux[0][0][0]$y$4124 [0]
      New connections: $memory\us.miss$wrmux[0][0][0]$y$4124 [1] = $memory\us.miss$wrmux[0][0][0]$y$4124 [0]
    Consolidated identical input bits for $mux cell $memory\us.miss$wrmux[1][0][0]$4141:
      Old ports: A=2'x, B=2'00, Y=$memory\us.miss$wrmux[1][0][0]$y$4142
      New ports: A=1'x, B=1'0, Y=$memory\us.miss$wrmux[1][0][0]$y$4142 [0]
      New connections: $memory\us.miss$wrmux[1][0][0]$y$4142 [1] = $memory\us.miss$wrmux[1][0][0]$y$4142 [0]
    Consolidated identical input bits for $mux cell $memory\us.miss$wrmux[2][0][0]$4157:
      Old ports: A=2'x, B=2'00, Y=$memory\us.miss$wrmux[2][0][0]$y$4158
      New ports: A=1'x, B=1'0, Y=$memory\us.miss$wrmux[2][0][0]$y$4158 [0]
      New connections: $memory\us.miss$wrmux[2][0][0]$y$4158 [1] = $memory\us.miss$wrmux[2][0][0]$y$4158 [0]
  Optimizing cells in module \visionaid_top.
Performed a total of 3 changes.

6.13.19. Executing OPT_MERGE pass (detect identical cells).
Finding identical cells in module `\visionaid_top'.
<suppressed ~6 debug messages>
Removed a total of 2 cells.

6.13.20. Executing OPT_DFF pass (perform DFF optimizations).
Adding SRST signal on $auto$ff.cc:266:slice$4246 ($dffe) from module visionaid_top (D = \pl.utx.data [7], Q = \pl.utx.sh [8], rval = 1'1).

6.13.21. Executing OPT_CLEAN pass (remove unused cells and wires).
Finding unused cells or wires in module \visionaid_top..
Removed 0 unused cells and 2 unused wires.
<suppressed ~1 debug messages>

6.13.22. Executing OPT_EXPR pass (perform const folding).
Optimizing module visionaid_top.

6.13.23. Rerunning OPT passes. (Maybe there is more to do..)

6.13.24. Executing OPT_MUXTREE pass (detect dead branches in mux trees).
Running muxtree optimizer on module \visionaid_top..
  Creating internal representation of mux trees.
  Evaluating internal representation of mux trees.
  Analyzing evaluation results.
Removed 0 multiplexer ports.
<suppressed ~72 debug messages>

6.13.25. Executing OPT_REDUCE pass (consolidate $*mux and $reduce_* inputs).
  Optimizing cells in module \visionaid_top.
Performed a total of 0 changes.

6.13.26. Executing OPT_MERGE pass (detect identical cells).
Finding identical cells in module `\visionaid_top'.
Removed a total of 0 cells.

6.13.27. Executing OPT_DFF pass (perform DFF optimizations).

6.13.28. Executing OPT_CLEAN pass (remove unused cells and wires).
Finding unused cells or wires in module \visionaid_top..

6.13.29. Executing OPT_EXPR pass (perform const folding).
Optimizing module visionaid_top.

6.13.30. Finished OPT passes. (There is nothing left to do.)

6.14. Executing TECHMAP pass (map to technology primitives).

6.14.1. Executing Verilog-2005 frontend: /home/aman/Desktop/viswakarma/biothon/visiion aid/submission/tools/eda-root/usr/bin/../share/yosys/techmap.v
Parsing Verilog input from `/home/aman/Desktop/viswakarma/biothon/visiion aid/submission/tools/eda-root/usr/bin/../share/yosys/techmap.v' to AST representation.
Generating RTLIL representation for module `\_90_simplemap_bool_ops'.
Generating RTLIL representation for module `\_90_simplemap_reduce_ops'.
Generating RTLIL representation for module `\_90_simplemap_logic_ops'.
Generating RTLIL representation for module `\_90_simplemap_compare_ops'.
Generating RTLIL representation for module `\_90_simplemap_various'.
Generating RTLIL representation for module `\_90_simplemap_registers'.
Generating RTLIL representation for module `\_90_shift_ops_shr_shl_sshl_sshr'.
Generating RTLIL representation for module `\_90_shift_shiftx'.
Generating RTLIL representation for module `\_90_fa'.
Generating RTLIL representation for module `\_90_lcu_brent_kung'.
Generating RTLIL representation for module `\_90_alu'.
Generating RTLIL representation for module `\_90_macc'.
Generating RTLIL representation for module `\_90_alumacc'.
Generating RTLIL representation for module `\$__div_mod_u'.
Generating RTLIL representation for module `\$__div_mod_trunc'.
Generating RTLIL representation for module `\_90_div'.
Generating RTLIL representation for module `\_90_mod'.
Generating RTLIL representation for module `\$__div_mod_floor'.
Generating RTLIL representation for module `\_90_divfloor'.
Generating RTLIL representation for module `\_90_modfloor'.
Generating RTLIL representation for module `\_90_pow'.
Generating RTLIL representation for module `\_90_pmux'.
Generating RTLIL representation for module `\_90_demux'.
Generating RTLIL representation for module `\_90_lut'.
Successfully finished Verilog frontend.

6.14.2. Executing Verilog-2005 frontend: /home/aman/Desktop/viswakarma/biothon/visiion aid/submission/tools/eda-root/usr/bin/../share/yosys/gowin/arith_map.v
Parsing Verilog input from `/home/aman/Desktop/viswakarma/biothon/visiion aid/submission/tools/eda-root/usr/bin/../share/yosys/gowin/arith_map.v' to AST representation.
Generating RTLIL representation for module `\_80_gw1n_alu'.
Successfully finished Verilog frontend.

6.14.3. Continuing TECHMAP pass.
Using extmapper simplemap for cells of type $mux.
Using extmapper simplemap for cells of type $not.
Using extmapper simplemap for cells of type $eq.
Using template $paramod$32a7b7b86c07519b7537abc18e96f0331f97914d\_80_gw1n_alu for cells of type $alu.
Using extmapper simplemap for cells of type $or.
Using extmapper simplemap for cells of type $logic_and.
Using template $paramod$94b2d39efe5cee36393111e3a7a149e3dba7e8c5\_80_gw1n_alu for cells of type $alu.
Using template $paramod$7e708ae28ab761f11d0fb59d3ffc72f6a4baf5d9\_90_alu for cells of type $alu.
Using extmapper simplemap for cells of type $reduce_or.
Using template $paramod$754650b284649a026620fc6856e5b6886cbfe794\_80_gw1n_alu for cells of type $alu.
Using extmapper simplemap for cells of type $logic_not.
Using extmapper simplemap for cells of type $reduce_bool.
Using template $paramod$32efbfac1c4dc57230cf86180788fdfd12e3b511\_80_gw1n_alu for cells of type $alu.
Using template $paramod$22b95c1bfeece9a7c6bf4fcd9399e4ee87091e97\_80_gw1n_alu for cells of type $alu.
Using template $paramod$befd47b1c77b68561d11d0cb61a0fae29b79f34c\_80_gw1n_alu for cells of type $alu.
Using template $paramod$6df0329addda9228fcc2546de2aaf14ad26c98e1\_80_gw1n_alu for cells of type $alu.
Using template $paramod$fe4061330a3f6272d217d473f5639492135d6151\_80_gw1n_alu for cells of type $alu.
Using extmapper simplemap for cells of type $and.
Using extmapper simplemap for cells of type $logic_or.
Using template $paramod$1449f5897c1250218bf10c7345354831c7f19def\_80_gw1n_alu for cells of type $alu.
Using template $paramod$a0e100ff180a74c7f306c1b94734a8ec46e8ca57\_80_gw1n_alu for cells of type $alu.
Using template $paramod$cd54e322aa4265ca236096fe4bb634aaec4e39b4\_80_gw1n_alu for cells of type $alu.
Using template $paramod$b2cd65b42e0277574bcf6ce63cb040566ad68684\_80_gw1n_alu for cells of type $alu.
Using extmapper simplemap for cells of type $sdffe.
Using extmapper simplemap for cells of type $sdff.
Using extmapper simplemap for cells of type $dff.
Using template $paramod$2af30114e9bd4ccb04dad757b3f0a8f6bf0615b0\_80_gw1n_alu for cells of type $alu.
Using extmapper simplemap for cells of type $sdffce.
Using extmapper simplemap for cells of type $reduce_and.
Using extmapper simplemap for cells of type $ne.
Using template $paramod$824a2ca00d29d886599434cf8ea60471635f2955\_90_demux for cells of type $demux.
Using extmapper simplemap for cells of type $dffe.
Using template $paramod$b18e16801adf491a64caa0542270798e5d4ac6b6\_80_gw1n_alu for cells of type $alu.
Using template $paramod$c28ee2be3bc0e7d385fb566edd796bc91d15f849\_80_gw1n_alu for cells of type $alu.
Using template $paramod$ef8fb1849064cca7dc908988762d3374786d9fdb\_80_gw1n_alu for cells of type $alu.
Using template $paramod$constmap:f6462cd768965a7108207ff02ff8c32ddf5f17e8$paramod$f73bfc6b121826e6b6ee8096fa5ec0d90d9000b7\_90_shift_shiftx for cells of type $shift.
Using template $paramod$5a0c3ebb44505603744f205dbdb1501f48d37e8a\_80_gw1n_alu for cells of type $alu.
Using template $paramod$39ecbf3297ae3eb0bd20be0a7560eb0e9def46b7\_80_gw1n_alu for cells of type $alu.
Analyzing pattern of constant bits for this cell:
  Constant input on bit 0 of port A: 1'1
Creating constmapped module `$paramod$constmap:51641f6a8b7b0aca5a510464614221c6ada1cf09$paramod$f73bfc6b121826e6b6ee8096fa5ec0d90d9000b7\_90_shift_shiftx'.

6.14.50. Executing OPT_MUXTREE pass (detect dead branches in mux trees).
Running muxtree optimizer on module $paramod$constmap:51641f6a8b7b0aca5a510464614221c6ada1cf09$paramod$f73bfc6b121826e6b6ee8096fa5ec0d90d9000b7\_90_shift_shiftx..
  Creating internal representation of mux trees.
  Evaluating internal representation of mux trees.
  Analyzing evaluation results.
    dead port 2/2 on $mux $procmux$5521.
    dead port 2/2 on $mux $procmux$5515.
Removed 2 multiplexer ports.
<suppressed ~874 debug messages>

6.14.51. Executing OPT_EXPR pass (perform const folding).
Optimizing module $paramod$constmap:51641f6a8b7b0aca5a510464614221c6ada1cf09$paramod$f73bfc6b121826e6b6ee8096fa5ec0d90d9000b7\_90_shift_shiftx.
<suppressed ~2 debug messages>
Removed 0 unused cells and 8 unused wires.
Using template $paramod$constmap:51641f6a8b7b0aca5a510464614221c6ada1cf09$paramod$f73bfc6b121826e6b6ee8096fa5ec0d90d9000b7\_90_shift_shiftx for cells of type $shift.
Using template $paramod$175e67c02b86e96b1288b9dc100122520d7240d8\_90_alu for cells of type $alu.
Using extmapper maccmap for cells of type $macc_v2.
  add \pl.ca (8 bits, unsigned)
  add \pl.cl (8 bits, unsigned)
  add \pl.ch (8 bits, unsigned)
Using template $paramod$constmap:c3804ff3366cc2c88496b678730952006d142369$paramod$9290ef72b911a04ef685a1df2b9ccc7a5d09435b\_90_shift_shiftx for cells of type $shiftx.
Using template $paramod$30a6a3eda691e4e16264fbb83b0421b58195fe41\_90_pmux for cells of type $pmux.
Using template $paramod$1eb759649286d7485bd82f4dfc30385bade4b4b3\_80_gw1n_alu for cells of type $alu.
Using template $paramod$53700bbee849b2010ad0b60a61ccd204a10e24ca\_80_gw1n_alu for cells of type $alu.
Using template $paramod$c3cd1564c35d873179656addd6052d7ea8b6d991\_80_gw1n_alu for cells of type $alu.
Using template $paramod$91ac1c3d230da38959672caa04368801d488af78\_80_gw1n_alu for cells of type $alu.
Using template $paramod$34103f50f0bea69466729e889f608a9d0448ef9b\_80_gw1n_alu for cells of type $alu.
Using template $paramod$2bd81f420048247ff6903399c560fe0f8bd48ccc\_80_gw1n_alu for cells of type $alu.
Using template $paramod$3ef7d3dd227da7627a99c5e5a6a4deb817573e39\_80_gw1n_alu for cells of type $alu.
Using template $paramod$d4fbf181fbf74ad2c33c84c81168c20bdbe88f93\_80_gw1n_alu for cells of type $alu.
Using template $paramod$fc972a7a46956c1788f3cb5257b53c8f1df2d0cc\_90_alu for cells of type $alu.
Using template $paramod$640b057745b333428de0c3909805397f45c17958\_80_gw1n_alu for cells of type $alu.
  add \us.echo_t * 14'10101111100111 (16x14 bits, unsigned)
Using template $paramod$2f5fb04daf2da94d981bf9455fa4454c6ec8b705\_80_gw1n_alu for cells of type $alu.
Using template $paramod$595445fe3ac6aa2edee2c508c1e1e5c86aae1b4f\_80_gw1n_alu for cells of type $alu.
Using template $paramod$c5c783b17ab1d780abfad8cfe6563a0a7b47a3b0\_90_pmux for cells of type $pmux.
Using template $paramod$dbcdc7e8aa1a4080cea2deda6fdc8772064f4d90\_80_gw1n_alu for cells of type $alu.
Using template $paramod$215440792383f7884e57d9c95f84e9552d0bf4ac\_80_gw1n_alu for cells of type $alu.
Using template $paramod$403d74038787d91c0514bba9bf1032f6fa919203\_80_gw1n_alu for cells of type $alu.
Using template $paramod$a1bc51c02ce12ac21eb18988e83292af48ed7d72\_80_gw1n_alu for cells of type $alu.
Using template $paramod$672a140277c71df8314410f22acc08d55222c3c7\_80_gw1n_alu for cells of type $alu.
Using template $paramod$8cb56ea4af20bc5206a0050d3126d66b7cc022cc\_90_pmux for cells of type $pmux.
Using template $paramod$6255e82eecefcd401e2f728687fefde96ef269f4\_80_gw1n_alu for cells of type $alu.
  add \us.dist0 [15:8] (8 bits, unsigned)
  add { \pl.quiet \pl.lm \pl.lr \lid.drop \lid.stale \us.fault } (8 bits, unsigned)
  add \lid.dist_cm [7:0] (8 bits, unsigned)
  add \lid.dist_cm [15:8] (8 bits, unsigned)
  add \us.dist2 [7:0] (8 bits, unsigned)
  add \us.dist2 [15:8] (8 bits, unsigned)
  add \us.dist1 [7:0] (8 bits, unsigned)
  add \us.dist1 [15:8] (8 bits, unsigned)
  add \us.dist0 [7:0] (8 bits, unsigned)
Using extmapper simplemap for cells of type $xor.
Using extmapper simplemap for cells of type $pos.
Using template $paramod\_90_lcu_brent_kung\WIDTH=32'00000000000000000000000000000010 for cells of type $lcu.
Using template $paramod\_90_fa\WIDTH=32'00000000000000000000000000001000 for cells of type $fa.
Using template $paramod\_90_lcu_brent_kung\WIDTH=32'00000000000000000000000000000001 for cells of type $lcu.
Using template $paramod\_90_fa\WIDTH=32'00000000000000000000000000011110 for cells of type $fa.
Using template $paramod$403d07c18de10cda2ac652a859c56aea81aaf9b5\_80_gw1n_alu for cells of type $alu.
No more expansions possible.
<suppressed ~2856 debug messages>

6.15. Executing OPT pass (performing simple optimizations).

6.15.1. Executing OPT_EXPR pass (perform const folding).
Optimizing module visionaid_top.
<suppressed ~4948 debug messages>

6.15.2. Executing OPT_MERGE pass (detect identical cells).
Finding identical cells in module `\visionaid_top'.
<suppressed ~1005 debug messages>
Removed a total of 335 cells.

6.15.3. Executing OPT_DFF pass (perform DFF optimizations).

6.15.4. Executing OPT_CLEAN pass (remove unused cells and wires).
Finding unused cells or wires in module \visionaid_top..
Removed 489 unused cells and 3774 unused wires.
<suppressed ~490 debug messages>

6.15.5. Finished fast OPT passes.

6.16. Executing IOPADMAP pass (mapping inputs/outputs to IO-PAD cells).
Mapping port visionaid_top.btn_mode_n using IBUF.
Mapping port visionaid_top.btn_quiet_n using IBUF.
Mapping port visionaid_top.btn_read_n using IBUF.
Mapping port visionaid_top.buzz using OBUF.
Mapping port visionaid_top.clk using IBUF.
Mapping port visionaid_top.fpga_fault_n using OBUF.
Mapping port visionaid_top.led_n using OBUF.
Mapping port visionaid_top.lidar_rx using IBUF.
Mapping port visionaid_top.lidar_tx using OBUF.
Mapping port visionaid_top.mot_l using OBUF.
Mapping port visionaid_top.mot_r using OBUF.
Mapping port visionaid_top.pi_hb using IBUF.
Mapping port visionaid_top.pi_rxd using OBUF.
Mapping port visionaid_top.pi_txd using IBUF.
Mapping port visionaid_top.rst_n using IBUF.
Mapping port visionaid_top.us_echo using IBUF.
Mapping port visionaid_top.us_trig using OBUF.

6.17. Executing OPT_CLEAN pass (remove unused cells and wires).
Finding unused cells or wires in module \visionaid_top..
Removed 0 unused cells and 13 unused wires.
<suppressed ~1 debug messages>

6.18. Executing DFFLEGALIZE pass (convert FFs to types supported by the target).

6.19. Executing TECHMAP pass (map to technology primitives).

6.19.1. Executing Verilog-2005 frontend: /home/aman/Desktop/viswakarma/biothon/visiion aid/submission/tools/eda-root/usr/bin/../share/yosys/gowin/cells_map.v
Parsing Verilog input from `/home/aman/Desktop/viswakarma/biothon/visiion aid/submission/tools/eda-root/usr/bin/../share/yosys/gowin/cells_map.v' to AST representation.
Generating RTLIL representation for module `\$_DFF_N_'.
Generating RTLIL representation for module `\$_DFF_P_'.
Generating RTLIL representation for module `\$_DFFE_PP_'.
Generating RTLIL representation for module `\$_DFFE_NP_'.
Generating RTLIL representation for module `\$_SDFF_PP0_'.
Generating RTLIL representation for module `\$_SDFF_NP0_'.
Generating RTLIL representation for module `\$_SDFFE_PP0P_'.
Generating RTLIL representation for module `\$_SDFFE_NP0P_'.
Generating RTLIL representation for module `\$_SDFF_PP1_'.
Generating RTLIL representation for module `\$_SDFF_NP1_'.
Generating RTLIL representation for module `\$_SDFFE_PP1P_'.
Generating RTLIL representation for module `\$_SDFFE_NP1P_'.
Generating RTLIL representation for module `\$_DFF_PP1_'.
Generating RTLIL representation for module `\$_DFF_NP1_'.
Generating RTLIL representation for module `\$_DFF_PP0_'.
Generating RTLIL representation for module `\$_DFF_NP0_'.
Generating RTLIL representation for module `\$_DFFE_PP1P_'.
Generating RTLIL representation for module `\$_DFFE_NP1P_'.
Generating RTLIL representation for module `\$_DFFE_PP0P_'.
Generating RTLIL representation for module `\$_DFFE_NP0P_'.
Generating RTLIL representation for module `\$lut'.
Successfully finished Verilog frontend.

6.19.2. Continuing TECHMAP pass.
Using template \$_DFFE_PP_ for cells of type $_DFFE_PP_.
Using template \$_SDFF_PP1_ for cells of type $_SDFF_PP1_.
Using template \$_SDFF_PP0_ for cells of type $_SDFF_PP0_.
Using template \$_SDFFE_PP0P_ for cells of type $_SDFFE_PP0P_.
Using template \$_DFF_P_ for cells of type $_DFF_P_.
Using template \$_SDFFE_PP1P_ for cells of type $_SDFFE_PP1P_.
No more expansions possible.
<suppressed ~591 debug messages>

6.20. Executing OPT_EXPR pass (perform const folding).
Optimizing module visionaid_top.
<suppressed ~6 debug messages>

6.21. Executing SIMPLEMAP pass (map simple cells to gate primitives).

6.22. Executing Verilog-2005 frontend: /home/aman/Desktop/viswakarma/biothon/visiion aid/submission/tools/eda-root/usr/bin/../share/yosys/abc9_model.v
Parsing Verilog input from `/home/aman/Desktop/viswakarma/biothon/visiion aid/submission/tools/eda-root/usr/bin/../share/yosys/abc9_model.v' to AST representation.
Generating RTLIL representation for module `$__ABC9_DELAY'.
Generating RTLIL representation for module `$__ABC9_SCC_BREAKER'.
Generating RTLIL representation for module `$__DFF_N__$abc9_flop'.
Generating RTLIL representation for module `$__DFF_P__$abc9_flop'.
Successfully finished Verilog frontend.

6.23. Executing ABC9 pass.

6.23.1. Executing ABC9_OPS pass (helper functions for ABC9).

6.23.2. Executing ABC9_OPS pass (helper functions for ABC9).

6.23.3. Executing PROC pass (convert processes to netlists).

6.23.3.1. Executing PROC_CLEAN pass (remove empty switches from decision trees).
Found and cleaned up 1 empty switch in `$paramod\ALU\ALU_MODE=s32'00000000000000000000000000000010.$proc$/home/aman/Desktop/viswakarma/biothon/visiion$20aid/submission/tools/eda-root/usr/bin/../share/yosys/gowin/cells_sim.v:969$16657'.
Cleaned up 1 empty switch.

6.23.3.2. Executing PROC_RMDEAD pass (remove dead branches from decision trees).
Removed a total of 0 dead cases.

6.23.3.3. Executing PROC_PRUNE pass (remove redundant assignments in processes).
Removed 0 redundant assignments.
Promoted 4 assignments to connections.

6.23.3.4. Executing PROC_INIT pass (extract init attributes).

6.23.3.5. Executing PROC_ARST pass (detect async resets in processes).

6.23.3.6. Executing PROC_ROM pass (convert switches to ROMs).
Converted 0 switches.

6.23.3.7. Executing PROC_MUX pass (convert decision trees to multiplexers).
Creating decoders for process `$paramod\ALU\ALU_MODE=s32'00000000000000000000000000000010.$proc$/home/aman/Desktop/viswakarma/biothon/visiion$20aid/submission/tools/eda-root/usr/bin/../share/yosys/gowin/cells_sim.v:969$16657'.

6.23.3.8. Executing PROC_DLATCH pass (convert process syncs to latches).

6.23.3.9. Executing PROC_DFF pass (convert process syncs to FFs).
Creating register for signal `$paramod\ALU\ALU_MODE=s32'00000000000000000000000000000010.\C' using process `$paramod\ALU\ALU_MODE=s32'00000000000000000000000000000010.$proc$/home/aman/Desktop/viswakarma/biothon/visiion$20aid/submission/tools/eda-root/usr/bin/../share/yosys/gowin/cells_sim.v:969$16657'.
  created direct connection (no actual register cell created).
Creating register for signal `$paramod\ALU\ALU_MODE=s32'00000000000000000000000000000010.\S' using process `$paramod\ALU\ALU_MODE=s32'00000000000000000000000000000010.$proc$/home/aman/Desktop/viswakarma/biothon/visiion$20aid/submission/tools/eda-root/usr/bin/../share/yosys/gowin/cells_sim.v:969$16657'.
  created direct connection (no actual register cell created).

6.23.3.10. Executing PROC_MEMWR pass (convert process memory writes to cells).

6.23.3.11. Executing PROC_CLEAN pass (remove empty switches from decision trees).
Removing empty process `$paramod\ALU\ALU_MODE=s32'00000000000000000000000000000010.$proc$/home/aman/Desktop/viswakarma/biothon/visiion$20aid/submission/tools/eda-root/usr/bin/../share/yosys/gowin/cells_sim.v:969$16657'.
Cleaned up 0 empty switches.

6.23.3.12. Executing OPT_EXPR pass (perform const folding).

6.23.4. Executing SCC pass (detecting logic loops).
Found 0 SCCs in module visionaid_top.
Found 0 SCCs.

6.23.5. Executing ABC9_OPS pass (helper functions for ABC9).

6.23.6. Executing PROC pass (convert processes to netlists).

6.23.6.1. Executing PROC_CLEAN pass (remove empty switches from decision trees).
Cleaned up 0 empty switches.

6.23.6.2. Executing PROC_RMDEAD pass (remove dead branches from decision trees).
Removed a total of 0 dead cases.

6.23.6.3. Executing PROC_PRUNE pass (remove redundant assignments in processes).
Removed 0 redundant assignments.
Promoted 0 assignments to connections.

6.23.6.4. Executing PROC_INIT pass (extract init attributes).

6.23.6.5. Executing PROC_ARST pass (detect async resets in processes).

6.23.6.6. Executing PROC_ROM pass (convert switches to ROMs).
Converted 0 switches.

6.23.6.7. Executing PROC_MUX pass (convert decision trees to multiplexers).

6.23.6.8. Executing PROC_DLATCH pass (convert process syncs to latches).

6.23.6.9. Executing PROC_DFF pass (convert process syncs to FFs).

6.23.6.10. Executing PROC_MEMWR pass (convert process memory writes to cells).

6.23.6.11. Executing PROC_CLEAN pass (remove empty switches from decision trees).
Cleaned up 0 empty switches.

6.23.6.12. Executing OPT_EXPR pass (perform const folding).

6.23.7. Executing TECHMAP pass (map to technology primitives).

6.23.7.1. Executing Verilog-2005 frontend: /home/aman/Desktop/viswakarma/biothon/visiion aid/submission/tools/eda-root/usr/bin/../share/yosys/techmap.v
Parsing Verilog input from `/home/aman/Desktop/viswakarma/biothon/visiion aid/submission/tools/eda-root/usr/bin/../share/yosys/techmap.v' to AST representation.
Generating RTLIL representation for module `\_90_simplemap_bool_ops'.
Generating RTLIL representation for module `\_90_simplemap_reduce_ops'.
Generating RTLIL representation for module `\_90_simplemap_logic_ops'.
Generating RTLIL representation for module `\_90_simplemap_compare_ops'.
Generating RTLIL representation for module `\_90_simplemap_various'.
Generating RTLIL representation for module `\_90_simplemap_registers'.
Generating RTLIL representation for module `\_90_shift_ops_shr_shl_sshl_sshr'.
Generating RTLIL representation for module `\_90_shift_shiftx'.
Generating RTLIL representation for module `\_90_fa'.
Generating RTLIL representation for module `\_90_lcu_brent_kung'.
Generating RTLIL representation for module `\_90_alu'.
Generating RTLIL representation for module `\_90_macc'.
Generating RTLIL representation for module `\_90_alumacc'.
Generating RTLIL representation for module `\$__div_mod_u'.
Generating RTLIL representation for module `\$__div_mod_trunc'.
Generating RTLIL representation for module `\_90_div'.
Generating RTLIL representation for module `\_90_mod'.
Generating RTLIL representation for module `\$__div_mod_floor'.
Generating RTLIL representation for module `\_90_divfloor'.
Generating RTLIL representation for module `\_90_modfloor'.
Generating RTLIL representation for module `\_90_pow'.
Generating RTLIL representation for module `\_90_pmux'.
Generating RTLIL representation for module `\_90_demux'.
Generating RTLIL representation for module `\_90_lut'.
Successfully finished Verilog frontend.

6.23.7.2. Continuing TECHMAP pass.
No more expansions possible.
<suppressed ~217 debug messages>

6.23.8. Executing OPT pass (performing simple optimizations).

6.23.8.1. Executing OPT_EXPR pass (perform const folding).

6.23.8.2. Executing OPT_MERGE pass (detect identical cells).
Removed a total of 0 cells.

6.23.8.3. Executing OPT_MUXTREE pass (detect dead branches in mux trees).
Removed 0 multiplexer ports.

6.23.8.4. Executing OPT_REDUCE pass (consolidate $*mux and $reduce_* inputs).
Performed a total of 0 changes.

6.23.8.5. Executing OPT_MERGE pass (detect identical cells).
Removed a total of 0 cells.

6.23.8.6. Executing OPT_DFF pass (perform DFF optimizations).

6.23.8.7. Executing OPT_CLEAN pass (remove unused cells and wires).

6.23.8.8. Executing OPT_EXPR pass (perform const folding).

6.23.8.9. Finished OPT passes. (There is nothing left to do.)

6.23.9. Executing TECHMAP pass (map to technology primitives).

6.23.9.1. Executing Verilog-2005 frontend: /home/aman/Desktop/viswakarma/biothon/visiion aid/submission/tools/eda-root/usr/bin/../share/yosys/abc9_map.v
Parsing Verilog input from `/home/aman/Desktop/viswakarma/biothon/visiion aid/submission/tools/eda-root/usr/bin/../share/yosys/abc9_map.v' to AST representation.
Successfully finished Verilog frontend.

6.23.9.2. Continuing TECHMAP pass.
No more expansions possible.
<suppressed ~2 debug messages>

6.23.10. Executing Verilog-2005 frontend: /home/aman/Desktop/viswakarma/biothon/visiion aid/submission/tools/eda-root/usr/bin/../share/yosys/abc9_model.v
Parsing Verilog input from `/home/aman/Desktop/viswakarma/biothon/visiion aid/submission/tools/eda-root/usr/bin/../share/yosys/abc9_model.v' to AST representation.
Replacing existing blackbox module `$__ABC9_DELAY' at /home/aman/Desktop/viswakarma/biothon/visiion aid/submission/tools/eda-root/usr/bin/../share/yosys/abc9_model.v:2.1-7.10.
Generating RTLIL representation for module `$__ABC9_DELAY'.
Replacing existing blackbox module `$__ABC9_SCC_BREAKER' at /home/aman/Desktop/viswakarma/biothon/visiion aid/submission/tools/eda-root/usr/bin/../share/yosys/abc9_model.v:9.1-11.10.
Generating RTLIL representation for module `$__ABC9_SCC_BREAKER'.
Replacing existing module `$__DFF_N__$abc9_flop' at /home/aman/Desktop/viswakarma/biothon/visiion aid/submission/tools/eda-root/usr/bin/../share/yosys/abc9_model.v:14.1-20.10.
Generating RTLIL representation for module `$__DFF_N__$abc9_flop'.
Replacing existing module `$__DFF_P__$abc9_flop' at /home/aman/Desktop/viswakarma/biothon/visiion aid/submission/tools/eda-root/usr/bin/../share/yosys/abc9_model.v:23.1-29.10.
Generating RTLIL representation for module `$__DFF_P__$abc9_flop'.
Successfully finished Verilog frontend.

6.23.11. Executing ABC9_OPS pass (helper functions for ABC9).
<suppressed ~1494 debug messages>

6.23.12. Executing ABC9_OPS pass (helper functions for ABC9).

6.23.13. Executing ABC9_OPS pass (helper functions for ABC9).
<suppressed ~2 debug messages>

6.23.14. Executing TECHMAP pass (map to technology primitives).

6.23.14.1. Executing Verilog-2005 frontend: /home/aman/Desktop/viswakarma/biothon/visiion aid/submission/tools/eda-root/usr/bin/../share/yosys/techmap.v
Parsing Verilog input from `/home/aman/Desktop/viswakarma/biothon/visiion aid/submission/tools/eda-root/usr/bin/../share/yosys/techmap.v' to AST representation.
Generating RTLIL representation for module `\_90_simplemap_bool_ops'.
Generating RTLIL representation for module `\_90_simplemap_reduce_ops'.
Generating RTLIL representation for module `\_90_simplemap_logic_ops'.
Generating RTLIL representation for module `\_90_simplemap_compare_ops'.
Generating RTLIL representation for module `\_90_simplemap_various'.
Generating RTLIL representation for module `\_90_simplemap_registers'.
Generating RTLIL representation for module `\_90_shift_ops_shr_shl_sshl_sshr'.
Generating RTLIL representation for module `\_90_shift_shiftx'.
Generating RTLIL representation for module `\_90_fa'.
Generating RTLIL representation for module `\_90_lcu_brent_kung'.
Generating RTLIL representation for module `\_90_alu'.
Generating RTLIL representation for module `\_90_macc'.
Generating RTLIL representation for module `\_90_alumacc'.
Generating RTLIL representation for module `\$__div_mod_u'.
Generating RTLIL representation for module `\$__div_mod_trunc'.
Generating RTLIL representation for module `\_90_div'.
Generating RTLIL representation for module `\_90_mod'.
Generating RTLIL representation for module `\$__div_mod_floor'.
Generating RTLIL representation for module `\_90_divfloor'.
Generating RTLIL representation for module `\_90_modfloor'.
Generating RTLIL representation for module `\_90_pow'.
Generating RTLIL representation for module `\_90_pmux'.
Generating RTLIL representation for module `\_90_demux'.
Generating RTLIL representation for module `\_90_lut'.
Successfully finished Verilog frontend.

6.23.14.2. Continuing TECHMAP pass.
Using template $paramod\ALU\ALU_MODE=s32'00000000000000000000000000000010 for cells of type $paramod\ALU\ALU_MODE=s32'00000000000000000000000000000010.
Using extmapper simplemap for cells of type $mux.
Using extmapper simplemap for cells of type $xor.
Using extmapper simplemap for cells of type $not.
No more expansions possible.
<suppressed ~227 debug messages>

6.23.15. Executing OPT pass (performing simple optimizations).

6.23.15.1. Executing OPT_EXPR pass (perform const folding).
Optimizing module visionaid_top.

6.23.15.2. Executing OPT_MERGE pass (detect identical cells).
Finding identical cells in module `\visionaid_top'.
Removed a total of 0 cells.

6.23.15.3. Executing OPT_MUXTREE pass (detect dead branches in mux trees).
Running muxtree optimizer on module \visionaid_top..
  Creating internal representation of mux trees.
  No muxes found in this module.
Removed 0 multiplexer ports.

6.23.15.4. Executing OPT_REDUCE pass (consolidate $*mux and $reduce_* inputs).
  Optimizing cells in module \visionaid_top.
Performed a total of 0 changes.

6.23.15.5. Executing OPT_MERGE pass (detect identical cells).
Finding identical cells in module `\visionaid_top'.
Removed a total of 0 cells.

6.23.15.6. Executing OPT_DFF pass (perform DFF optimizations).

6.23.15.7. Executing OPT_CLEAN pass (remove unused cells and wires).
Finding unused cells or wires in module \visionaid_top..
Removed 0 unused cells and 16 unused wires.
<suppressed ~1 debug messages>

6.23.15.8. Executing OPT_EXPR pass (perform const folding).
Optimizing module visionaid_top.

6.23.15.9. Rerunning OPT passes. (Maybe there is more to do..)

6.23.15.10. Executing OPT_MUXTREE pass (detect dead branches in mux trees).
Running muxtree optimizer on module \visionaid_top..
  Creating internal representation of mux trees.
  No muxes found in this module.
Removed 0 multiplexer ports.

6.23.15.11. Executing OPT_REDUCE pass (consolidate $*mux and $reduce_* inputs).
  Optimizing cells in module \visionaid_top.
Performed a total of 0 changes.

6.23.15.12. Executing OPT_MERGE pass (detect identical cells).
Finding identical cells in module `\visionaid_top'.
Removed a total of 0 cells.

6.23.15.13. Executing OPT_DFF pass (perform DFF optimizations).

6.23.15.14. Executing OPT_CLEAN pass (remove unused cells and wires).
Finding unused cells or wires in module \visionaid_top..

6.23.15.15. Executing OPT_EXPR pass (perform const folding).
Optimizing module visionaid_top.

6.23.15.16. Finished OPT passes. (There is nothing left to do.)

6.23.16. Executing AIGMAP pass (map logic to AIG).
Module visionaid_top: replaced 5 cells with 35 new cells, skipped 9 cells.
  replaced 2 cell types:
       3 $_XOR_
       2 $_MUX_
  not replaced 2 cell types:
       8 $specify2
       1 $_NOT_

6.23.17. Executing AIGMAP pass (map logic to AIG).
Module visionaid_top: replaced 1871 cells with 10987 new cells, skipped 4323 cells.
  replaced 4 cell types:
     702 $_OR_
     517 $_XOR_
       1 $_ORNOT_
     651 $_MUX_
  not replaced 16 cell types:
      25 $scopeinfo
     429 $_NOT_
     886 $_AND_
      17 DFF
     148 DFFE
      16 DFFS
      66 DFFSE
      86 DFFR
     235 DFFRE
      11 IBUF
      15 OBUF
     568 $paramod$__ABC9_DELAY\DELAY=32'00000000000000000000001001000000
      72 $paramod$__ABC9_DELAY\DELAY=32'00000000000000000000000000111110
     889 $paramod\ALU\ALU_MODE=s32'00000000000000000000000000000010
       8 $paramod$bf5d18c77bd32001a78ee8032ee8564d486f1b33\RAM16SDP4
     852 $paramod$__ABC9_DELAY\DELAY=32'00000000000000000000000000111111

6.23.17.1. Executing ABC9_OPS pass (helper functions for ABC9).

6.23.17.2. Executing ABC9_OPS pass (helper functions for ABC9).

6.23.17.3. Executing XAIGER backend.
<suppressed ~611 debug messages>
Extracted 5093 AND gates and 16733 wires from module `visionaid_top' to a netlist network with 637 inputs and 1521 outputs.

6.23.17.4. Executing ABC9_EXE pass (technology mapping using ABC9).

6.23.17.5. Executing ABC9.
Running ABC command: "<yosys-exe-dir>/yosys-abc" -s -f <abc-temp-dir>/abc.script 2>&1
ABC: ABC command line: "source <abc-temp-dir>/abc.script".
ABC: 
ABC: + read_lut <abc-temp-dir>/input.lut 
ABC: + read_box <abc-temp-dir>/input.box 
ABC: + &read <abc-temp-dir>/input.xaig 
ABC: + &ps 
ABC: <abc-temp-dir>/input : i/o =    637/   1521  and =    4036  lev =   24 (1.10)  mem = 0.21 MB  box = 2381  bb = 1492
ABC: + &scorr 
ABC: Warning: The network is combinational.
ABC: + &sweep 
ABC: + &dc2 
ABC: + &dch -f 
ABC: + &ps 
ABC: <abc-temp-dir>/input : i/o =    637/   1521  and =    3662  lev =   32 (0.86)  mem = 0.19 MB  ch =  292  box = 2267  bb = 1492
ABC: cst =       0  cls =    256  lit =     292  unused =    6793  proof =     0
ABC: Warning: AIG with boxes has internal fanout in 0 complex flops and 6 carries.
ABC: + &if -W 500 -v 
ABC: K = 8. Memory (bytes): Truth =    0. Cut =   68. Obj =  152. Set =  708. CutMin = no
ABC: Node =    3662.  Ch =   256.  Total mem =    2.16 MB. Peak cut mem =    0.06 MB.
ABC: P:  Del = 13408.00.  Ar =    4786.0.  Edge =     4192.  Cut =    50956.  T =     0.01 sec
ABC: P:  Del = 13408.00.  Ar =    4734.0.  Edge =     4158.  Cut =    50457.  T =     0.01 sec
ABC: P:  Del = 13408.00.  Ar =    2230.0.  Edge =     3605.  Cut =    92646.  T =     0.01 sec
ABC: F:  Del = 13392.00.  Ar =    1637.0.  Edge =     3405.  Cut =    75983.  T =     0.01 sec
ABC: A:  Del = 13392.00.  Ar =    1543.0.  Edge =     3244.  Cut =    74288.  T =     0.02 sec
ABC: A:  Del = 13392.00.  Ar =    1538.0.  Edge =     3233.  Cut =    74343.  T =     0.02 sec
ABC: Total time =     0.08 sec
ABC: + &write -n <abc-temp-dir>/output.aig 
ABC: + &mfs 
ABC: + &ps -l 
ABC: <abc-temp-dir>/input : i/o =    637/   1521  and =    5579  lev =   27 (0.82)  mem = 0.21 MB  box = 2267  bb = 1492
ABC: Mapping (K=8)  :  lut =    858  edge =    3131  lev =    6 (0.42)  Boxes are not in a topological order. Switching to level computation without boxes.
ABC: levB =   27  mem = 0.08 MB
ABC: LUT = 858 : 2=231 26.9 %  3=163 19.0 %  4=256 29.8 %  5=144 16.8 %  6=23 2.7 %  7=30 3.5 %  8=11 1.3 %  Ave = 3.65
ABC: Warning: AIG with boxes has internal fanout in 0 complex flops and 6 carries.
ABC: + &write -n <abc-temp-dir>/output.aig 
ABC: + time 
ABC: elapse: 1.23 seconds, total: 1.23 seconds

6.23.17.6. Executing AIGER frontend.
<suppressed ~4442 debug messages>
Removed 9465 unused cells and 19296 unused wires.

6.23.17.7. Executing ABC9_OPS pass (helper functions for ABC9).
ABC RESULTS:              $lut cells:      878
ABC RESULTS:   $paramod\ALU\ALU_MODE=s32'00000000000000000000000000000010 cells:      775
ABC RESULTS:           input signals:      129
ABC RESULTS:          output signals:     1508
Removing temp directory.

6.23.18. Executing TECHMAP pass (map to technology primitives).

6.23.18.1. Executing Verilog-2005 frontend: /home/aman/Desktop/viswakarma/biothon/visiion aid/submission/tools/eda-root/usr/bin/../share/yosys/abc9_unmap.v
Parsing Verilog input from `/home/aman/Desktop/viswakarma/biothon/visiion aid/submission/tools/eda-root/usr/bin/../share/yosys/abc9_unmap.v' to AST representation.
Generating RTLIL representation for module `\$__DFF_x__$abc9_flop'.
Generating RTLIL representation for module `\$__ABC9_SCC_BREAKER'.
Successfully finished Verilog frontend.

6.23.18.2. Continuing TECHMAP pass.
Using template $paramod\ALU\ALU_MODE=s32'00000000000000000000000000000010 for cells of type $paramod\ALU\ALU_MODE=s32'00000000000000000000000000000010.
Using template $paramod$bf5d18c77bd32001a78ee8032ee8564d486f1b33\RAM16SDP4 for cells of type $paramod$bf5d18c77bd32001a78ee8032ee8564d486f1b33\RAM16SDP4.
No more expansions possible.
<suppressed ~790 debug messages>
Removed 134 unused cells and 23924 unused wires.

6.24. Executing TECHMAP pass (map to technology primitives).

6.24.1. Executing Verilog-2005 frontend: /home/aman/Desktop/viswakarma/biothon/visiion aid/submission/tools/eda-root/usr/bin/../share/yosys/gowin/cells_map.v
Parsing Verilog input from `/home/aman/Desktop/viswakarma/biothon/visiion aid/submission/tools/eda-root/usr/bin/../share/yosys/gowin/cells_map.v' to AST representation.
Generating RTLIL representation for module `\$_DFF_N_'.
Generating RTLIL representation for module `\$_DFF_P_'.
Generating RTLIL representation for module `\$_DFFE_PP_'.
Generating RTLIL representation for module `\$_DFFE_NP_'.
Generating RTLIL representation for module `\$_SDFF_PP0_'.
Generating RTLIL representation for module `\$_SDFF_NP0_'.
Generating RTLIL representation for module `\$_SDFFE_PP0P_'.
Generating RTLIL representation for module `\$_SDFFE_NP0P_'.
Generating RTLIL representation for module `\$_SDFF_PP1_'.
Generating RTLIL representation for module `\$_SDFF_NP1_'.
Generating RTLIL representation for module `\$_SDFFE_PP1P_'.
Generating RTLIL representation for module `\$_SDFFE_NP1P_'.
Generating RTLIL representation for module `\$_DFF_PP1_'.
Generating RTLIL representation for module `\$_DFF_NP1_'.
Generating RTLIL representation for module `\$_DFF_PP0_'.
Generating RTLIL representation for module `\$_DFF_NP0_'.
Generating RTLIL representation for module `\$_DFFE_PP1P_'.
Generating RTLIL representation for module `\$_DFFE_NP1P_'.
Generating RTLIL representation for module `\$_DFFE_PP0P_'.
Generating RTLIL representation for module `\$_DFFE_NP0P_'.
Generating RTLIL representation for module `\$lut'.
Successfully finished Verilog frontend.

6.24.2. Continuing TECHMAP pass.
Using template $paramod$09ae5dfee4e15f0bad6f95d68fc5c7ab9b47a0df\$lut for cells of type $lut.
Using template $paramod$ccb60ca46ade84b3d1987697ff48931bdbb0e080\$lut for cells of type $lut.
Using template $paramod$cde361a621e929168e2e29211efd6e41391c35c1\$lut for cells of type $lut.
Using template $paramod\$lut\WIDTH=32'00000000000000000000000000000010\LUT=4'1000 for cells of type $lut.
Using template $paramod$f5c97e291c8b48d9f1b4239d871ab7639e5a24ac\$lut for cells of type $lut.
Using template $paramod$94d5fc7f7d3f71ae26b9c1532bd8787f0c4d523d\$lut for cells of type $lut.
Using template $paramod$6bdff88366458ff02c16b791dea9baef6a804f8a\$lut for cells of type $lut.
Using template $paramod$4282def8dbd6df3d1248ad282c629bee684502c2\$lut for cells of type $lut.
Using template $paramod$5aade32a42eeea80d52be580c6f168f2efa73bd2\$lut for cells of type $lut.
Using template $paramod$c67ff654dfa9062d61db52bd013fb1271e5b9a9b\$lut for cells of type $lut.
Using template $paramod\$lut\WIDTH=32'00000000000000000000000000000011\LUT=8'01100000 for cells of type $lut.
Using template $paramod\$lut\WIDTH=32'00000000000000000000000000000011\LUT=8'01110001 for cells of type $lut.
Using template $paramod\$lut\WIDTH=32'00000000000000000000000000000011\LUT=8'11010000 for cells of type $lut.
Using template $paramod$3f6fe0730f7978b946a57d55a78e206b053e637b\$lut for cells of type $lut.
Using template $paramod\$lut\WIDTH=32'00000000000000000000000000000011\LUT=8'00101101 for cells of type $lut.
Using template $paramod$97ebfb6b76289605cef30bfd406c571dfe9afaa9\$lut for cells of type $lut.
Using template $paramod\$lut\WIDTH=32'00000000000000000000000000000011\LUT=8'01101001 for cells of type $lut.
Using template $paramod$21d157fb1dff24e55ee2019fc0da096ed5ea1ff2\$lut for cells of type $lut.
Using template $paramod\$lut\WIDTH=32'00000000000000000000000000000011\LUT=8'10001110 for cells of type $lut.
Using template $paramod$e3f15dbf386eb2d9773236c73b6cf924ec3294ee\$lut for cells of type $lut.
Using template $paramod$c6705c2d9a5ca1e5236b47844e83005fc173deff\$lut for cells of type $lut.
Using template $paramod$fd904e9e35cfd343a9df248824bd3f1408724879\$lut for cells of type $lut.
Using template $paramod$e4f52ada5d54bc05bbd3235ee2dc3ebeb2918ad7\$lut for cells of type $lut.
Using template $paramod$b6ebb0ea1200440e9f4d8451077c5efc796eb6bd\$lut for cells of type $lut.
Using template $paramod$a1b5c26a437d3cef171102d9b30f1646e5637d6c\$lut for cells of type $lut.
Using template $paramod$d9f52427aa30a86ed0e4a43bd64c1bcd4caae118\$lut for cells of type $lut.
Using template $paramod$b1182ebb1ebbbd8f47d925705e609df35c24ceb4\$lut for cells of type $lut.
Using template $paramod\$lut\WIDTH=32'00000000000000000000000000000011\LUT=8'10010110 for cells of type $lut.
Using template $paramod\$lut\WIDTH=32'00000000000000000000000000000010\LUT=4'0110 for cells of type $lut.
Using template $paramod\$lut\WIDTH=32'00000000000000000000000000000011\LUT=8'11101000 for cells of type $lut.
Using template $paramod$c8a6e2022755fdd4acf21c953aa44932edefa769\$lut for cells of type $lut.
Using template $paramod$7c7bd826402cc206b84c509ffcee30dace383ac9\$lut for cells of type $lut.
Using template $paramod$0ed3cd44a1ab40ecf787aa00d8a25586851456a4\$lut for cells of type $lut.
Using template $paramod$45a1f3b40364fd65e9aa6d718fbea1be45db4580\$lut for cells of type $lut.
Using template $paramod$1b35ee7d7fc3e4588ea5a67dbdde7a9d8f42d3d8\$lut for cells of type $lut.
Using template $paramod$d0a7725f56ec7a00a241e6e1d7ce466f5e2052e5\$lut for cells of type $lut.
Using template $paramod$5fc7b30e8a269f34f0c5ceedb3fa4cd675ef3d94\$lut for cells of type $lut.
Using template $paramod$bf2988d1543afdedecce893b0870a6622c1c8a95\$lut for cells of type $lut.
Using template $paramod$93f74d366819d1f86e5e8b91d159aa6b1cd7e9fb\$lut for cells of type $lut.
Using template $paramod$f56cf03e95b6a4e477c115ef86a1db0bf03380e6\$lut for cells of type $lut.
Using template $paramod$779db90847ddcc772e925f9403e9ad1be6638db3\$lut for cells of type $lut.
Using template $paramod$a7dc0e96cf1de65b744154f2a6cb75579eebac0f\$lut for cells of type $lut.
Using template $paramod\$lut\WIDTH=32'00000000000000000000000000000010\LUT=4'1001 for cells of type $lut.
Using template $paramod$4d936e12cec30b7cae41a0c3a6bc8c9d6aa9bbd5\$lut for cells of type $lut.
Using template $paramod\$lut\WIDTH=32'00000000000000000000000000000010\LUT=4'1011 for cells of type $lut.
Using template $paramod\$lut\WIDTH=32'00000000000000000000000000000010\LUT=4'1110 for cells of type $lut.
Using template $paramod\$lut\WIDTH=32'00000000000000000000000000000011\LUT=8'01000000 for cells of type $lut.
Using template $paramod\$lut\WIDTH=32'00000000000000000000000000000011\LUT=8'01001101 for cells of type $lut.
Using template $paramod\$lut\WIDTH=32'00000000000000000000000000000010\LUT=4'0010 for cells of type $lut.
Using template $paramod\$lut\WIDTH=32'00000000000000000000000000000011\LUT=8'10101000 for cells of type $lut.
Using template $paramod$3fbf9e179448527cc5870685155541058c0f9f7a\$lut for cells of type $lut.
Using template $paramod\$lut\WIDTH=32'00000000000000000000000000000011\LUT=8'00010100 for cells of type $lut.
Using template $paramod$785b36033b8c80dd7c5c48b92200d052ff38fcf6\$lut for cells of type $lut.
Using template $paramod$1ad50987558924e812a009e17d8616d32388217f\$lut for cells of type $lut.
Using template $paramod$bc12892e267b798471901672efda99b4d9a4ceb6\$lut for cells of type $lut.
Using template $paramod$239a649c3c5dcff42e28a38401931acf401ef810\$lut for cells of type $lut.
Using template $paramod$19fc9d6ff04625c12786f1577cd4f20b8e9d416e\$lut for cells of type $lut.
Using template $paramod$a511f425a16be7369933baa8c17a62ec61a7d7bf\$lut for cells of type $lut.
Using template $paramod$21a9cf1c7cffed4ea7970972274e8bcced7c7005\$lut for cells of type $lut.
Using template $paramod$658b9ed803f0d3d335616d3858b53e0a2522f1e8\$lut for cells of type $lut.
Using template $paramod$6e238df02989b317f10820a22773676e71120644\$lut for cells of type $lut.
Using template $paramod\$lut\WIDTH=32'00000000000000000000000000000010\LUT=4'0100 for cells of type $lut.
Using template $paramod$8512f4fb47fa9596f76cdbe5b407a5b54df368e7\$lut for cells of type $lut.
Using template $paramod$e3e4230bb990723642112b292aa705ee0cbad0d4\$lut for cells of type $lut.
Using template $paramod$df196ed0a1da5c4a58c5e08a1dac304fd3fccaab\$lut for cells of type $lut.
Using template $paramod\$lut\WIDTH=32'00000000000000000000000000000011\LUT=8'10010000 for cells of type $lut.
Using template $paramod$6d6beead1425af15cf78b27fd9b11b41b5d4bce8\$lut for cells of type $lut.
Using template $paramod$ab8bb87959c5d7cfa27886cee1355b38e054a61a\$lut for cells of type $lut.
Using template $paramod$bffce4efbb125d820d86d8cf6e03d71a2e99e7fe\$lut for cells of type $lut.
Using template $paramod$033d5339eee4723fba711446561e30ea30ccfb2f\$lut for cells of type $lut.
Using template $paramod$f9813472aa48e533b3838c6f2316dc2e78c66111\$lut for cells of type $lut.
Using template $paramod$5e9374f44a27c3f8a1c38af244ec43ceb4fb8d4f\$lut for cells of type $lut.
Using template $paramod\$lut\WIDTH=32'00000000000000000000000000000011\LUT=8'10000000 for cells of type $lut.
Using template $paramod$eab8c2e20ad6848564bec45c7148558972138f5b\$lut for cells of type $lut.
Using template $paramod$c508ffccf3cb0d44491eb1a488b3e92b1375f011\$lut for cells of type $lut.
Using template $paramod$272652f6c6fbe9a75eff76e45cc7e2788835518b\$lut for cells of type $lut.
Using template $paramod$571404c0889eaf57f492cb5e37f8acb5df5852f9\$lut for cells of type $lut.
Using template $paramod$47a8214374025465e226fa66bee690ff33268a25\$lut for cells of type $lut.
Using template $paramod$d6ca727e39f31d51d29072e0f33aa09c65e37336\$lut for cells of type $lut.
Using template $paramod$d909494d67d7075f17a422f7cb5526f6d6564ea6\$lut for cells of type $lut.
Using template $paramod\$lut\WIDTH=32'00000000000000000000000000000011\LUT=8'00000110 for cells of type $lut.
Using template $paramod\$lut\WIDTH=32'00000000000000000000000000000011\LUT=8'00000010 for cells of type $lut.
Using template $paramod\$lut\WIDTH=32'00000000000000000000000000000010\LUT=4'0001 for cells of type $lut.
Using template $paramod\$lut\WIDTH=32'00000000000000000000000000000011\LUT=8'00000100 for cells of type $lut.
Using template $paramod$c28a8b7ce0535d090c4cfb52e9c74affd52b110c\$lut for cells of type $lut.
Using template $paramod$7e3d8ac009723e554811ad53385162c0e6a41625\$lut for cells of type $lut.
Using template $paramod$eba7de026ff587370e320127e266317dae097a89\$lut for cells of type $lut.
Using template $paramod\$lut\WIDTH=32'00000000000000000000000000000011\LUT=8'00001110 for cells of type $lut.
Using template $paramod$ce15874c299a587dd16825ec2d2d2759b547554e\$lut for cells of type $lut.
Using template $paramod$0dcf76e837d6828bfb568939d15208a97868a985\$lut for cells of type $lut.
Using template $paramod\$lut\WIDTH=32'00000000000000000000000000000011\LUT=8'00010000 for cells of type $lut.
Using template $paramod$704cad882e2bedddf5c55ef18de55c67afe1e0ec\$lut for cells of type $lut.
Using template $paramod\$lut\WIDTH=32'00000000000000000000000000000011\LUT=8'00100000 for cells of type $lut.
Using template $paramod\$lut\WIDTH=32'00000000000000000000000000000011\LUT=8'00111010 for cells of type $lut.
Using template $paramod$2978a73989be3e1278af72b9db666c30fa0ff85b\$lut for cells of type $lut.
Using template $paramod\$lut\WIDTH=32'00000000000000000000000000000011\LUT=8'00001000 for cells of type $lut.
Using template $paramod$873c285bdccf0ac2b60d2304ea5cd14bf211d2a6\$lut for cells of type $lut.
Using template $paramod\$lut\WIDTH=32'00000000000000000000000000000011\LUT=8'10101100 for cells of type $lut.
Using template $paramod$fea512844f0598125018304dfe86621dbf348f27\$lut for cells of type $lut.
Using template $paramod\$lut\WIDTH=32'00000000000000000000000000000011\LUT=8'11100010 for cells of type $lut.
Using template $paramod$044cf326e9ea7689028577b719787d68fa2df2f8\$lut for cells of type $lut.
Using template $paramod$c3398dd16865452a1053adfb3558216902e5baa9\$lut for cells of type $lut.
Using template $paramod$101238f3d8d49ab12a9b49a2f01cd503b26e9c61\$lut for cells of type $lut.
Using template $paramod$f8f63b209b7230e81958663ff24fef1613156af7\$lut for cells of type $lut.
Using template $paramod$c2cc3ea70336ab71682956bf9d57bfc45453c8bf\$lut for cells of type $lut.
Using template $paramod$f52df4b90f46c2ab9e801e1f39516c9cb1bb6ae7\$lut for cells of type $lut.
Using template $paramod$8e44661def013b6bf9fe6f8b049ef2c838d749f9\$lut for cells of type $lut.
Using template $paramod$a5516fc31d1e552de2435200bb732b4d4ad63a9c\$lut for cells of type $lut.
Using template $paramod$f3ada871809f362efd8eb0c4fb952bb5c98f0750\$lut for cells of type $lut.
Using template $paramod$bba54c1ef87367812b4c15f4aed5ac70773df775\$lut for cells of type $lut.
Using template $paramod$f9e6b8c8bbaa4b164a91075c553341d15958d0ba\$lut for cells of type $lut.
Using template $paramod\$lut\WIDTH=32'00000000000000000000000000000011\LUT=8'01001111 for cells of type $lut.
Using template $paramod\$lut\WIDTH=32'00000000000000000000000000000010\LUT=4'0111 for cells of type $lut.
Using template $paramod$4f32aeb0f34bfcaf9a20a9a4cf912254f20815fe\$lut for cells of type $lut.
Using template $paramod$1e47b2c82141d6a54f09852fad33b92b9763040f\$lut for cells of type $lut.
Using template $paramod\$lut\WIDTH=32'00000000000000000000000000000011\LUT=8'10001010 for cells of type $lut.
Using template $paramod$857512ea84a5fe5464efcd374b77666399ea78e1\$lut for cells of type $lut.
Using template $paramod$d79e8c7f0cb3bd049a34d82ec5fe688d444e5a52\$lut for cells of type $lut.
Using template $paramod\$lut\WIDTH=32'00000000000000000000000000000011\LUT=8'10011100 for cells of type $lut.
Using template $paramod$b26fbfdb68e98cf016d61a8611b449e9f4a30f3c\$lut for cells of type $lut.
Using template $paramod\$lut\WIDTH=32'00000000000000000000000000000011\LUT=8'00001001 for cells of type $lut.
Using template $paramod\$lut\WIDTH=32'00000000000000000000000000000011\LUT=8'00110001 for cells of type $lut.
Using template $paramod$480273aedff341609bb0d70e79d3d629c4101764\$lut for cells of type $lut.
Using template $paramod$2d07c1a6c53c7b878509360922c4fa5ebedc3011\$lut for cells of type $lut.
Using template $paramod$992bdc10cff2c6edd722994f0e1044bc863f79f7\$lut for cells of type $lut.
Using template $paramod$43779580bfffd5d5a9f321249a174febf1dac288\$lut for cells of type $lut.
Using template $paramod$65d5d5c1e01bf41ee659754efba932f3d99198e5\$lut for cells of type $lut.
Using template $paramod$b86b68a00733dbecb31d58a14a13683475a2002a\$lut for cells of type $lut.
Using template $paramod$251994398653c4cf8de320f1e306e535d5d2d624\$lut for cells of type $lut.
Using template $paramod$9bdc414229f06e785dc8fd97a243faa9336e164a\$lut for cells of type $lut.
Using template $paramod$a50be0e6fa3a01511bb234559cb74fb8bd3e2061\$lut for cells of type $lut.
Using template $paramod$a8e9b730b9682cb2e5dee69f6364d2d5364ec53f\$lut for cells of type $lut.
Using template $paramod\$lut\WIDTH=32'00000000000000000000000000000011\LUT=8'10001101 for cells of type $lut.
Using template $paramod$30305e55a780880b9c824fe3509a4d981acb0f2b\$lut for cells of type $lut.
Using template $paramod$364c9ffbffac467d60dfec81bba4e18476c15602\$lut for cells of type $lut.
Using template $paramod$71d951b20e73043168c1656217d126e617052faa\$lut for cells of type $lut.
Using template $paramod\$lut\WIDTH=32'00000000000000000000000000000011\LUT=8'10111111 for cells of type $lut.
Using template $paramod$e5b29079c1a88f3fc663c746ec8e3359690ef674\$lut for cells of type $lut.
Using template $paramod$35059585e93e18989247e13034fd6a1ce4de9957\$lut for cells of type $lut.
Using template $paramod$e8b1383c6901b56df73ac402d78a5e0a42461be0\$lut for cells of type $lut.
Using template $paramod\$lut\WIDTH=32'00000000000000000000000000000011\LUT=8'11001010 for cells of type $lut.
Using template $paramod$f921ab2c451d17e196d1dcad0b6d434881387fe3\$lut for cells of type $lut.
Using template $paramod$f9df0bb8fc3cbb332d575e165ec04d3cfd4c90ca\$lut for cells of type $lut.
Using template $paramod$bae156c47da01f4fb1fb70cecb0a4f4ec0b91cd8\$lut for cells of type $lut.
Using template $paramod$b45e5cb971154e30a797eecb0461619c3eeae12d\$lut for cells of type $lut.
Using template $paramod$8cc3490ab42a63312b8ab36121eb7c9227093866\$lut for cells of type $lut.
Using template $paramod$413d040dcd860cd74ca61a70644516a95d328ae7\$lut for cells of type $lut.
Using template $paramod\$lut\WIDTH=32'00000000000000000000000000000011\LUT=8'11000100 for cells of type $lut.
Using template $paramod$79364b9974cfc81fb54c164d10340bf9c7bccd7f\$lut for cells of type $lut.
Using template $paramod$18e50808df562b188523e13714b96fedec6427c1\$lut for cells of type $lut.
Using template $paramod\$lut\WIDTH=32'00000000000000000000000000000011\LUT=8'11111110 for cells of type $lut.
Using template $paramod\$lut\WIDTH=32'00000000000000000000000000000011\LUT=8'00010101 for cells of type $lut.
Using template $paramod$0b3488ccba4cfe75a72fae6d056eb68af081b74b\$lut for cells of type $lut.
Using template $paramod$4972722c284f07fee673f7cb99e6a36ce4a244f0\$lut for cells of type $lut.
Using template $paramod$0b4996d303b10c66c0d8f6212ad201858d2da50c\$lut for cells of type $lut.
Using template $paramod$027b71830bd0fbfb04ad11206c5a0de76ed9d3f5\$lut for cells of type $lut.
Using template $paramod\$lut\WIDTH=32'00000000000000000000000000000011\LUT=8'11110100 for cells of type $lut.
Using template $paramod$adce9c89515a4e83641fc3471eb3c01ec7b082ff\$lut for cells of type $lut.
Using template $paramod$3ea3d429d118d4edd4c811b101578fcb8af50f3e\$lut for cells of type $lut.
Using template $paramod$fb5496753f4cd235e71c284b2ffee9d41a960ca2\$lut for cells of type $lut.
Using template $paramod$724b9fe0ffba7e87bbea35befd14072280d1fe94\$lut for cells of type $lut.
Using template $paramod$7346bfa6c3e8b231f18a5b9be9339b2af037f9c4\$lut for cells of type $lut.
Using template $paramod$29abc20a7ab5b4eb032de81d27128c12e10b5c6b\$lut for cells of type $lut.
Using template $paramod$6105861abb96af37079a31ea97bf84cf81f9d92e\$lut for cells of type $lut.
Using template $paramod$81d8a60fd95b1a9f9ef71c12a774ae6988cb9fd5\$lut for cells of type $lut.
Using template $paramod$fca82610c4582bae0c561edc640eb928b48fbdcf\$lut for cells of type $lut.
Using template $paramod$fbd3b3a5b872ff9ffa74cfd9354b81bd330d83f4\$lut for cells of type $lut.
Using template $paramod$354c6e12bb192c5ea1375ea4c9e81a221c8f7991\$lut for cells of type $lut.
Using template $paramod\$lut\WIDTH=32'00000000000000000000000000000011\LUT=8'00101011 for cells of type $lut.
Using template $paramod$4947d6f3f6b222685d6648c4226dd05c303cde2e\$lut for cells of type $lut.
Using template $paramod$b9557f29e550dcc80630060442ff3693dc6e484d\$lut for cells of type $lut.
Using template $paramod$5877fe924b8765772cf691bef16572675cebbf75\$lut for cells of type $lut.
Using template $paramod$5b490d901668a6fb67958fccb6498f74ef9389d9\$lut for cells of type $lut.
Using template $paramod$6f24f4e37c79290a97897844aa0397614ac6505b\$lut for cells of type $lut.
Using template $paramod$63e91d465811af6bf04950bb4003de5f9aae7290\$lut for cells of type $lut.
Using template $paramod$b3545f25a302741297bdf652c60505e759f6c771\$lut for cells of type $lut.
Using template $paramod$7cd69f5f562497db37067abd048cf8f680ab8c0a\$lut for cells of type $lut.
Using template $paramod$332a399730bfc61adea04021a76b1c4e4030f37d\$lut for cells of type $lut.
Using template $paramod\$lut\WIDTH=32'00000000000000000000000000000011\LUT=8'00000001 for cells of type $lut.
Using template $paramod$a2938f82b10642f4e420f4603fe3a9354312873a\$lut for cells of type $lut.
Using template $paramod\$lut\WIDTH=32'00000000000000000000000000000011\LUT=8'10101001 for cells of type $lut.
Using template $paramod$921e6469b3f8c021edac5447ae3fede46adc0b96\$lut for cells of type $lut.
Using template $paramod$a547ebbcb936a0942e18c1762283837f76f0003a\$lut for cells of type $lut.
Using template $paramod$180547ab8f3f8a20a2e51d0d6ec4d31399c335c8\$lut for cells of type $lut.
Using template $paramod$dc4bdc5ede0a2fc3bcb476c5e1f7ad71a06c14d1\$lut for cells of type $lut.
Using template $paramod$53e2f19da3717d5811ebdf8a2ba9871e38e269f1\$lut for cells of type $lut.
Using template $paramod$adc9ab583e4b1a08f21dcfa3d486c5776a7df924\$lut for cells of type $lut.
Using template $paramod$718208d0d7c444e4924e09c40d40e7ac2bd4dfe6\$lut for cells of type $lut.
Using template $paramod$5f1d0fc64aa8ce06280b020a48e6622f01560a73\$lut for cells of type $lut.
Using template $paramod$7de673d99174e72ed55b7bcf13c882747cf9afb2\$lut for cells of type $lut.
Using template $paramod$e2a3ca8174c3003ac75cd94372e1b6681ee176f5\$lut for cells of type $lut.
Using template $paramod$7466b277a2920f2debad5a952fc1f345dff20027\$lut for cells of type $lut.
Using template $paramod$a9d9800e23e9718458ae63118d87671910a81361\$lut for cells of type $lut.
Using template $paramod$c731250be34a05dd42f2258b305a31ee0139a102\$lut for cells of type $lut.
Using template $paramod$4c7d7fe6bbc620a08a6717fd97c4db06d7f9f2d7\$lut for cells of type $lut.
Using template $paramod$d72dd2fe2e7113d3065d401f1c3e907a29b4efb6\$lut for cells of type $lut.
Using template $paramod$7947ffe851e13bf4a8e63367dafb32b0d7a22d4f\$lut for cells of type $lut.
Using template $paramod$5dcb33db8be7b9c82fbfcfcf8fc439d3ecee49b3\$lut for cells of type $lut.
Using template $paramod\$lut\WIDTH=32'00000000000000000000000000000011\LUT=8'10110010 for cells of type $lut.
Using template $paramod$c5a8f97851b065b523217fb3187583e41a9bb41f\$lut for cells of type $lut.
Using template $paramod$e93d2b7b0efb157eacc29daefa9fff2a0dd308ee\$lut for cells of type $lut.
Using template $paramod$14d72975b70f98d25fb9ceff6c84ef8c4e940925\$lut for cells of type $lut.
Using template $paramod$05ea57f5408a7cb5ddde0631856f402d61cb92a0\$lut for cells of type $lut.
Using template $paramod$a7e717438cf24f0785b71585b523b65f9fbd7e7b\$lut for cells of type $lut.
Using template $paramod$2e242b3870fd1c78b14e7f95ffa17bf0b3a3339c\$lut for cells of type $lut.
Using template $paramod$37f7d141f3b1c8998108cb66d5b122cb3c46edd4\$lut for cells of type $lut.
Using template $paramod$a2e4e371f1a499d94dec8fe5f7addfb558fcd781\$lut for cells of type $lut.
Using template $paramod$49d3c86667aa8d326088dc3534240bd2f33b9714\$lut for cells of type $lut.
Using template $paramod$ca6e226c4cf6b921a9cb91406b33849c04e6f5fe\$lut for cells of type $lut.
Using template $paramod$1b5fd19d9b1a7868283f4c2bdb07108c1e6510d4\$lut for cells of type $lut.
Using template $paramod$20f3f4b8e32f8a8b038b0056872dc94926194798\$lut for cells of type $lut.
Using template $paramod$82bc54c2e7a3c9885361604c25e06409508ce2ad\$lut for cells of type $lut.
Using template $paramod$e4857636d35dc9b5293045a985a317a436a4713f\$lut for cells of type $lut.
Using template $paramod$a58b15214cb50ff4aa8d9b08b1542d331d26fe2f\$lut for cells of type $lut.
Using template $paramod$f405ee362848dd1a47c58160f854302f6ecf95ff\$lut for cells of type $lut.
Using template $paramod$8c24dc0cdd336b7fb88bbf7eed45cec5cbae862b\$lut for cells of type $lut.
Using template $paramod$3da02489a3326496dbc16a81eec362dd5476f45d\$lut for cells of type $lut.
Using template $paramod\$lut\WIDTH=32'00000000000000000000000000000011\LUT=8'01101100 for cells of type $lut.
Using template $paramod\$lut\WIDTH=32'00000000000000000000000000000011\LUT=8'10111110 for cells of type $lut.
Using template $paramod$eedd9aeadbf6f72d69de0bbb7d551bad09fc4f29\$lut for cells of type $lut.
Using template $paramod\$lut\WIDTH=32'00000000000000000000000000000011\LUT=8'10111010 for cells of type $lut.
Using template $paramod\$lut\WIDTH=32'00000000000000000000000000000011\LUT=8'01111111 for cells of type $lut.
Using template $paramod$89de210e11c16138f89688ab911d555676147dc8\$lut for cells of type $lut.
Using template $paramod\$lut\WIDTH=32'00000000000000000000000000000011\LUT=8'10110011 for cells of type $lut.
Using template $paramod$c6989e13d0bf80df744a01ea6b3f526d5b02a630\$lut for cells of type $lut.
Using template $paramod$aada4a496a3d13867e5cfef1e2de1b5420571c8f\$lut for cells of type $lut.
Using template $paramod$cdfb4ce36e9b97ab980954e4bd7262833a7086a8\$lut for cells of type $lut.
Using template $paramod$52adc4306ced619ca2f6304c7a7bbf71ea42dfec\$lut for cells of type $lut.
Using template $paramod$2c01c78b93f77b5e79eae85526677e695be05a34\$lut for cells of type $lut.
Using template $paramod$96f8af9b2a7d805ccb81a6483ebbe2734386b423\$lut for cells of type $lut.
Using template $paramod$ffc2ea81a65101fbef8a332deddf112494d27163\$lut for cells of type $lut.
Using template $paramod$546e7058455ceb43ea5ad2690dc4a23d958e04ec\$lut for cells of type $lut.
Using template $paramod$2f7deae5fb594b0c70bb82efd4d3682a7baaa352\$lut for cells of type $lut.
Using template $paramod$4834046533425f54583d6bd31e49deb63455e1a5\$lut for cells of type $lut.
Using template $paramod$b587e1dcd8f8a9800d395e4aeecac52c55d6f585\$lut for cells of type $lut.
Using template $paramod$52acd744af558b1acd7f06b0e1d721506b042b9b\$lut for cells of type $lut.
Using template $paramod$679c0497bd344cd028193ec8906efb780eb00cd8\$lut for cells of type $lut.
Using template $paramod$3e3c3eb0a95082564102ff16d79e0eeda16c91f2\$lut for cells of type $lut.
Using template $paramod$159aa20a7b5f0fdeda0317742d4aba945b53bd91\$lut for cells of type $lut.
Using template $paramod$ddace04fba544e6adc4cdda6a50048ddd7c111af\$lut for cells of type $lut.
Using template $paramod$d7c634c964a868577f926c0690c937ab5b147f6e\$lut for cells of type $lut.
Using template $paramod$f610396a8c1614f373f4d73e3d1e988bc93e396c\$lut for cells of type $lut.
Using template $paramod$3cd7ba4e37ac845a21f7d679f20c35087949289b\$lut for cells of type $lut.
Using template $paramod$fca001e3e0b52158a872e76e56c01ec10dfbb1de\$lut for cells of type $lut.
Using template $paramod$18e80660495d1cde4ea2e67f1fd8974fce621bcd\$lut for cells of type $lut.
Using template $paramod$a743caf801766df40bcc22d49baa12a0bdc2f7fe\$lut for cells of type $lut.
Using template $paramod$ca0cf9e60aed41581a058fdf1b690681e5148019\$lut for cells of type $lut.
Using template $paramod$d5132c60a592aebbe72f7248b0de84aa778cdc4f\$lut for cells of type $lut.
Using template $paramod$3c2da501aadd0ccd552be6e0ba1a020ffdd978ee\$lut for cells of type $lut.
Using template $paramod$d6a246575d0ba3dcbbccd768ad41b602f82ff057\$lut for cells of type $lut.
Using template $paramod$ca4b6d7ee9eb481cebc6fbd2ee179ea7b6e9bb63\$lut for cells of type $lut.
Using template $paramod$3334d9a86ed83d60ce96fbdd44e7410a379945ce\$lut for cells of type $lut.
Using template $paramod$8774e6f2a326ff2e241535bc352dd86b8eaf8073\$lut for cells of type $lut.
Using template $paramod$ee55d4d1d1d7325f58dbdbfce0ec75c463d4291c\$lut for cells of type $lut.
Using template $paramod$5c24efb1ef00c2fbe6898cb18002d4748c418328\$lut for cells of type $lut.
Using template $paramod$6d130c833191e996a4fe44784bd2d2f5fe024da3\$lut for cells of type $lut.
Using template $paramod$5964dec528c7ded1ee9f528024feacf1107270a1\$lut for cells of type $lut.
Using template $paramod$8466aae7f3132f822e70bbd8738850d820750479\$lut for cells of type $lut.
Using template $paramod$5b13d2ee598c87cdbe912286a35c6fd102e2087c\$lut for cells of type $lut.
Using template $paramod$3fd12db03aeee29b04c450792ea328ef1bb1f18d\$lut for cells of type $lut.
Using template $paramod$1a52c01dedf68f2dfaca8d06d9786ae3fec88f37\$lut for cells of type $lut.
Using template $paramod$5b2486305a23953cee7560c3a24bdd1fe98c4eaa\$lut for cells of type $lut.
Using template $paramod$849eede967b3c8935808391f1a9ce50503aa897a\$lut for cells of type $lut.
Using template $paramod$b88227d5ca73966a7d14b94fc6c859c268a9f8d0\$lut for cells of type $lut.
Using template $paramod$461cadc1bd5a9a618782c453f75bb6c15ef2c050\$lut for cells of type $lut.
Using template $paramod$5229b0804794d730fa7267b9281ed5b78b977041\$lut for cells of type $lut.
Using template $paramod$3ec83cc0e0ec241030d7c40596e80d62c44c0f57\$lut for cells of type $lut.
Using template $paramod$e22cba3ca9a7b374afecf29a8059a469b386a40e\$lut for cells of type $lut.
Using template $paramod$f6553ad61da0e3d464095c32aaf8ffc192a0f979\$lut for cells of type $lut.
Using template $paramod$c52825d0b1a0cfc6362b36af6d13149a97d3e424\$lut for cells of type $lut.
Using template $paramod$7ebd053006fefd5a4368bea803813a6c7860a94a\$lut for cells of type $lut.
Using template $paramod$4a8f522b12921aef964c57b0c1ea5818b021193e\$lut for cells of type $lut.
Using template $paramod\$lut\WIDTH=32'00000000000000000000000000000001\LUT=2'01 for cells of type $lut.
Using template $paramod$88bbf73d3bae4dce6ae37a3f9903995c7026b6eb\$lut for cells of type $lut.
Using template $paramod$9f00ada3beef921d7cc403e4cdcc2195b948ee2d\$lut for cells of type $lut.
Using template $paramod$5f4df0e2d13ac3fc8a76c5da64b0f1326467c819\$lut for cells of type $lut.
Using template $paramod$f4f3befaf19d9d4fdc2f9d5cb7cb7dcc4c587d98\$lut for cells of type $lut.
Using template $paramod$10f0a7706c0669bb94014abae34f10edc3cd5fbe\$lut for cells of type $lut.
Using template $paramod$389c91093a17538b2bcf874a7be462d223ac1fac\$lut for cells of type $lut.
Using template $paramod$f372a11579ac341dce79938c1da48825fcca05c0\$lut for cells of type $lut.
Using template $paramod$6fbb1cc4ffe8ce24c4a0eb9378170e901c41a4e0\$lut for cells of type $lut.
Using template $paramod$149f41c146f3d7df72799e86c14a5edee10b80ab\$lut for cells of type $lut.
Using template $paramod$ecc8f136f6aed415e047a0ef706f98ca5d1ce334\$lut for cells of type $lut.
Using template $paramod$952099544d42f056d561099eb1f057582fd51547\$lut for cells of type $lut.
Using template $paramod$356ed9552030abeda451520fc320b103144cadbb\$lut for cells of type $lut.
Using template $paramod$2acc56796dae1e7bbd8d34441a24f749523f3d30\$lut for cells of type $lut.
Using template $paramod$452f15f8c706f3c04afc42f217b2da610692a306\$lut for cells of type $lut.
Using template $paramod$23a2459225cf47e5b5282c530ad7e5a819a841d7\$lut for cells of type $lut.
Using template $paramod$f8f99dc9393cdebbd10f029aca59b8816c23a9f8\$lut for cells of type $lut.
Using template $paramod$4281457060069f1b93a08e85d8b4f9c2f9d97269\$lut for cells of type $lut.
Using template $paramod$2e31f4044d7bd0157082c0cf6cd31540e3a6c8be\$lut for cells of type $lut.
Using template $paramod$26efb99fdc93622edcb75d20f1f954b9feaf18b7\$lut for cells of type $lut.
Using template $paramod$9664483609d9e726df9697364de1aad825ad3979\$lut for cells of type $lut.
Using template $paramod$c6e31139239a9126fa6e4aa907c4c37717ec98d2\$lut for cells of type $lut.
Using template $paramod$397db17a367898d198eb769259b77d566e5124ce\$lut for cells of type $lut.
Using template $paramod$547b5360ac5c303ff5ad86fde24b8f3d061cb5b2\$lut for cells of type $lut.
Using template $paramod$ac5104b0f31e073ac445859404a5ecbcf6edcff5\$lut for cells of type $lut.
Using template $paramod$8ccb4c8fd668134ed61b957427de0816687a5cb8\$lut for cells of type $lut.
Using template $paramod$cb32c4eb60cd4be7cb927beafaddab36a069bd14\$lut for cells of type $lut.
Using template $paramod$92fa921f48a6eae20f3a64b50ead763816c216d4\$lut for cells of type $lut.
Using template $paramod$e4e96a5dece796d779288739da28d0f9a19e7c8a\$lut for cells of type $lut.
Using template $paramod$3e4e5280bb18cc4e574ebdc5fbfa241245ab2141\$lut for cells of type $lut.
Using template $paramod$090d2ff60d4361ffa1314dc56d9079e5f8f6fa59\$lut for cells of type $lut.
Using template $paramod$b8fca126ca3854a649494e2b0731941ae657a3f7\$lut for cells of type $lut.
Using template $paramod$adfaed50e40384db48ab0f4d1fc0ff29028d1d90\$lut for cells of type $lut.
Using template $paramod$e226eaaf0409967de7385e46352dbfa643ba5998\$lut for cells of type $lut.
Using template $paramod$dada3045927a2261ad6998f1ba071161ed6fe332\$lut for cells of type $lut.
Using template $paramod$50a279ac71762ba17eefc4a4db46510ea3887d45\$lut for cells of type $lut.
Using template $paramod$393cce17ffba23dd1d3db7d06b401b68da6b7b86\$lut for cells of type $lut.
Using template $paramod$50074a52c3df92edc3d5a3cc5dd54418cf3c5792\$lut for cells of type $lut.
Using template $paramod$4c0d96630a7eaea26fe739932da7288f747e95d0\$lut for cells of type $lut.
Using template $paramod$6c749b7eed6898058569095ded52f5bc84dd2a5d\$lut for cells of type $lut.
Using template $paramod$2e9b94e84d4705f403450885eb2423f2e3de0778\$lut for cells of type $lut.
Using template $paramod$04e478f616b3d11a63dbc26a73e50b790167f6cf\$lut for cells of type $lut.
Using template $paramod$6b91293bed43caa104a13f7dddcb1f798bda655d\$lut for cells of type $lut.
Using template $paramod$35fbb0d3e3d70c45ea321d84d44aec8654e84053\$lut for cells of type $lut.
Using template $paramod$b4d1a83f16052e80d396c0efceb13dc5f04a2965\$lut for cells of type $lut.
Using template $paramod$fd1a73bdcbeb223bf05e2e20cb5fad559d38c5c6\$lut for cells of type $lut.
Using template $paramod$2d051d7b7f547c1f7eb31a4b22b9e96844ffd557\$lut for cells of type $lut.
Using template $paramod$bdcdc46ef79e6adca7996392550cccbb696dda2a\$lut for cells of type $lut.
Using template $paramod$4479314a9b067e4e3ecb3a554e1df643beb8027b\$lut for cells of type $lut.
Using template $paramod$10827ae7aa3655902292c231430a1f7962f0e344\$lut for cells of type $lut.
Using template $paramod$724a1d2490959e34e237d949a69772e321e174cd\$lut for cells of type $lut.
Using template $paramod$5cb1f08c9cabc237bd5d5a6450f39a3ea940fdad\$lut for cells of type $lut.
Using template $paramod$692927e279b3d5c42ee4aacb287247c0b34943ed\$lut for cells of type $lut.
Using template $paramod$f6eb978df36039fa73086230d7e1ab76c915140c\$lut for cells of type $lut.
Using template $paramod$448315361b5e79304b5c95fc82f132535e640c1a\$lut for cells of type $lut.
Using template $paramod$ff025bbcfe3894ad3b756c14e1df67d159d8de94\$lut for cells of type $lut.
Using template $paramod$b148d83882a90a6e7d6c6cb7b933ed1d1bc9d65b\$lut for cells of type $lut.
Using template $paramod$7419d3a3d7c52c3051e700b2f1dda1dc9dd02324\$lut for cells of type $lut.
Using template $paramod$d80084e0a3fb273a6127468574d2fb4bb684f680\$lut for cells of type $lut.
Using template $paramod$ee6c03d97f1e5c351ca03498412ad827ba238505\$lut for cells of type $lut.
Using template $paramod$32c2293405b28a0f90de133627e7ab8a5dbda9e6\$lut for cells of type $lut.
Using template $paramod$39365042d045a3aa74aa1c11e7e652b4d1329291\$lut for cells of type $lut.
Using template $paramod$ec1f720f586d8b83203d6aa9306deafd5956bef4\$lut for cells of type $lut.
Using template $paramod$54c3290c2c881785caaf698e1e7e3d66dc06cfb0\$lut for cells of type $lut.
Using template $paramod$83735788088b5eb0ed065fe0090a34ad449e40f7\$lut for cells of type $lut.
Using template $paramod$78865533464190e721198c8be8a37232d9eb8173\$lut for cells of type $lut.
Using template $paramod$cff4295deec1d58b114e7faf7e8e28b363bfd380\$lut for cells of type $lut.
Using template $paramod$8f0abb0b2ed2fb8a9ead58aeaabeea6d5568a75f\$lut for cells of type $lut.
Using template $paramod$8c56ed9b97750188315a8254be3354a3aab63cad\$lut for cells of type $lut.
Using template $paramod$9728486d945212460dc34b4d76cd17f99282d7b1\$lut for cells of type $lut.
Using template $paramod$7d59c2805144eb30abd50870753775e801e0d556\$lut for cells of type $lut.
Using template $paramod$3cd87c3a8c77d8ebfc0012bbeef0656ab7d7eace\$lut for cells of type $lut.
Using template $paramod$743c45f74727ba8a78092e883ec3568dc78b890f\$lut for cells of type $lut.
Using template $paramod$0d14f2ecc6745d8542e801fad23d27915e127329\$lut for cells of type $lut.
Using template $paramod$5abfd2a0e407a0303db90ff97e984f8f85e595d4\$lut for cells of type $lut.
Using template $paramod$4f317350ef08785f05dde7632c60dd9e52bdd7f7\$lut for cells of type $lut.
Using template $paramod$3894377515d585f7c0c35202427efda9fe20654a\$lut for cells of type $lut.
Using template $paramod$0a92181147ecfb0dc30d7fcf3538077c62a10c4b\$lut for cells of type $lut.
Using template $paramod$11ae7c96ea7cd0aa4cbbe0d60602f8bf33292b15\$lut for cells of type $lut.
Using template $paramod$5feb77fe4c9fd837e697b76304ba09f790de7268\$lut for cells of type $lut.
Using template $paramod$8d1bc698c8905a964b2f4f9fae07304e310d58f5\$lut for cells of type $lut.
Using template $paramod$b346fca2cdb4ac47681f20247a9b40317334ff2e\$lut for cells of type $lut.
Using template $paramod$c3d57e0d51351a1c30d5ee1f2952c5fe9bcae380\$lut for cells of type $lut.
Using template $paramod$b51252d5dca45ecdc17aa8af07a0f147472e6770\$lut for cells of type $lut.
Using template $paramod$005a13cfab2da783b715397c189e64969d4c61e8\$lut for cells of type $lut.
Using template $paramod$4a153ce5486584cc54b4e0e2e52691077ed33b83\$lut for cells of type $lut.
Using template $paramod$9558d4a6dd4eca773f0ef43044ca056b07d1566a\$lut for cells of type $lut.
Using template $paramod$0dd1e341340bd51bfb89c060be9ffadbc0228579\$lut for cells of type $lut.
Using template $paramod$e340279ac152577fce350d9f32aae095baef5531\$lut for cells of type $lut.
Using template $paramod$0d6dfc5b6461b43f8d7addb0181962d57be927af\$lut for cells of type $lut.
Using template $paramod$bfed80fff028d6a9c1a598c204ceb33fe4527111\$lut for cells of type $lut.
Using template $paramod$3a32a7587b9f95b908af04fb9b75cd3eae00b58e\$lut for cells of type $lut.
Using template $paramod$d22146fd62e1833c1735c52886006348d12c52d5\$lut for cells of type $lut.
Using template $paramod$0b72ed9354606aa696f8aeb31940da5721b1eab7\$lut for cells of type $lut.
Using template $paramod$bc137c7c8cbcc8699d1d5226c14fcf7bb3bd55e6\$lut for cells of type $lut.
Using template $paramod$2b9d61fa47b0634595722c6ceb5b4018cb61837e\$lut for cells of type $lut.
Using template $paramod$0ad86df1847247614252ee126079ef6cf6c24793\$lut for cells of type $lut.
Using template $paramod$f58fc7eb00d6fba9fdf454df30c7f5c9db5a2236\$lut for cells of type $lut.
Using template $paramod$09a7aba071ac90fd65cd7ec44461dbfa320e363f\$lut for cells of type $lut.
Using template $paramod$bb792d4d6dc7d7f78458e0a50eb9890873680855\$lut for cells of type $lut.
Using template $paramod$3ae70c96a303dcfa2adae6cd3477fe1febd9310d\$lut for cells of type $lut.
Using template $paramod$aee3d4ca280b312c95199a57aed27e2f4f8a3c6a\$lut for cells of type $lut.
Using template $paramod$8461a38da2644081983cd5b082d7f6c55a8dc5b7\$lut for cells of type $lut.
Using template $paramod$77ad5b5a13077339c889d22d77e93cfd4da9d15f\$lut for cells of type $lut.
Using template $paramod$374ae6e6590cc48920420de1108f401a90940747\$lut for cells of type $lut.
Using template $paramod$17fe2568a517d52951056987ab0b1a7c4d3fdcbc\$lut for cells of type $lut.
Using template $paramod$288c3b1201663dd71728e59f145cc6b922908d42\$lut for cells of type $lut.
Using template $paramod$371acd6b4119871f3d1c753adaa40cdee6d78cd4\$lut for cells of type $lut.
Using template $paramod$0cc3c689928b501b07c78e9501749f359e43b76a\$lut for cells of type $lut.
Using template $paramod$4101f7a61e432882cc136acaae206f573b7cd3db\$lut for cells of type $lut.
Using template $paramod$a33127edf4b06d32fa83d75f2b5014ea8232832e\$lut for cells of type $lut.
Using template $paramod$56dc3ea468fe7f9509dd95ce9d17c68740210b4c\$lut for cells of type $lut.
Using template $paramod$3f0cf47d03c6693a89386189ae15620f64796102\$lut for cells of type $lut.
Using template $paramod$e61a47b853885d0afe132c36e00c2e15835b4bdf\$lut for cells of type $lut.
Using template $paramod$34dda1b2ad45a9db2b7a0ebd078145c3de0cdc8f\$lut for cells of type $lut.
Using template $paramod$fed9ef79e87f2620dc338017e79a1a8557c4c83a\$lut for cells of type $lut.
Using template $paramod$51a010b68ad88189eb1c87e89b0c96670dcbf4b9\$lut for cells of type $lut.
Using template $paramod$d1374dd64afd8f03c51bc71ea5f77235e72d5eab\$lut for cells of type $lut.
Using template $paramod$ddb225521eeffa2f7a1069d51eaba2a34bdf055b\$lut for cells of type $lut.
Using template $paramod$ed4cb8fa273ea25440cc3317f335a4da86e57cbc\$lut for cells of type $lut.
Using template $paramod$8a6294a563a524e17a2f04fe1c9c2612bd38b46a\$lut for cells of type $lut.
Using template $paramod$4a1a515b37c4f650314f5e9042ce15cde120f162\$lut for cells of type $lut.
Using template $paramod$b07ac85f4509e138665317a505e404ec9571b514\$lut for cells of type $lut.
Using template $paramod$369d2c18f1a1b93ff502c402105b2c8fbdb2e613\$lut for cells of type $lut.
Using template $paramod$4d135227c001b0fd4217b3033f10f5c65d228efa\$lut for cells of type $lut.
Using template $paramod$0117c7a6e583e9ec130af6ebd8fb9b5dc397820d\$lut for cells of type $lut.
Using template $paramod$fb6ef87b9825e46f7ee8cfdc0d5b28d80649e760\$lut for cells of type $lut.
Using template $paramod$3cd4c05223f09fdace84ff54a4f6f6d76aef3629\$lut for cells of type $lut.
Using template $paramod$d0d69b2e41d6c038364f03ad90947ec7be5fa350\$lut for cells of type $lut.
Using template $paramod$d900bef95402bf3cfc4d5e6c58bc6d59b92f3a26\$lut for cells of type $lut.
Using template $paramod$d52c8dc77485dc59437c6b6b31965536fdd45ac3\$lut for cells of type $lut.
Using template $paramod$709714c8efa4ed0e5e115da5484b883afdfa48dd\$lut for cells of type $lut.
Using template $paramod$3c9d02844e5dd1047f6088361ffbf1b1269303fb\$lut for cells of type $lut.
Using template $paramod$11f538b937e0af7152c4a27eb1da6787d7a2938c\$lut for cells of type $lut.
Using template $paramod$5201fe8e4c1a7686f8026992c27f894333cd327c\$lut for cells of type $lut.
Using template $paramod$1cde47874e059c7488445ab6bbb2984fc9352d80\$lut for cells of type $lut.
Using template $paramod$2f14a5a6503ba82301b30e012dd714c9255c423f\$lut for cells of type $lut.
Using template $paramod$0ef90a13988359145fbd0bce12c5db3c2e82e3df\$lut for cells of type $lut.
Using template $paramod$5adc0744972d412a87bad377fc9b6173013074e5\$lut for cells of type $lut.
Using template $paramod$579d2ab8766ae0af7ff324866cea76163f307754\$lut for cells of type $lut.
Using template $paramod$61bc98ece8c76bffd4acdf40e5f231340cba90fc\$lut for cells of type $lut.
Using template $paramod$308d34463fa28c51d3952b2fe895fd8ee34640b0\$lut for cells of type $lut.
Using template $paramod$babd5ea92821eed0bdddfc168b62cdabe74dbc80\$lut for cells of type $lut.
Using template $paramod$847e50ba7e4af06b3bfce682c09757ce4608c79c\$lut for cells of type $lut.
Using template $paramod$bd3276a3cd03e45d1ee4a15114e9e4d299b8148b\$lut for cells of type $lut.
Using template $paramod$e4e18a282b54ce442edf790f695d9cad89378eaf\$lut for cells of type $lut.
Using template $paramod$c5659ce220c21457c491948403829be9c698f783\$lut for cells of type $lut.
Using template $paramod$446e3b423ede98085d7ecc98885ffc3fa1af6c48\$lut for cells of type $lut.
Using template $paramod$33ef3bb5ae695fec43541c5bd4976771b761c7f6\$lut for cells of type $lut.
Using template $paramod$9a88e3b6603b680bb8ff32d7c68ebd940e68b4da\$lut for cells of type $lut.
Using template $paramod$40906a58caa2c31dc5d1015bf355a7bfaba24e3b\$lut for cells of type $lut.
Using template $paramod$301b6e46e0a9f2a634a005311db3a0a4f862f98b\$lut for cells of type $lut.
Using template $paramod$05fa97f1d93cd5948e0fb87a39ccd15d9c0da86a\$lut for cells of type $lut.
Using template $paramod$bf0d0292861bdee659ef5cbc5e58b330ac5871f9\$lut for cells of type $lut.
Using template $paramod$25ed258c1e95246e282714246b818e1ca468fa08\$lut for cells of type $lut.
Using template $paramod$a6e7efe50467a99e6dd1fdabe971d70b4c8a823d\$lut for cells of type $lut.
Using template $paramod$ba0c2b12a6cf58fded9c5d327a2020e22acdf566\$lut for cells of type $lut.
Using template $paramod$7d5d09de422b86b2336d00759793d43f5605b86f\$lut for cells of type $lut.
Using template $paramod$f4965ec4c1c1dc5c2774bdec40d55e20189ae43f\$lut for cells of type $lut.
Using template $paramod$fcd6b1aa7b37bf391d68ed434936bfb5c291855b\$lut for cells of type $lut.
Using template $paramod$910a015d7beb66aabf73cc4dd9036ed967a42838\$lut for cells of type $lut.
Using template $paramod$486015e89a9a10007de04478e6d6b44461db01c3\$lut for cells of type $lut.
Using template $paramod$ed6fac40935c6735c74895bc66ee912530bb97c8\$lut for cells of type $lut.
Using template $paramod$24731647f6f38204f9c68b95601725d89f02df43\$lut for cells of type $lut.
Using template $paramod$fa4530dd3bf0a2dec514b557231ba54cbc6567d4\$lut for cells of type $lut.
Using template $paramod$383a5090b32b9283f40398c1193da2bf2f838858\$lut for cells of type $lut.
Using template $paramod$b0feaa5b69024e73d614daf784f41e7445c44c3a\$lut for cells of type $lut.
Using template $paramod$b62775dd923f534f88670ee9782673e801cd45d6\$lut for cells of type $lut.
Using template $paramod$5a05e6fe41a0c7ed7140b1238d86c8a32b4c993e\$lut for cells of type $lut.
Using template $paramod$f45d229b07defec5b7438d75b12a25de7afa8b51\$lut for cells of type $lut.
Using template $paramod$f911609678db4fd2f3381cd601e9759ff82825b4\$lut for cells of type $lut.
Using template $paramod$deb4ce53091c09a0cf331a53edaf09d61055b430\$lut for cells of type $lut.
Using template $paramod$2164d0c4214b254c60336734a31e288a94a088c8\$lut for cells of type $lut.
Using template $paramod$81647525416ffe6dbb8ef422e63402eac5740bc5\$lut for cells of type $lut.
Using template $paramod$d850293a5930b8c71fae1a21af3d35b54bd9aad1\$lut for cells of type $lut.
Using template $paramod$06528718d29635c4f6f669b24719b5e1db4a5722\$lut for cells of type $lut.
Using template $paramod$685065e9cb7231a79d901010ea4aeb7cbcca6ad7\$lut for cells of type $lut.
Using template $paramod$6fec938825cc518e21ee61a593a597c370e50a3b\$lut for cells of type $lut.
Using template $paramod$9eb15d82bd304521ae37e2c3d9722e46f18c56fd\$lut for cells of type $lut.
Using template $paramod$8686d5af2b8dff8c82804408b495610165e30b44\$lut for cells of type $lut.
Using template $paramod$79bae32c6a5c6107165d93460a06695d05b0c6c1\$lut for cells of type $lut.
Using template $paramod$e74ec300fd68273e638ea886e95779482ac1e6b2\$lut for cells of type $lut.
Using template $paramod$bf592e43bb97bb0edd0b179829482161f23fe461\$lut for cells of type $lut.
Using template $paramod$80691a2165c98171bd8bf9918631acbcbc9bd248\$lut for cells of type $lut.
Using template $paramod$2cd06b15825361b90ad60657f1ef6b8e3bf93d4f\$lut for cells of type $lut.
Using template $paramod$9ac157077f398b06aac96d1b9911b1e08fd61968\$lut for cells of type $lut.
Using template $paramod$6af023d04780a6b54e8dd53dc6126bcf1a45e79b\$lut for cells of type $lut.
Using template $paramod$71416b08397a6f74d5e5778522ab0f02321559ac\$lut for cells of type $lut.
Using template $paramod$3fa9b3dd962f1b8cb090efa3e9b46daefdaa6939\$lut for cells of type $lut.
Using template $paramod$199e2b557cc1d0db6f8e96f81f84a3214451f078\$lut for cells of type $lut.
Using template $paramod$f90a7eff450da2b7897de67ca18adeb4b856769d\$lut for cells of type $lut.
Using template $paramod$dbd53d7374e13874d7c758f3a1f82f3892bb0799\$lut for cells of type $lut.
Using template $paramod$c582df140db4620e8560c0d821235e581cf97d53\$lut for cells of type $lut.
Using template $paramod$f408f059ec49bcedd83a59eb714510fd540162db\$lut for cells of type $lut.
Using template $paramod$ced44bca7cddc5c520df0a5a763f3c58ec1b37bc\$lut for cells of type $lut.
Using template $paramod$1f96535adfea443d55808c948119ed2761be9a79\$lut for cells of type $lut.
Using template $paramod$7bb378abc9dbc0d70ad5b4d73b4cb3948386b18c\$lut for cells of type $lut.
Using template $paramod$c84e0cb82bf26a2ce7d4b4cca615bbb9954e65a6\$lut for cells of type $lut.
Using template $paramod$d7094a73a2d4be660ae853336c94186e54f3561e\$lut for cells of type $lut.
Using template $paramod$326d8d9f22044be3a2df0b3a50c349c3e173a1c8\$lut for cells of type $lut.
Using template $paramod$e6197a5e543ebf944598378b59598d3f9f1b57f8\$lut for cells of type $lut.
Using template $paramod$be54f2ca98e1286a3eb6b0f6ccd4e2fba8595d82\$lut for cells of type $lut.
Using template $paramod$aea4bd94dc4e747dc69190d084d76665f92ca0c5\$lut for cells of type $lut.
Using template $paramod$cd6ff85a0d0646d7f5d72323a967155267df6eec\$lut for cells of type $lut.
Using template $paramod$6716674ba5be1970d9340858496523303846e269\$lut for cells of type $lut.
Using template $paramod$a8db40e32eb84706f3b3fe2a79d897d5286ea9ec\$lut for cells of type $lut.
Using template $paramod$4335187705f205db7128751a0c8f766fff5ea92a\$lut for cells of type $lut.
Using template $paramod$3068fc9d9825fd6ed7a0da71e30dad90b081caaf\$lut for cells of type $lut.
Using template $paramod$35c57873920eba13532dc5e01a428ff1c2ae8a65\$lut for cells of type $lut.
Using template $paramod$4503307402402f0834059e82aa7109367927dd83\$lut for cells of type $lut.
Using template $paramod$1aa155f586395fd83c3fd3156d0daa1fa9503242\$lut for cells of type $lut.
Using template $paramod$01614b86bace08104584cd80c3678b4fbc7211ba\$lut for cells of type $lut.
Using template $paramod$3882092d26d797a7619fe18f82c5f910036d8651\$lut for cells of type $lut.
Using template $paramod$baf24f3d3718b938da73becb171b8805ed28886a\$lut for cells of type $lut.
Using template $paramod$ffbfc29beb516e21a7fb79be098d1acf478ba15e\$lut for cells of type $lut.
Using template $paramod$c5c714d9a73d0cbf9fad202d74be76079a4b9eb6\$lut for cells of type $lut.
Using template $paramod$345627c1d1b46ccc987c5958011fb72828a7826e\$lut for cells of type $lut.
Using template $paramod$a41a90b59aa56a8df4650ad8108ba983bc4df34c\$lut for cells of type $lut.
Using template $paramod$3fd7cf025be2bcfb318afa1984775c1139471054\$lut for cells of type $lut.
Using template $paramod$0dda49cbf053624200cd63115ea8a4afffa9982b\$lut for cells of type $lut.
Using template $paramod$a8d4bc8801a34cfd6b91cc576b7af62885e06f08\$lut for cells of type $lut.
Using template $paramod$2eb648af61021b54edff38df715556fd06de2a46\$lut for cells of type $lut.
Using template $paramod$81e6d63550f6c82050b454d39cb4e4ca693c70ff\$lut for cells of type $lut.
Using template $paramod$747b1a9c4322c90bdb3828b44b0b2f0a3949d84e\$lut for cells of type $lut.
Using template $paramod$f84b48dbb5fc791af5d94dbd2e8c76e83ac3d800\$lut for cells of type $lut.
Using template $paramod$0451d97d11229649c286563f593cff3243f0e1ba\$lut for cells of type $lut.
Using template $paramod$e7185903ec85e73aa95d5818d08e431f25670d05\$lut for cells of type $lut.
Using template $paramod$6c31ae7c3d9c6d5060d238f20eb047290f636968\$lut for cells of type $lut.
Using template $paramod$cf522d23f5a0e5714eaa2487efed90f6cdf708bb\$lut for cells of type $lut.
Using template $paramod$f11a052f4089561afd17c187373a2e34bf68710f\$lut for cells of type $lut.
Using template $paramod$fa969f4ca3b82113a4cd0194ca63641398244d39\$lut for cells of type $lut.
Using template $paramod$a532ccffcb80026edd8789bbab21dbbe9c13c5d5\$lut for cells of type $lut.
Using template $paramod$fed927ab7fbb0eb2f09eba232075c9cca593a9ef\$lut for cells of type $lut.
Using template $paramod$dd9949583a2b42ec66655b713977bab22759bc38\$lut for cells of type $lut.
Using template $paramod$3f3a2729736b34b538c7fd5e0855a2a8b6fb13e0\$lut for cells of type $lut.
Using template $paramod$07156cd22eb4f2c79d85bb1f966ca7b6a2ee8cbb\$lut for cells of type $lut.
Using template $paramod$0cbd876260710f2aeb12268389d5a53c22553523\$lut for cells of type $lut.
Using template $paramod$f3c2e641827713de2a703f057f144f493b3b9fb6\$lut for cells of type $lut.
Using template $paramod$5edb713de487331da5c319f56cbea72bfce5e322\$lut for cells of type $lut.
Using template $paramod$ecf87a3450d4ed0388d0676bc4e79f5e38c0ce5b\$lut for cells of type $lut.
Using template $paramod$1d1bb38876bf02fc17d541afff1949c17c86b312\$lut for cells of type $lut.
Using template $paramod$c5e14273a0ad5de4c7e7a9398e1bc8d87a6b84c1\$lut for cells of type $lut.
Using template $paramod$3aac200b1ee408e2209f36da43590d012f3b4c43\$lut for cells of type $lut.
Using template $paramod$f2245863cb8d1a3b38c69d94880985b3bad7f9f9\$lut for cells of type $lut.
Using template $paramod$56e8c00c978d3f81da08893f44a56db24073f5ab\$lut for cells of type $lut.
Using template $paramod$b59ccf87629514ca8c3232e925a0687e4cd3377c\$lut for cells of type $lut.
Using template $paramod$a6420a0ae3bf10f1d9ecf0a0d89cde190ad3ce93\$lut for cells of type $lut.
Using template $paramod$62fddb44ef47d72ba48d98bf15bafa151cc9f84d\$lut for cells of type $lut.
Using template $paramod$4589f61af0726a5e474897a1acec21c2ead30f9d\$lut for cells of type $lut.
Using template $paramod$0584396c40b3bee2fa9b9bc413900e05ab679cea\$lut for cells of type $lut.
Using template $paramod$d3c70bf0a7bb32c3fa34f339a00467a18bf09d1e\$lut for cells of type $lut.
Using template $paramod$9ddd7a7b0519983619f157c4de87ec6c6b6fa550\$lut for cells of type $lut.
Using template $paramod$239fb52bfdf2aef0fc5606db56abb0511113b3e1\$lut for cells of type $lut.
Using template $paramod$243285e89247fa7bb50502fd1bdf92e5f1a27f62\$lut for cells of type $lut.
Using template $paramod$b2586b6daa42bade775952f43ac53405729a04a1\$lut for cells of type $lut.
Using template $paramod$f0a5f84e99de44318dc82d5eeeae7eef713ca8d2\$lut for cells of type $lut.
Using template $paramod$68065146e6451fc03e999d77a6f7ef1297d45d0f\$lut for cells of type $lut.
Using template $paramod$9ed0aed79ad8709827ecfe1e25f956a9545a0eec\$lut for cells of type $lut.
Using template $paramod$e3c854aab72d2a9d200100870ddee805517b5772\$lut for cells of type $lut.
Using template $paramod$cf0de08a5e9ae53316445458ecc57d4992d63206\$lut for cells of type $lut.
Using template $paramod$3b9c077eb1728999e5d1e2db5904223ed6df91a6\$lut for cells of type $lut.
Using template $paramod$c109f459ee121992b09532d0bad785915ede186c\$lut for cells of type $lut.
Using template $paramod$11aef6786510a91ba670680740f9439629d0b6bf\$lut for cells of type $lut.
Using template $paramod$2473d2bd31c58bbc3386c2a957d3e264f238fc7e\$lut for cells of type $lut.
Using template $paramod$77c01e7901cccbf3b0ba1722cab706a67e23b484\$lut for cells of type $lut.
Using template $paramod$14b14bd53e4edc4cc513c7bb784b85a2b77a1015\$lut for cells of type $lut.
Using template $paramod$30761f77ccc6e524c5c1271f5d5bebd212fe0dd6\$lut for cells of type $lut.
Using template $paramod$6c80418a396b6ddfb592838a9d0a313f4919ff41\$lut for cells of type $lut.
Using template $paramod$197db787823df94f25ead4e3f11a8fd55e6b1d48\$lut for cells of type $lut.
Using template $paramod$d50f5722edd5c663f099e6f2727df18ab91f5aac\$lut for cells of type $lut.
Using template $paramod$aafedb7b0dfcc262a054536ab2caf14aa3e28545\$lut for cells of type $lut.
Using template $paramod$ce537e7f16e8a7d7293d1e4164713782c6bef580\$lut for cells of type $lut.
Using template $paramod$415dfada150aa23b18e7f7e034981bcd0e323cb6\$lut for cells of type $lut.
Using template $paramod$0a53dc86fa96f4465b3c1fc6f793765ecfe38e84\$lut for cells of type $lut.
Using template $paramod$8df8eeb679069ee31f40e7297384de15cb2a6e7d\$lut for cells of type $lut.
Using template $paramod$c5adb532e669311c61da978d6863eee6116bd113\$lut for cells of type $lut.
Using template $paramod$5af70d1a1590261e072d968530417140216767e5\$lut for cells of type $lut.
Using template $paramod$364e437cd6efa931b108e0e935c9bc6c719a4f0a\$lut for cells of type $lut.
Using template $paramod$70b6d2d959a43a1d4a83276e2470cf916ed6bf17\$lut for cells of type $lut.
Using template $paramod$2d72a6e6f516af4f6a634e3345f3a8a6347ddce3\$lut for cells of type $lut.
Using template $paramod$ce5eb062f2a082f8c13bc5f899f05159a77da514\$lut for cells of type $lut.
Using template $paramod$4a0f85bc11ed11d7194a6f6c1adcd126a876ede0\$lut for cells of type $lut.
Using template $paramod$e732fd3340293d9d65652ed5ec807bbbcaafe5b8\$lut for cells of type $lut.
Using template $paramod$a9f195f4b4c818cce3b6a61ffd599752f5a3d7d0\$lut for cells of type $lut.
Using template $paramod$48410f69a4b76fc66faad04fb712cf20b47a4473\$lut for cells of type $lut.
Using template $paramod$d49cdb489fa1cb9fff9a21478d1c7eb0e4443386\$lut for cells of type $lut.
Using template $paramod$bdca1cfeda4a724161e16f242ad6008b8cc058c4\$lut for cells of type $lut.
Using template $paramod$74e82a64152a6cec28c06cd18bdc15554e0b6efb\$lut for cells of type $lut.
Using template $paramod$18e8390b845c071edf80f55a1080df1c22f8ce51\$lut for cells of type $lut.
Using template $paramod$4ed8a92f3f6910f47869c14d4a2682e91e5b4fc6\$lut for cells of type $lut.
Using template $paramod$53866b0d1ddae10c03f791ef3dcdc6383c3e988b\$lut for cells of type $lut.
Using template $paramod$b22379aba87ff658f3203c1b4e7dae093ee89ad3\$lut for cells of type $lut.
Using template $paramod$cd3006f5a937d25d03a7ecd62f186bc876edcab5\$lut for cells of type $lut.
Using template $paramod$4e0d35d1df1445cfca07e1ee1079721bcddc8871\$lut for cells of type $lut.
Using template $paramod$9a147f4902d494779aa87cb0dc98ced8f5da77ff\$lut for cells of type $lut.
Using template $paramod$d7bd431278d5c1801126e5963ea3470c7bec3899\$lut for cells of type $lut.
Using template $paramod$354f2117714d3d8f0b5fb5947b8e239e42e8b554\$lut for cells of type $lut.
Using template $paramod$aa1fcc1f3dd217b433f5c8040c816f20ad2dcea7\$lut for cells of type $lut.
Using template $paramod$9d63ef9f6b1c7752add45fdf26a22003d394c2b3\$lut for cells of type $lut.
Using template $paramod$33eb463877620cc6d9d095612f48fb1d5cfa7f6b\$lut for cells of type $lut.
Using template $paramod$52b3a698831fbcff4328015eca224eec8c520537\$lut for cells of type $lut.
Using template $paramod$cb9389d3bcc7824cbc8eb11c8ac4986b2acbae18\$lut for cells of type $lut.
Using template $paramod$8c4c19c25050dbe2bb3db865e34fc06ea7f64b80\$lut for cells of type $lut.
Using template $paramod$2e21cf3d744bdefd6c911b16f916d85eddda7213\$lut for cells of type $lut.
Using template $paramod$777fd85da8d6dc322e329898cefa9a56b3c07f36\$lut for cells of type $lut.
Using template $paramod$1289e77bf0fe09a85892cd7d93273a959bfd2e6d\$lut for cells of type $lut.
Using template $paramod$bbf55a640b8aa2b141772a5ed19d430cbb75fcee\$lut for cells of type $lut.
Using template $paramod$d882975c9383f338b70fc9ac6b4bb6068d39b94c\$lut for cells of type $lut.
Using template $paramod$db0d6afd5507e8955a5347c8efb02feede19f2b4\$lut for cells of type $lut.
Using template $paramod$3930f402cd7cab2c13985a0b00d4e247db9f42a0\$lut for cells of type $lut.
Using template $paramod$99c3e80d8a8d7ebd590c35ba825fcb718b2b2c41\$lut for cells of type $lut.
Using template $paramod$6081e7ba60978556e0e5e5c0690e0d7e2bd536a9\$lut for cells of type $lut.
Using template $paramod$0c632085501be44f91d3ff78c4ca9ec7ed46bc62\$lut for cells of type $lut.
Using template $paramod$89ea8d07f8a5cff97350d8a3f6d81bc868d3717b\$lut for cells of type $lut.
Using template $paramod$bc683f61881ec733c5616653766582c67d64330a\$lut for cells of type $lut.
Using template $paramod$f8543e384ffb45801251d8d52cd773bf143c0fba\$lut for cells of type $lut.
Using template $paramod$0c836ca433d74eb32457f1bdeea63146edb9b766\$lut for cells of type $lut.
Using template $paramod$b016a629002dc27e70a9f791acd7919841413df1\$lut for cells of type $lut.
Using template $paramod$f23dcfa56e2ebcf9ea75aa1bf09fc718f94e223a\$lut for cells of type $lut.
Using template $paramod$62f3f801ece4a49c394e6ff4f300e5b2fac36572\$lut for cells of type $lut.
Using template $paramod$26f17f876bd71bc5e011925d1467f91fb7fe6f9c\$lut for cells of type $lut.
Using template $paramod$882c715547a181e77bb74bb0052d6b005b29665d\$lut for cells of type $lut.
Using template $paramod$3a75984be502a90278fbcdfabefaa1fa73f98b63\$lut for cells of type $lut.
Using template $paramod$7e7f187a39db0633215a403e4c5abab12d9e62a3\$lut for cells of type $lut.
Using template $paramod$6ffd02f318599fa541b924b18978750d8db50f95\$lut for cells of type $lut.
Using template $paramod$c213b1b6101e3076e289eabc777936276adf827d\$lut for cells of type $lut.
Using template $paramod$aab826c1b200a4694e305c1e636a1f931a6a5855\$lut for cells of type $lut.
Using template $paramod$49938d4f35076dec7c268f105a71382d12420e6f\$lut for cells of type $lut.
Using template $paramod$66cf86304564e27149e7c41284366094f9ba0dbf\$lut for cells of type $lut.
Using template $paramod$66077290331b1481a15cedc2985916856edc2102\$lut for cells of type $lut.
Using template $paramod$2f6b99352c83ae93378f9259c2dbc9ea94c115d6\$lut for cells of type $lut.
Using template $paramod$169ae19df0c42d622625cb9ca9c6b3a6c17ba231\$lut for cells of type $lut.
Using template $paramod$cb203a0b26dd626aec4585567b90174c23d70e77\$lut for cells of type $lut.
Using template $paramod$5359a91fc51e91734f324d69b53cc2923edf18d7\$lut for cells of type $lut.
Using template $paramod$bb3d9572fd19906740503d492608a61bd96a82cf\$lut for cells of type $lut.
Using template $paramod$655e4916ed05f5e7bc42f11d4a0ad3ecb4ce13e6\$lut for cells of type $lut.
Using template $paramod$b2f4fe1ab80cae1e7b291dff38400c2858e94896\$lut for cells of type $lut.
Using template $paramod$4a62761c25261882a273e57008bcf2a1199ebfd0\$lut for cells of type $lut.
Using template $paramod$8c9c0b0c2d8732d3528da9ba01244540ddd7a567\$lut for cells of type $lut.
Using template $paramod$36ea565321dad01a190d170ab535b8f79ea56d9e\$lut for cells of type $lut.
Using template $paramod$748adcdb63af6fe1581ae3ee17a340918dba298b\$lut for cells of type $lut.
Using template $paramod$9a5247bb81be22a1a3201d2eb35e7cad43fb6fc8\$lut for cells of type $lut.
Using template $paramod$c9e8a332c1ff9ce88dbda76cf883145b4affc406\$lut for cells of type $lut.
Using template $paramod$d2ba2f6c962d5f3f8735c8c5e700ad34e1606ced\$lut for cells of type $lut.
Using template $paramod$01f6e836b70c0df99a24bbb2f2fd201f96dac8e1\$lut for cells of type $lut.
Using template $paramod$97cabfa6bbb163e41174bfc751838037b2c5640a\$lut for cells of type $lut.
Using template $paramod$df8a9aca0b074018cbca4cb086e3600d2ffa78eb\$lut for cells of type $lut.
Using template $paramod$5c2082c21f2290b7571b059849929e742eb44456\$lut for cells of type $lut.
Using template $paramod$804716dedc9d132302a0141b7f02ffa1d91b2913\$lut for cells of type $lut.
Using template $paramod$f335d7390118242bf6b1e69615a327e327b090ba\$lut for cells of type $lut.
Using template $paramod$470a578b9f6cad61ebbc9f2aaeb6e2fbc372c8fb\$lut for cells of type $lut.
Using template $paramod$713ad89a80595655fc5262c294b0b987b92ab23d\$lut for cells of type $lut.
Using template $paramod$9950a9f3e4c57e8f6e57bd65632211967340be72\$lut for cells of type $lut.
Using template $paramod$5c74421e7db0eb26dccb01ce2a568b29c02ebb2a\$lut for cells of type $lut.
Using template $paramod$b8d7a70606bf4c25aab327d8c2b54a7b2c4b77a1\$lut for cells of type $lut.
Using template $paramod$cd782f4fde54f3239401d1143166a49e027c22b4\$lut for cells of type $lut.
Using template $paramod$b96e18b641725dba73364fd4b5890ff8e1e2c008\$lut for cells of type $lut.
Using template $paramod$6c3579bfd589fff2f214256d273d5acec62b31a9\$lut for cells of type $lut.
Using template $paramod$5047b8d89dee30efa2ad3759fe423215d3f9af30\$lut for cells of type $lut.
Using template $paramod$86ec52ef0476d505c4c2114e94943867d3ec33b9\$lut for cells of type $lut.
Using template $paramod$0e4da12091a44ded3f014ff8823bac3f460181f5\$lut for cells of type $lut.
Using template $paramod$865f58c30c9cd77dfd88db6c8df77506343c17ce\$lut for cells of type $lut.
Using template $paramod$0370933cb498c689040b3aa0bfb4ab66aa41e69e\$lut for cells of type $lut.
Using template $paramod$7d2e2b930feac1a4813a43ff14026b8f552ad2c1\$lut for cells of type $lut.
Using template $paramod$1e158bdc7c7da564e929a5d062d63fe65175ca46\$lut for cells of type $lut.
Using template $paramod$1353b7be0f908a457aa9c45a591db5fed4b17a11\$lut for cells of type $lut.
Using template $paramod$6770402237cb1a53de8307344270416d535ec5f0\$lut for cells of type $lut.
Using template $paramod$5bf9d135c3d25d108abfd89a0aba8af42c8737b7\$lut for cells of type $lut.
Using template $paramod$562c0e7783faa908f741d49d1452bd9ca157727d\$lut for cells of type $lut.
Using template $paramod$27630e84915fe3cfafb4e82814526b80cdcd3b49\$lut for cells of type $lut.
Using template $paramod$3b3d7f40a0a7dbb23f5ec7b3bef9ed0681733f03\$lut for cells of type $lut.
Using template $paramod$4674d479141ba11acbd4764855079464c7b2c616\$lut for cells of type $lut.
Using template $paramod$b5858f90e1b4722696fec22c41f45347fd534ebc\$lut for cells of type $lut.
Using template $paramod$6ac3487a8e0195e281cf3533b613187c2da6cd6a\$lut for cells of type $lut.
Using template $paramod$18db7dc367b06b872a5690a7d5bf21b05be86fc9\$lut for cells of type $lut.
Using template $paramod$5f204702dc7de3866692c5965038abb5d4dfc3d2\$lut for cells of type $lut.
Using template $paramod$bc58a23cedfc366c746bdc28cc57e6dff16864d0\$lut for cells of type $lut.
Using template $paramod$889035ca143e5d2f1915089f629b59bf9390bed8\$lut for cells of type $lut.
Using template $paramod$2161d456ba9e79e15fc162ee6a6f279543b27d9d\$lut for cells of type $lut.
Using template $paramod$db9f5d954a2ce752681ed35164ad2fb539e1c77f\$lut for cells of type $lut.
Using template $paramod$07c3b0842731b4306af4df7c27e16d01e1bc3512\$lut for cells of type $lut.
Using template $paramod$fe837ea97078e22067b9788841ffbd7e90c65bd5\$lut for cells of type $lut.
Using template $paramod$8bd7995d67c09322929eb14db302d53fb108f84a\$lut for cells of type $lut.
Using template $paramod$9f18f1fe9efe630955a9cd3a986ff680b7e411fe\$lut for cells of type $lut.
Using template $paramod$64c7885e4c5f0feffd2447bcbd830563256d9e9e\$lut for cells of type $lut.
Using template $paramod$3ef97cd3fa15bf7c53cff8d6dcbd628388fd28c7\$lut for cells of type $lut.
Using template $paramod$073dacefcde9219ea14cbc5fef9899c5494ff394\$lut for cells of type $lut.
Using template $paramod$6a4731a04e9cf702977dcd3b44d80a41bb4d571a\$lut for cells of type $lut.
Using template $paramod$65768aedacb7fcae27ce893cd701b6df414c42b7\$lut for cells of type $lut.
Using template $paramod$218ee15effcb03c209ed94d39f3c423dcb01b74e\$lut for cells of type $lut.
Using template $paramod$eb7f9ab0f1da8b234147bb6289865120d74e3c47\$lut for cells of type $lut.
Using template $paramod$2950288c8408706d55cb0926c3c6bda077975e4e\$lut for cells of type $lut.
Using template $paramod$5e7ac3088af8e4e0a20847d43d704b1a330c5332\$lut for cells of type $lut.
Using template $paramod$266a11917c62dd2e0bde122b6d0f54e76076a64b\$lut for cells of type $lut.
Using template $paramod$ef7f1e65df746b0baa248bc34b422614333608b7\$lut for cells of type $lut.
Using template $paramod$42a4b03c8ac5ed0f1206412b3ef9f1ed645dbe8e\$lut for cells of type $lut.
Using template $paramod$c68e1b7b753b696081a88fa46d264e5644343f28\$lut for cells of type $lut.
Using template $paramod$8136b7dcee3605829e333553ecea8a2794089218\$lut for cells of type $lut.
Using template $paramod$a230d7377d952efff663a4bd1e7182c5a8223d2c\$lut for cells of type $lut.
Using template $paramod$641765d19b07224ee3905d13b3845bf933f6c51d\$lut for cells of type $lut.
Using template $paramod$7a36951baf95cd2183bd59cb8867efd49cdcf08c\$lut for cells of type $lut.
Using template $paramod$f243a36bb4296dae32e6c0a53177bfd51373e5f7\$lut for cells of type $lut.
Using template $paramod$6d3c2515d53a7df8edaabc7c845bc0c97fe2bd9e\$lut for cells of type $lut.
Using template $paramod$8d09fd1f8d8241a897c7db10cd01e03147d90a24\$lut for cells of type $lut.
Using template $paramod$212476c8f6c292d0d39612caef9873f0eac5549b\$lut for cells of type $lut.
Using template $paramod$2d6ba752084ecb1c9d2b201c8dca948fd708c507\$lut for cells of type $lut.
Using template $paramod$264ae066d9e1635e274bee52a30e1e42b35cb482\$lut for cells of type $lut.
Using template $paramod$7125b224d5920c893c2dd3de98a266451c2ebe7d\$lut for cells of type $lut.
Using template $paramod$5aa73e22a3b9a0f7d9f8ffba63c795353a8ca068\$lut for cells of type $lut.
Using template $paramod$806ca93a2445e90c8180031ddf8d95ac91db4a02\$lut for cells of type $lut.
Using template $paramod$5724b18772f583ee375370369b868afc74606d0f\$lut for cells of type $lut.
Using template $paramod$a5b95129f388b06a310a925ebde1f99d4bf8ee9c\$lut for cells of type $lut.
Using template $paramod$37185702155c170baacab556117a040c841521a8\$lut for cells of type $lut.
Using template $paramod$4fd13a85421aaadcbd1c88a26ae1804dffcfd323\$lut for cells of type $lut.
Using template $paramod$552e3322e4b067f4d534291d7d7f0fa4db22b890\$lut for cells of type $lut.
Using template $paramod$ad4713b363bceddf24d3cbfecb8eff691677860d\$lut for cells of type $lut.
Using template $paramod$69cbd69f4099cb4b87c959299c7157363c4946cf\$lut for cells of type $lut.
Using template $paramod$f2c0b7226b1a079e10fd4953f6092804a28953ab\$lut for cells of type $lut.
Using template $paramod$a291131df0dca1c36fda6b3db438dc2c0822f3af\$lut for cells of type $lut.
Using template $paramod$ad01792a43bbd4bd663e42ed5055303ebfcd5244\$lut for cells of type $lut.
Using template $paramod$8711c37d5d0cc0d3233a810b761cb81e1a327efd\$lut for cells of type $lut.
Using template $paramod$722bb293117fe071365adb7787add5216dd0cf36\$lut for cells of type $lut.
Using template $paramod$f66cab10fa236392c8c9bd44a53823687278c6cb\$lut for cells of type $lut.
Using template $paramod$556c69dc46ef4798e751bb353ac057129ae20bb0\$lut for cells of type $lut.
Using template $paramod$c9447db0c377e9dbc772148767caf7e176756f04\$lut for cells of type $lut.
Using template $paramod$6fff089ebc50f1eb9474d474a169620d56926266\$lut for cells of type $lut.
Using template $paramod$77814e20215147d412dde4b9ffe9377f730ab38d\$lut for cells of type $lut.
Using template $paramod$a839fec80f86f4dce9f17ac6f4d0068a7efff3db\$lut for cells of type $lut.
Using template $paramod$e7d654eb7541b7fb166406d01c4364ae23fed5bd\$lut for cells of type $lut.
Using template $paramod$ca32a9fa6561a7b74c6371b824983f154beba90c\$lut for cells of type $lut.
Using template $paramod$73bf0e15dc18f09ffd37bb1ff58f6eb73417bec9\$lut for cells of type $lut.
Using template $paramod$b20933a7b7cc6946cb609b0bbd4fa22ca8c8719b\$lut for cells of type $lut.
Using template $paramod$1fef57285de90429c93f74c872d006e1c2132435\$lut for cells of type $lut.
Using template $paramod$5dd7bbe0bd3f3a1ad1e7af2fcab6eb632926860d\$lut for cells of type $lut.
Using template $paramod$6a0009eeac2e17449b216b778e8b0490a5aee8f1\$lut for cells of type $lut.
Using template $paramod$815198b18cc17637472ce11dd4609344e0da21e7\$lut for cells of type $lut.
Using template $paramod$90e11fcdd6b40e497eddf2f4b6f0f5e40fe261df\$lut for cells of type $lut.
Using template $paramod$82ff6a29af9c62178ae37f321e6f59ae905f1f2c\$lut for cells of type $lut.
Using template $paramod$42253ec393aa297b297af920a318aa999ce61565\$lut for cells of type $lut.
Using template $paramod$567719f2f2f6daf61c71f8d972af507e64815a64\$lut for cells of type $lut.
Using template $paramod$cc7dce79a6c034945d914e06bca08a33e61e3cfc\$lut for cells of type $lut.
No more expansions possible.
<suppressed ~11363 debug messages>

6.25. Executing OPT_LUT_INS pass (discard unused LUT inputs).
Optimizing LUTs in visionaid_top.
  Optimizing lut $auto$abc9_ops.cc:1549:reintegrate$41987.genblk1.genblk1.genblk1.genblk1.genblk1.genblk1.genblk1.genblk1.lut0.genblk1.genblk1.genblk1.genblk1.genblk1.genblk1.genblk1.lut0.genblk1.genblk1.genblk1.genblk1.genblk1.genblk1.lut0.genblk1.genblk1.genblk1.genblk1.genblk1.lut0 (4 -> 3)
  Optimizing lut $auto$abc9_ops.cc:1549:reintegrate$41987.genblk1.genblk1.genblk1.genblk1.genblk1.genblk1.genblk1.genblk1.lut0.genblk1.genblk1.genblk1.genblk1.genblk1.genblk1.genblk1.lut1.genblk1.genblk1.genblk1.genblk1.genblk1.genblk1.lut0.genblk1.genblk1.genblk1.genblk1.genblk1.lut0 (4 -> 3)
  Optimizing lut $auto$abc9_ops.cc:1549:reintegrate$41987.genblk1.genblk1.genblk1.genblk1.genblk1.genblk1.genblk1.genblk1.lut0.genblk1.genblk1.genblk1.genblk1.genblk1.genblk1.genblk1.lut1.genblk1.genblk1.genblk1.genblk1.genblk1.genblk1.lut1.genblk1.genblk1.genblk1.genblk1.genblk1.lut0 (4 -> 3)
  Optimizing lut $auto$abc9_ops.cc:1549:reintegrate$41987.genblk1.genblk1.genblk1.genblk1.genblk1.genblk1.genblk1.genblk1.lut1.genblk1.genblk1.genblk1.genblk1.genblk1.genblk1.genblk1.lut1.genblk1.genblk1.genblk1.genblk1.genblk1.genblk1.lut0.genblk1.genblk1.genblk1.genblk1.genblk1.lut0 (4 -> 3)
  Optimizing lut $auto$abc9_ops.cc:1549:reintegrate$41987.genblk1.genblk1.genblk1.genblk1.genblk1.genblk1.genblk1.genblk1.lut1.genblk1.genblk1.genblk1.genblk1.genblk1.genblk1.genblk1.lut1.genblk1.genblk1.genblk1.genblk1.genblk1.genblk1.lut1.genblk1.genblk1.genblk1.genblk1.genblk1.lut0 (4 -> 3)
  Optimizing lut $abc$41861$lut$aiger41860$5589.genblk1.genblk1.genblk1.genblk1.genblk1.genblk1.genblk1.lut1.genblk1.genblk1.genblk1.genblk1.genblk1.genblk1.lut0.genblk1.genblk1.genblk1.genblk1.genblk1.lut0 (4 -> 3)
  Optimizing lut $auto$abc9_ops.cc:1549:reintegrate$41974.genblk1.genblk1.genblk1.genblk1.genblk1.genblk1.genblk1.genblk1.lut1.genblk1.genblk1.genblk1.genblk1.genblk1.genblk1.genblk1.lut1.genblk1.genblk1.genblk1.genblk1.genblk1.genblk1.lut1.genblk1.genblk1.genblk1.genblk1.genblk1.lut0 (4 -> 2)
  Optimizing lut $auto$abc9_ops.cc:1549:reintegrate$41977.genblk1.genblk1.genblk1.genblk1.genblk1.genblk1.genblk1.genblk1.lut1.genblk1.genblk1.genblk1.genblk1.genblk1.genblk1.genblk1.lut0.genblk1.genblk1.genblk1.genblk1.genblk1.genblk1.lut0.genblk1.genblk1.genblk1.genblk1.genblk1.lut0 (4 -> 3)
  Optimizing lut $auto$abc9_ops.cc:1549:reintegrate$41976.genblk1.genblk1.genblk1.genblk1.genblk1.genblk1.genblk1.lut0.genblk1.genblk1.genblk1.genblk1.genblk1.genblk1.lut1.genblk1.genblk1.genblk1.genblk1.genblk1.lut0 (4 -> 3)
  Optimizing lut $auto$abc9_ops.cc:1549:reintegrate$41977.genblk1.genblk1.genblk1.genblk1.genblk1.genblk1.genblk1.genblk1.lut1.genblk1.genblk1.genblk1.genblk1.genblk1.genblk1.genblk1.lut1.genblk1.genblk1.genblk1.genblk1.genblk1.genblk1.lut0.genblk1.genblk1.genblk1.genblk1.genblk1.lut0 (4 -> 2)
  Optimizing lut $auto$abc9_ops.cc:1549:reintegrate$41977.genblk1.genblk1.genblk1.genblk1.genblk1.genblk1.genblk1.genblk1.lut1.genblk1.genblk1.genblk1.genblk1.genblk1.genblk1.genblk1.lut1.genblk1.genblk1.genblk1.genblk1.genblk1.genblk1.lut1.genblk1.genblk1.genblk1.genblk1.genblk1.lut0 (4 -> 3)
  Optimizing lut $auto$abc9_ops.cc:1549:reintegrate$41977.genblk1.genblk1.genblk1.genblk1.genblk1.genblk1.genblk1.genblk1.lut0.genblk1.genblk1.genblk1.genblk1.genblk1.genblk1.genblk1.lut0.genblk1.genblk1.genblk1.genblk1.genblk1.genblk1.lut1.genblk1.genblk1.genblk1.genblk1.genblk1.lut0 (4 -> 3)
  Optimizing lut $abc$41861$lut$aiger41860$6327.genblk1.genblk1.genblk1.genblk1.genblk1.genblk1.genblk1.genblk1.lut1.genblk1.genblk1.genblk1.genblk1.genblk1.genblk1.genblk1.lut1.genblk1.genblk1.genblk1.genblk1.genblk1.genblk1.lut0.genblk1.genblk1.genblk1.genblk1.genblk1.lut0 (4 -> 2)
  Optimizing lut $auto$abc9_ops.cc:1549:reintegrate$41978.genblk1.genblk1.genblk1.genblk1.genblk1.genblk1.genblk1.lut1.genblk1.genblk1.genblk1.genblk1.genblk1.genblk1.lut0.genblk1.genblk1.genblk1.genblk1.genblk1.lut0 (4 -> 3)
  Optimizing lut $abc$41861$lut$aiger41860$6327.genblk1.genblk1.genblk1.genblk1.genblk1.genblk1.genblk1.genblk1.lut1.genblk1.genblk1.genblk1.genblk1.genblk1.genblk1.genblk1.lut0.genblk1.genblk1.genblk1.genblk1.genblk1.genblk1.lut0.genblk1.genblk1.genblk1.genblk1.genblk1.lut0 (4 -> 3)
  Optimizing lut $abc$41861$lut$aiger41860$6327.genblk1.genblk1.genblk1.genblk1.genblk1.genblk1.genblk1.genblk1.lut0.genblk1.genblk1.genblk1.genblk1.genblk1.genblk1.genblk1.lut0.genblk1.genblk1.genblk1.genblk1.genblk1.genblk1.lut1.genblk1.genblk1.genblk1.genblk1.genblk1.lut0 (4 -> 3)
  Optimizing lut $abc$41861$lut$aiger41860$6327.genblk1.genblk1.genblk1.genblk1.genblk1.genblk1.genblk1.genblk1.lut0.genblk1.genblk1.genblk1.genblk1.genblk1.genblk1.genblk1.lut1.genblk1.genblk1.genblk1.genblk1.genblk1.genblk1.lut0.genblk1.genblk1.genblk1.genblk1.genblk1.lut0 (4 -> 3)
  Optimizing lut $abc$41861$lut$aiger41860$6327.genblk1.genblk1.genblk1.genblk1.genblk1.genblk1.genblk1.genblk1.lut0.genblk1.genblk1.genblk1.genblk1.genblk1.genblk1.genblk1.lut1.genblk1.genblk1.genblk1.genblk1.genblk1.genblk1.lut1.genblk1.genblk1.genblk1.genblk1.genblk1.lut0 (4 -> 2)
  Optimizing lut $abc$41861$lut$aiger41860$8474.genblk1.genblk1.genblk1.genblk1.genblk1.genblk1.genblk1.lut0.genblk1.genblk1.genblk1.genblk1.genblk1.genblk1.lut0.genblk1.genblk1.genblk1.genblk1.genblk1.lut0 (4 -> 3)
  Optimizing lut $abc$41861$lut$aiger41860$8755.genblk1.genblk1.genblk1.genblk1.genblk1.genblk1.genblk1.lut0.genblk1.genblk1.genblk1.genblk1.genblk1.genblk1.lut0.genblk1.genblk1.genblk1.genblk1.genblk1.lut0 (4 -> 0)
  Optimizing lut $abc$41861$lut$aiger41860$6236.genblk1.genblk1.genblk1.genblk1.genblk1.genblk1.genblk1.lut0.genblk1.genblk1.genblk1.genblk1.genblk1.genblk1.lut1.genblk1.genblk1.genblk1.genblk1.genblk1.lut0 (4 -> 3)
  Optimizing lut $auto$abc9_ops.cc:1549:reintegrate$41977.genblk1.genblk1.genblk1.genblk1.genblk1.genblk1.genblk1.genblk1.lut0.genblk1.genblk1.genblk1.genblk1.genblk1.genblk1.genblk1.lut1.genblk1.genblk1.genblk1.genblk1.genblk1.genblk1.lut0.genblk1.genblk1.genblk1.genblk1.genblk1.lut0 (4 -> 3)
  Optimizing lut $abc$41861$lut$aiger41860$4204.genblk1.genblk1.genblk1.genblk1.genblk1.genblk1.lut1.genblk1.genblk1.genblk1.genblk1.genblk1.lut0 (4 -> 0)
  Optimizing lut $auto$abc9_ops.cc:1549:reintegrate$41987.genblk1.genblk1.genblk1.genblk1.genblk1.genblk1.genblk1.genblk1.lut0.genblk1.genblk1.genblk1.genblk1.genblk1.genblk1.genblk1.lut0.genblk1.genblk1.genblk1.genblk1.genblk1.genblk1.lut1.genblk1.genblk1.genblk1.genblk1.genblk1.lut0 (4 -> 3)
  Optimizing lut $auto$abc9_ops.cc:1549:reintegrate$41987.genblk1.genblk1.genblk1.genblk1.genblk1.genblk1.genblk1.genblk1.lut0.genblk1.genblk1.genblk1.genblk1.genblk1.genblk1.genblk1.lut0.genblk1.genblk1.genblk1.genblk1.genblk1.genblk1.lut1.genblk1.genblk1.genblk1.genblk1.genblk1.lut1 (4 -> 3)
  Optimizing lut $auto$abc9_ops.cc:1549:reintegrate$41987.genblk1.genblk1.genblk1.genblk1.genblk1.genblk1.genblk1.genblk1.lut0.genblk1.genblk1.genblk1.genblk1.genblk1.genblk1.genblk1.lut1.genblk1.genblk1.genblk1.genblk1.genblk1.genblk1.lut1.genblk1.genblk1.genblk1.genblk1.genblk1.lut1 (4 -> 3)
  Optimizing lut $abc$41861$lut$aiger41860$5789.genblk1.genblk1.genblk1.genblk1.genblk1.genblk1.genblk1.lut0.genblk1.genblk1.genblk1.genblk1.genblk1.genblk1.lut1.genblk1.genblk1.genblk1.genblk1.genblk1.lut0 (4 -> 3)
  Optimizing lut $abc$41861$lut$aiger41860$5789.genblk1.genblk1.genblk1.genblk1.genblk1.genblk1.genblk1.lut1.genblk1.genblk1.genblk1.genblk1.genblk1.genblk1.lut0.genblk1.genblk1.genblk1.genblk1.genblk1.lut0 (4 -> 3)
  Optimizing lut $auto$abc9_ops.cc:1549:reintegrate$41987.genblk1.genblk1.genblk1.genblk1.genblk1.genblk1.genblk1.genblk1.lut1.genblk1.genblk1.genblk1.genblk1.genblk1.genblk1.genblk1.lut1.genblk1.genblk1.genblk1.genblk1.genblk1.genblk1.lut1.genblk1.genblk1.genblk1.genblk1.genblk1.lut1 (4 -> 3)
  Optimizing lut $abc$41861$lut$aiger41860$5589.genblk1.genblk1.genblk1.genblk1.genblk1.genblk1.genblk1.lut1.genblk1.genblk1.genblk1.genblk1.genblk1.genblk1.lut1.genblk1.genblk1.genblk1.genblk1.genblk1.lut0 (4 -> 3)
  Optimizing lut $abc$41861$lut$aiger41860$4252.genblk1.genblk1.genblk1.genblk1.genblk1.genblk1.lut1.genblk1.genblk1.genblk1.genblk1.genblk1.lut0 (4 -> 0)
  Optimizing lut $auto$abc9_ops.cc:1549:reintegrate$41977.genblk1.genblk1.genblk1.genblk1.genblk1.genblk1.genblk1.genblk1.lut1.genblk1.genblk1.genblk1.genblk1.genblk1.genblk1.genblk1.lut1.genblk1.genblk1.genblk1.genblk1.genblk1.genblk1.lut1.genblk1.genblk1.genblk1.genblk1.genblk1.lut1 (4 -> 3)
  Optimizing lut $auto$abc9_ops.cc:1549:reintegrate$41977.genblk1.genblk1.genblk1.genblk1.genblk1.genblk1.genblk1.genblk1.lut0.genblk1.genblk1.genblk1.genblk1.genblk1.genblk1.genblk1.lut0.genblk1.genblk1.genblk1.genblk1.genblk1.genblk1.lut1.genblk1.genblk1.genblk1.genblk1.genblk1.lut1 (4 -> 3)
  Optimizing lut $auto$abc9_ops.cc:1549:reintegrate$41979.genblk1.genblk1.genblk1.genblk1.genblk1.genblk1.genblk1.lut1.genblk1.genblk1.genblk1.genblk1.genblk1.genblk1.lut1.genblk1.genblk1.genblk1.genblk1.genblk1.lut0 (4 -> 3)
  Optimizing lut $auto$abc9_ops.cc:1549:reintegrate$41979.genblk1.genblk1.genblk1.genblk1.genblk1.genblk1.genblk1.lut1.genblk1.genblk1.genblk1.genblk1.genblk1.genblk1.lut0.genblk1.genblk1.genblk1.genblk1.genblk1.lut0 (4 -> 3)
  Optimizing lut $auto$abc9_ops.cc:1549:reintegrate$41981.genblk1.genblk1.genblk1.genblk1.genblk1.genblk1.genblk1.lut0.genblk1.genblk1.genblk1.genblk1.genblk1.genblk1.lut1.genblk1.genblk1.genblk1.genblk1.genblk1.lut0 (4 -> 3)
  Optimizing lut $abc$41861$lut$aiger41860$6327.genblk1.genblk1.genblk1.genblk1.genblk1.genblk1.genblk1.genblk1.lut1.genblk1.genblk1.genblk1.genblk1.genblk1.genblk1.genblk1.lut1.genblk1.genblk1.genblk1.genblk1.genblk1.genblk1.lut1.genblk1.genblk1.genblk1.genblk1.genblk1.lut0 (4 -> 3)
  Optimizing lut $abc$41861$lut$aiger41860$6327.genblk1.genblk1.genblk1.genblk1.genblk1.genblk1.genblk1.genblk1.lut0.genblk1.genblk1.genblk1.genblk1.genblk1.genblk1.genblk1.lut0.genblk1.genblk1.genblk1.genblk1.genblk1.genblk1.lut1.genblk1.genblk1.genblk1.genblk1.genblk1.lut1 (4 -> 3)
  Optimizing lut $abc$41861$lut$aiger41860$6327.genblk1.genblk1.genblk1.genblk1.genblk1.genblk1.genblk1.genblk1.lut0.genblk1.genblk1.genblk1.genblk1.genblk1.genblk1.genblk1.lut1.genblk1.genblk1.genblk1.genblk1.genblk1.genblk1.lut1.genblk1.genblk1.genblk1.genblk1.genblk1.lut1 (4 -> 2)
  Optimizing lut $abc$41861$lut$aiger41860$6892.genblk1.genblk1.genblk1.genblk1.genblk1.genblk1.genblk1.lut1.genblk1.genblk1.genblk1.genblk1.genblk1.genblk1.lut0.genblk1.genblk1.genblk1.genblk1.genblk1.lut0 (4 -> 3)
  Optimizing lut $abc$41861$lut$aiger41860$8755.genblk1.genblk1.genblk1.genblk1.genblk1.genblk1.genblk1.lut1.genblk1.genblk1.genblk1.genblk1.genblk1.genblk1.lut1.genblk1.genblk1.genblk1.genblk1.genblk1.lut0 (4 -> 0)
  Optimizing lut $abc$41861$lut$aiger41860$8755.genblk1.genblk1.genblk1.genblk1.genblk1.genblk1.genblk1.lut0.genblk1.genblk1.genblk1.genblk1.genblk1.genblk1.lut1.genblk1.genblk1.genblk1.genblk1.genblk1.lut0 (4 -> 0)
  Optimizing lut $abc$41861$lut$aiger41860$6892.genblk1.genblk1.genblk1.genblk1.genblk1.genblk1.genblk1.lut0.genblk1.genblk1.genblk1.genblk1.genblk1.genblk1.lut1.genblk1.genblk1.genblk1.genblk1.genblk1.lut0 (4 -> 3)
  Optimizing lut $auto$abc9_ops.cc:1549:reintegrate$41976.genblk1.genblk1.genblk1.genblk1.genblk1.genblk1.genblk1.lut1.genblk1.genblk1.genblk1.genblk1.genblk1.genblk1.lut0.genblk1.genblk1.genblk1.genblk1.genblk1.lut0 (4 -> 3)
  Optimizing lut $auto$abc9_ops.cc:1549:reintegrate$41911.genblk1.genblk1.genblk1.genblk1.genblk1.genblk1.lut1.genblk1.genblk1.genblk1.genblk1.genblk1.lut0 (4 -> 0)
  Optimizing lut $abc$41861$lut$aiger41860$5855.genblk1.genblk1.genblk1.genblk1.genblk1.genblk1.lut1.genblk1.genblk1.genblk1.genblk1.genblk1.lut0 (4 -> 2)
  Optimizing lut $abc$41861$lut$aiger41860$6236.genblk1.genblk1.genblk1.genblk1.genblk1.genblk1.genblk1.lut1.genblk1.genblk1.genblk1.genblk1.genblk1.genblk1.lut1.genblk1.genblk1.genblk1.genblk1.genblk1.lut0 (4 -> 3)
  Optimizing lut $abc$41861$lut$aiger41860$8474.genblk1.genblk1.genblk1.genblk1.genblk1.genblk1.genblk1.lut0.genblk1.genblk1.genblk1.genblk1.genblk1.genblk1.lut1.genblk1.genblk1.genblk1.genblk1.genblk1.lut0 (4 -> 3)
  Optimizing lut $auto$abc9_ops.cc:1549:reintegrate$41981.genblk1.genblk1.genblk1.genblk1.genblk1.genblk1.genblk1.lut1.genblk1.genblk1.genblk1.genblk1.genblk1.genblk1.lut1.genblk1.genblk1.genblk1.genblk1.genblk1.lut0 (4 -> 3)
  Optimizing lut $auto$abc9_ops.cc:1549:reintegrate$41977.genblk1.genblk1.genblk1.genblk1.genblk1.genblk1.genblk1.genblk1.lut0.genblk1.genblk1.genblk1.genblk1.genblk1.genblk1.genblk1.lut1.genblk1.genblk1.genblk1.genblk1.genblk1.genblk1.lut1.genblk1.genblk1.genblk1.genblk1.genblk1.lut0 (4 -> 2)
  Optimizing lut $auto$abc9_ops.cc:1549:reintegrate$41977.genblk1.genblk1.genblk1.genblk1.genblk1.genblk1.genblk1.genblk1.lut0.genblk1.genblk1.genblk1.genblk1.genblk1.genblk1.genblk1.lut1.genblk1.genblk1.genblk1.genblk1.genblk1.genblk1.lut1.genblk1.genblk1.genblk1.genblk1.genblk1.lut1 (4 -> 2)
  Optimizing lut $auto$abc9_ops.cc:1549:reintegrate$41931.genblk1.genblk1.genblk1.genblk1.genblk1.genblk1.lut1.genblk1.genblk1.genblk1.genblk1.genblk1.lut0 (4 -> 0)
  Optimizing lut $abc$41861$lut$aiger41860$9198.genblk1.genblk1.genblk1.genblk1.genblk1.lut0 (4 -> 3)
  Optimizing lut $auto$abc9_ops.cc:1549:reintegrate$41987.genblk1.genblk1.genblk1.genblk1.genblk1.genblk1.genblk1.genblk1.lut1.genblk1.genblk1.genblk1.genblk1.genblk1.genblk1.genblk1.lut1.genblk1.genblk1.genblk1.genblk1.genblk1.genblk1.lut0.genblk1.genblk1.genblk1.genblk1.genblk1.lut1 (4 -> 3)
  Optimizing lut $abc$41861$lut$aiger41860$8295.genblk1.genblk1.genblk1.genblk1.genblk1.genblk1.lut1.genblk1.genblk1.genblk1.genblk1.genblk1.lut0 (4 -> 0)
  Optimizing lut $abc$41861$lut$aiger41860$4227.genblk1.genblk1.genblk1.genblk1.genblk1.lut0 (4 -> 0)
  Optimizing lut $auto$abc9_ops.cc:1549:reintegrate$41970.genblk1.genblk1.genblk1.genblk1.genblk1.lut1 (4 -> 3)
  Optimizing lut $abc$41861$lut$aiger41860$4974.genblk1.genblk1.genblk1.genblk1.genblk1.lut0 (4 -> 0)
  Optimizing lut $abc$41861$lut$aiger41860$4346.genblk1.genblk1.genblk1.genblk1.genblk1.genblk1.lut1.genblk1.genblk1.genblk1.genblk1.genblk1.lut0 (4 -> 0)
  Optimizing lut $abc$41861$lut$aiger41860$4303.genblk1.genblk1.genblk1.genblk1.genblk1.lut0 (4 -> 0)
  Optimizing lut $abc$41861$lut$aiger41860$3947.genblk1.genblk1.genblk1.genblk1.genblk1.lut1 (4 -> 1)
  Optimizing lut $auto$abc9_ops.cc:1549:reintegrate$41911.genblk1.genblk1.genblk1.genblk1.genblk1.genblk1.lut0.genblk1.genblk1.genblk1.genblk1.genblk1.lut1 (4 -> 0)
  Optimizing lut $auto$abc9_ops.cc:1549:reintegrate$41929.genblk1.genblk1.genblk1.genblk1.genblk1.genblk1.lut1.genblk1.genblk1.genblk1.genblk1.genblk1.lut0 (4 -> 0)
  Optimizing lut $auto$abc9_ops.cc:1549:reintegrate$41930.genblk1.genblk1.genblk1.genblk1.genblk1.genblk1.lut1.genblk1.genblk1.genblk1.genblk1.genblk1.lut1 (4 -> 0)
  Optimizing lut $auto$abc9_ops.cc:1549:reintegrate$41930.genblk1.genblk1.genblk1.genblk1.genblk1.genblk1.lut1.genblk1.genblk1.genblk1.genblk1.genblk1.lut0 (4 -> 0)
  Optimizing lut $auto$abc9_ops.cc:1549:reintegrate$41938.genblk1.genblk1.genblk1.genblk1.genblk1.genblk1.lut1.genblk1.genblk1.genblk1.genblk1.genblk1.lut1 (4 -> 1)
  Optimizing lut $abc$41861$lut$aiger41860$9134.genblk1.genblk1.genblk1.genblk1.genblk1.lut1 (4 -> 3)
  Optimizing lut $auto$abc9_ops.cc:1549:reintegrate$41977.genblk1.genblk1.genblk1.genblk1.genblk1.genblk1.genblk1.genblk1.lut1.genblk1.genblk1.genblk1.genblk1.genblk1.genblk1.genblk1.lut1.genblk1.genblk1.genblk1.genblk1.genblk1.genblk1.lut0.genblk1.genblk1.genblk1.genblk1.genblk1.lut1 (4 -> 2)
  Optimizing lut $auto$abc9_ops.cc:1549:reintegrate$41977.genblk1.genblk1.genblk1.genblk1.genblk1.genblk1.genblk1.genblk1.lut0.genblk1.genblk1.genblk1.genblk1.genblk1.genblk1.genblk1.lut1.genblk1.genblk1.genblk1.genblk1.genblk1.genblk1.lut0.genblk1.genblk1.genblk1.genblk1.genblk1.lut1 (4 -> 3)
  Optimizing lut $auto$abc9_ops.cc:1549:reintegrate$41979.genblk1.genblk1.genblk1.genblk1.genblk1.genblk1.genblk1.lut0.genblk1.genblk1.genblk1.genblk1.genblk1.genblk1.lut1.genblk1.genblk1.genblk1.genblk1.genblk1.lut1 (4 -> 3)
  Optimizing lut $abc$41861$lut$aiger41860$8952.genblk1.genblk1.genblk1.genblk1.genblk1.genblk1.lut0.genblk1.genblk1.genblk1.genblk1.genblk1.lut0 (4 -> 0)
  Optimizing lut $abc$41861$lut$aiger41860$6195.genblk1.genblk1.genblk1.genblk1.genblk1.genblk1.lut0.genblk1.genblk1.genblk1.genblk1.genblk1.lut0 (4 -> 2)
  Optimizing lut $abc$41861$lut$aiger41860$8891.genblk1.genblk1.genblk1.genblk1.genblk1.lut0 (4 -> 3)
  Optimizing lut $abc$41861$lut$aiger41860$8773.genblk1.genblk1.genblk1.genblk1.genblk1.lut0 (4 -> 3)
  Optimizing lut $abc$41861$lut$aiger41860$8767.genblk1.genblk1.genblk1.genblk1.genblk1.lut1 (4 -> 3)
  Optimizing lut $abc$41861$lut$aiger41860$5085.genblk1.genblk1.genblk1.genblk1.genblk1.lut0 (4 -> 0)
  Optimizing lut $abc$41861$lut$aiger41860$8410.genblk1.genblk1.genblk1.genblk1.genblk1.lut0 (4 -> 3)
  Optimizing lut $abc$41861$lut$aiger41860$9204.genblk1.genblk1.genblk1.genblk1.genblk1.lut0 (4 -> 3)
  Optimizing lut $abc$41861$lut$aiger41860$4391.genblk1.genblk1.genblk1.genblk1.genblk1.lut0 (4 -> 0)
  Optimizing lut $abc$41861$lut$aiger41860$3931.genblk1.genblk1.genblk1.genblk1.genblk1.lut0 (4 -> 0)
  Optimizing lut $auto$abc9_ops.cc:1549:reintegrate$42005.genblk1.genblk1.genblk1.genblk1.genblk1.lut1 (4 -> 3)
  Optimizing lut $auto$abc9_ops.cc:1549:reintegrate$41928.genblk1.genblk1.genblk1.genblk1.genblk1.genblk1.lut1.genblk1.genblk1.genblk1.genblk1.genblk1.lut0 (4 -> 0)
  Optimizing lut $abc$41861$lut$aiger41860$4999.genblk1.genblk1.genblk1.genblk1.genblk1.genblk1.lut1.genblk1.genblk1.genblk1.genblk1.genblk1.lut0 (4 -> 0)
  Optimizing lut $abc$41861$lut$aiger41860$3938.genblk1.genblk1.genblk1.genblk1.genblk1.lut1 (4 -> 1)
  Optimizing lut $abc$41861$lut$aiger41860$6892.genblk1.genblk1.genblk1.genblk1.genblk1.genblk1.genblk1.lut0.genblk1.genblk1.genblk1.genblk1.genblk1.genblk1.lut1.genblk1.genblk1.genblk1.genblk1.genblk1.lut1 (4 -> 3)
  Optimizing lut $abc$41861$lut$aiger41860$6533.genblk1.genblk1.genblk1.genblk1.genblk1.genblk1.genblk1.genblk1.lut1.genblk1.genblk1.genblk1.genblk1.genblk1.genblk1.genblk1.lut1.genblk1.genblk1.genblk1.genblk1.genblk1.genblk1.lut0.genblk1.genblk1.genblk1.genblk1.genblk1.lut1 (4 -> 3)
  Optimizing lut $abc$41861$lut$aiger41860$8619.genblk1.genblk1.genblk1.genblk1.genblk1.lut1 (4 -> 0)
  Optimizing lut $abc$41861$lut$aiger41860$8159.genblk1.genblk1.genblk1.genblk1.genblk1.lut1 (4 -> 3)
  Optimizing lut $abc$41861$lut$aiger41860$8416.genblk1.genblk1.genblk1.genblk1.genblk1.lut0 (4 -> 3)
  Optimizing lut $abc$41861$lut$aiger41860$9240.genblk1.genblk1.genblk1.genblk1.genblk1.lut0 (4 -> 3)
  Optimizing lut $abc$41861$lut$aiger41860$9192.genblk1.genblk1.genblk1.genblk1.genblk1.lut0 (4 -> 3)
  Optimizing lut $abc$41861$lut$aiger41860$8885.genblk1.genblk1.genblk1.genblk1.genblk1.lut0 (4 -> 3)
  Optimizing lut $abc$41861$lut$aiger41860$9192.genblk1.genblk1.genblk1.genblk1.genblk1.lut1 (4 -> 3)
  Optimizing lut $abc$41861$lut$aiger41860$9174.genblk1.genblk1.genblk1.genblk1.genblk1.lut0 (4 -> 3)
  Optimizing lut $abc$41861$lut$aiger41860$9234.genblk1.genblk1.genblk1.genblk1.genblk1.lut1 (4 -> 3)
  Optimizing lut $abc$41861$lut$aiger41860$9145.genblk1.genblk1.genblk1.genblk1.genblk1.lut0 (4 -> 3)
  Optimizing lut $abc$41861$lut$aiger41860$9222.genblk1.genblk1.genblk1.genblk1.genblk1.lut1 (4 -> 3)
  Optimizing lut $abc$41861$lut$aiger41860$9222.genblk1.genblk1.genblk1.genblk1.genblk1.lut0 (4 -> 3)
  Optimizing lut $abc$41861$lut$aiger41860$9216.genblk1.genblk1.genblk1.genblk1.genblk1.lut1 (4 -> 3)
  Optimizing lut $abc$41861$lut$aiger41860$9157.genblk1.genblk1.genblk1.genblk1.genblk1.lut0 (4 -> 3)
  Optimizing lut $abc$41861$lut$aiger41860$8165.genblk1.genblk1.genblk1.genblk1.genblk1.lut0 (4 -> 3)
  Optimizing lut $abc$41861$lut$aiger41860$9134.genblk1.genblk1.genblk1.genblk1.genblk1.lut0 (4 -> 3)
  Optimizing lut $abc$41861$lut$aiger41860$4134.genblk1.genblk1.genblk1.genblk1.genblk1.lut0 (4 -> 1)
  Optimizing lut $abc$41861$lut$aiger41860$9122.genblk1.genblk1.genblk1.genblk1.genblk1.lut0 (4 -> 3)
  Optimizing lut $abc$41861$lut$aiger41860$9053.genblk1.genblk1.genblk1.genblk1.genblk1.lut0 (4 -> 3)
  Optimizing lut $abc$41861$lut$aiger41860$9065.genblk1.genblk1.genblk1.genblk1.genblk1.lut1 (4 -> 3)
  Optimizing lut $abc$41861$lut$aiger41860$9086.genblk1.genblk1.genblk1.genblk1.genblk1.lut0 (4 -> 3)
  Optimizing lut $abc$41861$lut$aiger41860$9059.genblk1.genblk1.genblk1.genblk1.genblk1.lut1 (4 -> 3)
  Optimizing lut $abc$41861$lut$aiger41860$9004.genblk1.genblk1.genblk1.genblk1.genblk1.lut0 (4 -> 3)
  Optimizing lut $abc$41861$lut$aiger41860$8970.genblk1.genblk1.genblk1.genblk1.genblk1.lut0 (4 -> 3)
  Optimizing lut $abc$41861$lut$aiger41860$8958.genblk1.genblk1.genblk1.genblk1.genblk1.lut0 (4 -> 3)
  Optimizing lut $abc$41861$lut$aiger41860$8952.genblk1.genblk1.genblk1.genblk1.genblk1.genblk1.lut1.genblk1.genblk1.genblk1.genblk1.genblk1.lut0 (4 -> 0)
  Optimizing lut $abc$41861$lut$aiger41860$6327.genblk1.genblk1.genblk1.genblk1.genblk1.genblk1.genblk1.genblk1.lut1.genblk1.genblk1.genblk1.genblk1.genblk1.genblk1.genblk1.lut1.genblk1.genblk1.genblk1.genblk1.genblk1.genblk1.lut1.genblk1.genblk1.genblk1.genblk1.genblk1.lut1 (4 -> 3)
  Optimizing lut $abc$41861$lut$aiger41860$5075.genblk1.genblk1.genblk1.genblk1.genblk1.lut0 (4 -> 1)
  Optimizing lut $abc$41861$lut$aiger41860$8879.genblk1.genblk1.genblk1.genblk1.genblk1.lut0 (4 -> 3)
  Optimizing lut $abc$41861$lut$aiger41860$6327.genblk1.genblk1.genblk1.genblk1.genblk1.genblk1.genblk1.genblk1.lut1.genblk1.genblk1.genblk1.genblk1.genblk1.genblk1.genblk1.lut1.genblk1.genblk1.genblk1.genblk1.genblk1.genblk1.lut0.genblk1.genblk1.genblk1.genblk1.genblk1.lut1 (4 -> 2)
  Optimizing lut $abc$41861$lut$aiger41860$9174.genblk1.genblk1.genblk1.genblk1.genblk1.lut1 (4 -> 3)
  Optimizing lut $abc$41861$lut$aiger41860$8165.genblk1.genblk1.genblk1.genblk1.genblk1.lut1 (4 -> 3)
  Optimizing lut $abc$41861$lut$aiger41860$8474.genblk1.genblk1.genblk1.genblk1.genblk1.genblk1.genblk1.lut0.genblk1.genblk1.genblk1.genblk1.genblk1.genblk1.lut1.genblk1.genblk1.genblk1.genblk1.genblk1.lut1 (4 -> 3)
  Optimizing lut $auto$abc9_ops.cc:1549:reintegrate$41951.genblk1.genblk1.genblk1.genblk1.genblk1.lut1 (4 -> 3)
  Optimizing lut $abc$41861$lut$aiger41860$9053.genblk1.genblk1.genblk1.genblk1.genblk1.lut1 (4 -> 3)
  Optimizing lut $abc$41861$lut$aiger41860$5855.genblk1.genblk1.genblk1.genblk1.genblk1.genblk1.lut0.genblk1.genblk1.genblk1.genblk1.genblk1.lut0 (4 -> 0)
  Optimizing lut $abc$41861$lut$aiger41860$8761.genblk1.genblk1.genblk1.genblk1.genblk1.lut0 (4 -> 3)
  Optimizing lut $abc$41861$lut$aiger41860$8637.genblk1.genblk1.genblk1.genblk1.genblk1.lut0 (4 -> 3)
  Optimizing lut $abc$41861$lut$aiger41860$6327.genblk1.genblk1.genblk1.genblk1.genblk1.genblk1.genblk1.genblk1.lut1.genblk1.genblk1.genblk1.genblk1.genblk1.genblk1.genblk1.lut0.genblk1.genblk1.genblk1.genblk1.genblk1.genblk1.lut0.genblk1.genblk1.genblk1.genblk1.genblk1.lut1 (4 -> 3)
  Optimizing lut $abc$41861$lut$aiger41860$6236.genblk1.genblk1.genblk1.genblk1.genblk1.genblk1.genblk1.lut1.genblk1.genblk1.genblk1.genblk1.genblk1.genblk1.lut0.genblk1.genblk1.genblk1.genblk1.genblk1.lut1 (4 -> 3)
  Optimizing lut $abc$41861$lut$aiger41860$9122.genblk1.genblk1.genblk1.genblk1.genblk1.lut1 (4 -> 3)
  Optimizing lut $auto$abc9_ops.cc:1549:reintegrate$41976.genblk1.genblk1.genblk1.genblk1.genblk1.genblk1.genblk1.lut1.genblk1.genblk1.genblk1.genblk1.genblk1.genblk1.lut0.genblk1.genblk1.genblk1.genblk1.genblk1.lut1 (4 -> 3)
  Optimizing lut $auto$abc9_ops.cc:1549:reintegrate$41977.genblk1.genblk1.genblk1.genblk1.genblk1.genblk1.genblk1.genblk1.lut1.genblk1.genblk1.genblk1.genblk1.genblk1.genblk1.genblk1.lut0.genblk1.genblk1.genblk1.genblk1.genblk1.genblk1.lut0.genblk1.genblk1.genblk1.genblk1.genblk1.lut1 (4 -> 3)
  Optimizing lut $auto$abc9_ops.cc:1549:reintegrate$41981.genblk1.genblk1.genblk1.genblk1.genblk1.genblk1.genblk1.lut1.genblk1.genblk1.genblk1.genblk1.genblk1.genblk1.lut0.genblk1.genblk1.genblk1.genblk1.genblk1.lut1 (4 -> 3)
  Optimizing lut $abc$41861$lut$aiger41860$8631.genblk1.genblk1.genblk1.genblk1.genblk1.lut0 (4 -> 3)
  Optimizing lut $auto$abc9_ops.cc:1549:reintegrate$42005.genblk1.genblk1.genblk1.genblk1.genblk1.lut0 (4 -> 3)
  Optimizing lut $auto$abc9_ops.cc:1549:reintegrate$42007.genblk1.genblk1.genblk1.genblk1.genblk1.lut0 (4 -> 3)
  Optimizing lut $auto$abc9_ops.cc:1549:reintegrate$42006.genblk1.genblk1.genblk1.genblk1.genblk1.lut0 (4 -> 3)
  Optimizing lut $auto$abc9_ops.cc:1549:reintegrate$41919.genblk1.genblk1.genblk1.genblk1.genblk1.lut0 (4 -> 3)
  Optimizing lut $abc$41861$lut$aiger41860$4949.genblk1.genblk1.genblk1.genblk1.genblk1.lut0 (4 -> 3)
  Optimizing lut $abc$41861$lut$aiger41860$5789.genblk1.genblk1.genblk1.genblk1.genblk1.genblk1.genblk1.lut1.genblk1.genblk1.genblk1.genblk1.genblk1.genblk1.lut0.genblk1.genblk1.genblk1.genblk1.genblk1.lut1 (4 -> 3)
  Optimizing lut $auto$abc9_ops.cc:1549:reintegrate$41948.genblk1.genblk1.genblk1.genblk1.genblk1.lut0 (4 -> 0)
  Optimizing lut $abc$41861$lut$aiger41860$3867.genblk1.genblk1.genblk1.genblk1.genblk1.lut1 (4 -> 0)
  Optimizing lut $abc$41861$lut$aiger41860$3726.genblk1.genblk1.genblk1.genblk1.genblk1.lut0 (4 -> 3)
  Optimizing lut $abc$41861$lut$aiger41860$3821.genblk1.genblk1.genblk1.genblk1.genblk1.lut0 (4 -> 0)
  Optimizing lut $abc$41861$lut$aiger41860$3947.genblk1.genblk1.genblk1.genblk1.genblk1.lut0 (4 -> 3)
  Optimizing lut $abc$41861$lut$aiger41860$4627.genblk1.genblk1.genblk1.genblk1.genblk1.lut1 (4 -> 0)
  Optimizing lut $abc$41861$lut$aiger41860$3771.genblk1.genblk1.genblk1.genblk1.genblk1.lut0 (4 -> 1)
  Optimizing lut $abc$41861$lut$aiger41860$3956.genblk1.genblk1.genblk1.genblk1.genblk1.lut0 (4 -> 3)
  Optimizing lut $abc$41861$lut$aiger41860$4127.genblk1.genblk1.genblk1.genblk1.genblk1.lut0 (4 -> 0)
  Optimizing lut $abc$41861$lut$aiger41860$4257.genblk1.genblk1.genblk1.genblk1.genblk1.lut1 (4 -> 0)
  Optimizing lut $abc$41861$lut$aiger41860$8637.genblk1.genblk1.genblk1.genblk1.genblk1.lut1 (4 -> 3)
  Optimizing lut $abc$41861$lut$aiger41860$4655.genblk1.genblk1.genblk1.genblk1.genblk1.lut0 (4 -> 0)
  Optimizing lut $abc$41861$lut$aiger41860$4667.genblk1.genblk1.genblk1.genblk1.genblk1.lut0 (4 -> 0)
  Optimizing lut $abc$41861$lut$aiger41860$8625.genblk1.genblk1.genblk1.genblk1.genblk1.lut1 (4 -> 3)
  Optimizing lut $abc$41861$lut$aiger41860$9059.genblk1.genblk1.genblk1.genblk1.genblk1.lut0 (4 -> 3)
  Optimizing lut $abc$41861$lut$aiger41860$4204.genblk1.genblk1.genblk1.genblk1.genblk1.genblk1.lut1.genblk1.genblk1.genblk1.genblk1.genblk1.lut1 (4 -> 0)
  Optimizing lut $abc$41861$lut$aiger41860$4046.genblk1.genblk1.genblk1.genblk1.genblk1.lut0 (4 -> 0)
  Optimizing lut $abc$41861$lut$aiger41860$4252.genblk1.genblk1.genblk1.genblk1.genblk1.genblk1.lut1.genblk1.genblk1.genblk1.genblk1.genblk1.lut1 (4 -> 0)
  Optimizing lut $abc$41861$lut$aiger41860$4252.genblk1.genblk1.genblk1.genblk1.genblk1.genblk1.lut0.genblk1.genblk1.genblk1.genblk1.genblk1.lut0 (4 -> 0)
  Optimizing lut $auto$abc9_ops.cc:1549:reintegrate$41927.genblk1.genblk1.genblk1.genblk1.genblk1.genblk1.lut1.genblk1.genblk1.genblk1.genblk1.genblk1.lut0 (4 -> 0)
  Optimizing lut $auto$abc9_ops.cc:1549:reintegrate$41913.genblk1.genblk1.genblk1.genblk1.genblk1.genblk1.lut1.genblk1.genblk1.genblk1.genblk1.genblk1.lut1 (4 -> 0)
  Optimizing lut $abc$41861$lut$aiger41860$4346.genblk1.genblk1.genblk1.genblk1.genblk1.genblk1.lut1.genblk1.genblk1.genblk1.genblk1.genblk1.lut1 (4 -> 0)
  Optimizing lut $auto$abc9_ops.cc:1549:reintegrate$41931.genblk1.genblk1.genblk1.genblk1.genblk1.genblk1.lut1.genblk1.genblk1.genblk1.genblk1.genblk1.lut1 (4 -> 0)
  Optimizing lut $auto$abc9_ops.cc:1549:reintegrate$41929.genblk1.genblk1.genblk1.genblk1.genblk1.genblk1.lut1.genblk1.genblk1.genblk1.genblk1.genblk1.lut1 (4 -> 0)
  Optimizing lut $auto$abc9_ops.cc:1549:reintegrate$41911.genblk1.genblk1.genblk1.genblk1.genblk1.genblk1.lut1.genblk1.genblk1.genblk1.genblk1.genblk1.lut1 (4 -> 0)
  Optimizing lut $abc$41861$lut$aiger41860$4204.genblk1.genblk1.genblk1.genblk1.genblk1.genblk1.lut0.genblk1.genblk1.genblk1.genblk1.genblk1.lut0 (4 -> 0)
  Optimizing lut $abc$41861$lut$aiger41860$4346.genblk1.genblk1.genblk1.genblk1.genblk1.genblk1.lut0.genblk1.genblk1.genblk1.genblk1.genblk1.lut0 (4 -> 0)
  Optimizing lut $abc$41861$lut$aiger41860$8755.genblk1.genblk1.genblk1.genblk1.genblk1.genblk1.genblk1.lut0.genblk1.genblk1.genblk1.genblk1.genblk1.genblk1.lut1.genblk1.genblk1.genblk1.genblk1.genblk1.lut1 (4 -> 0)
  Optimizing lut $abc$41861$lut$aiger41860$4473.genblk1.genblk1.genblk1.genblk1.genblk1.lut1 (4 -> 0)
  Optimizing lut $abc$41861$lut$aiger41860$4514.genblk1.genblk1.genblk1.genblk1.genblk1.lut0 (4 -> 2)
  Optimizing lut $abc$41861$lut$aiger41860$4534.genblk1.genblk1.genblk1.genblk1.genblk1.lut0 (4 -> 0)
  Optimizing lut $abc$41861$lut$aiger41860$4642.genblk1.genblk1.genblk1.genblk1.genblk1.lut0 (4 -> 0)
  Optimizing lut $abc$41861$lut$aiger41860$9204.genblk1.genblk1.genblk1.genblk1.genblk1.lut1 (4 -> 3)
  Optimizing lut $abc$41861$lut$aiger41860$3956.genblk1.genblk1.genblk1.genblk1.genblk1.lut1 (4 -> 3)
  Optimizing lut $abc$41861$lut$aiger41860$4170.genblk1.genblk1.genblk1.genblk1.genblk1.lut0 (4 -> 0)
  Optimizing lut $abc$41861$lut$aiger41860$6599.genblk1.genblk1.genblk1.genblk1.genblk1.genblk1.lut0.genblk1.genblk1.genblk1.genblk1.genblk1.lut0 (4 -> 2)
  Optimizing lut $abc$41861$lut$aiger41860$4999.genblk1.genblk1.genblk1.genblk1.genblk1.genblk1.lut1.genblk1.genblk1.genblk1.genblk1.genblk1.lut1 (4 -> 0)
  Optimizing lut $abc$41861$lut$aiger41860$5025.genblk1.genblk1.genblk1.genblk1.genblk1.lut1 (4 -> 1)
  Optimizing lut $abc$41861$lut$aiger41860$4999.genblk1.genblk1.genblk1.genblk1.genblk1.genblk1.lut0.genblk1.genblk1.genblk1.genblk1.genblk1.lut0 (4 -> 0)
  Optimizing lut $abc$41861$lut$aiger41860$8970.genblk1.genblk1.genblk1.genblk1.genblk1.lut1 (4 -> 3)
  Optimizing lut $abc$41861$lut$aiger41860$9065.genblk1.genblk1.genblk1.genblk1.genblk1.lut0 (4 -> 3)
  Optimizing lut $abc$41861$lut$aiger41860$8755.genblk1.genblk1.genblk1.genblk1.genblk1.genblk1.genblk1.lut1.genblk1.genblk1.genblk1.genblk1.genblk1.genblk1.lut1.genblk1.genblk1.genblk1.genblk1.genblk1.lut1 (4 -> 0)
  Optimizing lut $abc$41861$lut$aiger41860$5589.genblk1.genblk1.genblk1.genblk1.genblk1.genblk1.genblk1.lut0.genblk1.genblk1.genblk1.genblk1.genblk1.genblk1.lut0.genblk1.genblk1.genblk1.genblk1.genblk1.lut1 (4 -> 3)
  Optimizing lut $auto$abc9_ops.cc:1549:reintegrate$41938.genblk1.genblk1.genblk1.genblk1.genblk1.genblk1.lut1.genblk1.genblk1.genblk1.genblk1.genblk1.lut0 (4 -> 1)
  Optimizing lut $abc$41861$lut$aiger41860$6195.genblk1.genblk1.genblk1.genblk1.genblk1.genblk1.lut1.genblk1.genblk1.genblk1.genblk1.genblk1.lut1 (4 -> 2)
  Optimizing lut $abc$41861$lut$aiger41860$6236.genblk1.genblk1.genblk1.genblk1.genblk1.genblk1.genblk1.lut0.genblk1.genblk1.genblk1.genblk1.genblk1.genblk1.lut0.genblk1.genblk1.genblk1.genblk1.genblk1.lut1 (4 -> 3)
  Optimizing lut $auto$abc9_ops.cc:1549:reintegrate$41978.genblk1.genblk1.genblk1.genblk1.genblk1.genblk1.genblk1.lut1.genblk1.genblk1.genblk1.genblk1.genblk1.genblk1.lut0.genblk1.genblk1.genblk1.genblk1.genblk1.lut1 (4 -> 3)
  Optimizing lut $auto$abc9_ops.cc:1549:reintegrate$41978.genblk1.genblk1.genblk1.genblk1.genblk1.genblk1.genblk1.lut0.genblk1.genblk1.genblk1.genblk1.genblk1.genblk1.lut1.genblk1.genblk1.genblk1.genblk1.genblk1.lut1 (4 -> 3)
  Optimizing lut $abc$41861$lut$aiger41860$8410.genblk1.genblk1.genblk1.genblk1.genblk1.lut1 (4 -> 3)
  Optimizing lut $abc$41861$lut$aiger41860$9128.genblk1.genblk1.genblk1.genblk1.genblk1.lut0 (4 -> 3)
  Optimizing lut $abc$41861$lut$aiger41860$6599.genblk1.genblk1.genblk1.genblk1.genblk1.genblk1.lut1.genblk1.genblk1.genblk1.genblk1.genblk1.lut1 (4 -> 2)
  Optimizing lut $abc$41861$lut$aiger41860$9157.genblk1.genblk1.genblk1.genblk1.genblk1.lut1 (4 -> 3)
  Optimizing lut $abc$41861$lut$aiger41860$6892.genblk1.genblk1.genblk1.genblk1.genblk1.genblk1.genblk1.lut1.genblk1.genblk1.genblk1.genblk1.genblk1.genblk1.lut0.genblk1.genblk1.genblk1.genblk1.genblk1.lut1 (4 -> 3)
  Optimizing lut $abc$41861$lut$aiger41860$4075.genblk1.genblk1.genblk1.genblk1.genblk1.lut1 (4 -> 0)
  Optimizing lut $abc$41861$lut$aiger41860$6533.genblk1.genblk1.genblk1.genblk1.genblk1.genblk1.genblk1.genblk1.lut0.genblk1.genblk1.genblk1.genblk1.genblk1.genblk1.genblk1.lut1.genblk1.genblk1.genblk1.genblk1.genblk1.genblk1.lut0.genblk1.genblk1.genblk1.genblk1.genblk1.lut1 (4 -> 3)
  Optimizing lut $auto$abc9_ops.cc:1549:reintegrate$41927.genblk1.genblk1.genblk1.genblk1.genblk1.genblk1.lut0.genblk1.genblk1.genblk1.genblk1.genblk1.lut1 (4 -> 0)
  Optimizing lut $abc$41861$lut$aiger41860$9180.genblk1.genblk1.genblk1.genblk1.genblk1.lut0 (4 -> 3)
  Optimizing lut $auto$abc9_ops.cc:1549:reintegrate$41978.genblk1.genblk1.genblk1.genblk1.genblk1.genblk1.genblk1.lut0.genblk1.genblk1.genblk1.genblk1.genblk1.genblk1.lut1.genblk1.genblk1.genblk1.genblk1.genblk1.lut0 (4 -> 3)
  Optimizing lut $abc$41861$lut$aiger41860$5589.genblk1.genblk1.genblk1.genblk1.genblk1.genblk1.genblk1.lut0.genblk1.genblk1.genblk1.genblk1.genblk1.genblk1.lut1.genblk1.genblk1.genblk1.genblk1.genblk1.lut1 (4 -> 3)
  Optimizing lut $abc$41861$lut$aiger41860$8761.genblk1.genblk1.genblk1.genblk1.genblk1.lut1 (4 -> 3)
  Optimizing lut $abc$41861$lut$aiger41860$8295.genblk1.genblk1.genblk1.genblk1.genblk1.genblk1.lut0.genblk1.genblk1.genblk1.genblk1.genblk1.lut1 (4 -> 0)
  Optimizing lut $abc$41861$lut$aiger41860$8295.genblk1.genblk1.genblk1.genblk1.genblk1.genblk1.lut1.genblk1.genblk1.genblk1.genblk1.genblk1.lut1 (4 -> 0)
  Optimizing lut $abc$41861$lut$aiger41860$9210.genblk1.genblk1.genblk1.genblk1.genblk1.lut0 (4 -> 3)
  Optimizing lut $abc$41861$lut$aiger41860$8159.genblk1.genblk1.genblk1.genblk1.genblk1.lut0 (4 -> 3)
  Optimizing lut $abc$41861$lut$aiger41860$8416.genblk1.genblk1.genblk1.genblk1.genblk1.lut1 (4 -> 3)
  Optimizing lut $abc$41861$lut$aiger41860$9228.genblk1.genblk1.genblk1.genblk1.genblk1.lut0 (4 -> 3)
  Optimizing lut $abc$41861$lut$aiger41860$8474.genblk1.genblk1.genblk1.genblk1.genblk1.genblk1.genblk1.lut0.genblk1.genblk1.genblk1.genblk1.genblk1.genblk1.lut0.genblk1.genblk1.genblk1.genblk1.genblk1.lut1 (4 -> 3)
  Optimizing lut $abc$41861$lut$aiger41860$8755.genblk1.genblk1.genblk1.genblk1.genblk1.genblk1.genblk1.lut0.genblk1.genblk1.genblk1.genblk1.genblk1.genblk1.lut0.genblk1.genblk1.genblk1.genblk1.genblk1.lut1 (4 -> 0)
  Optimizing lut $abc$41861$lut$aiger41860$8171.genblk1.genblk1.genblk1.genblk1.genblk1.lut0 (4 -> 3)
  Optimizing lut $abc$41861$lut$aiger41860$8773.genblk1.genblk1.genblk1.genblk1.genblk1.lut1 (4 -> 3)
  Optimizing lut $abc$41861$lut$aiger41860$6327.genblk1.genblk1.genblk1.genblk1.genblk1.genblk1.genblk1.genblk1.lut0.genblk1.genblk1.genblk1.genblk1.genblk1.genblk1.genblk1.lut1.genblk1.genblk1.genblk1.genblk1.genblk1.genblk1.lut0.genblk1.genblk1.genblk1.genblk1.genblk1.lut1 (4 -> 3)
  Optimizing lut $auto$abc9_ops.cc:1549:reintegrate$41987.genblk1.genblk1.genblk1.genblk1.genblk1.genblk1.genblk1.genblk1.lut0.genblk1.genblk1.genblk1.genblk1.genblk1.genblk1.genblk1.lut1.genblk1.genblk1.genblk1.genblk1.genblk1.genblk1.lut0.genblk1.genblk1.genblk1.genblk1.genblk1.lut1 (4 -> 3)
  Optimizing lut $abc$41861$lut$aiger41860$8879.genblk1.genblk1.genblk1.genblk1.genblk1.lut1 (4 -> 3)
  Optimizing lut $abc$41861$lut$aiger41860$9216.genblk1.genblk1.genblk1.genblk1.genblk1.lut0 (4 -> 3)
  Optimizing lut $abc$41861$lut$aiger41860$8885.genblk1.genblk1.genblk1.genblk1.genblk1.lut1 (4 -> 3)
  Optimizing lut $abc$41861$lut$aiger41860$4736.genblk1.genblk1.genblk1.genblk1.genblk1.lut0 (4 -> 0)
  Optimizing lut $abc$41861$lut$aiger41860$8958.genblk1.genblk1.genblk1.genblk1.genblk1.lut1 (4 -> 3)
  Optimizing lut $abc$41861$lut$aiger41860$9234.genblk1.genblk1.genblk1.genblk1.genblk1.lut0 (4 -> 3)
  Optimizing lut $abc$41861$lut$aiger41860$8964.genblk1.genblk1.genblk1.genblk1.genblk1.lut0 (4 -> 3)
  Optimizing lut $abc$41861$lut$aiger41860$9004.genblk1.genblk1.genblk1.genblk1.genblk1.lut1 (4 -> 3)
  Optimizing lut $abc$41861$lut$aiger41860$9010.genblk1.genblk1.genblk1.genblk1.genblk1.lut1 (4 -> 3)
  Optimizing lut $abc$41861$lut$aiger41860$9016.genblk1.genblk1.genblk1.genblk1.genblk1.lut1 (4 -> 3)
  Optimizing lut $abc$41861$lut$aiger41860$9010.genblk1.genblk1.genblk1.genblk1.genblk1.lut0 (4 -> 3)
  Optimizing lut $abc$41861$lut$aiger41860$9080.genblk1.genblk1.genblk1.genblk1.genblk1.lut0 (4 -> 3)
  Optimizing lut $abc$41861$lut$aiger41860$9016.genblk1.genblk1.genblk1.genblk1.genblk1.lut0 (4 -> 3)
  Optimizing lut $abc$41861$lut$aiger41860$4098.genblk1.genblk1.genblk1.genblk1.genblk1.lut0 (4 -> 0)
  Optimizing lut $abc$41861$lut$aiger41860$9080.genblk1.genblk1.genblk1.genblk1.genblk1.lut1 (4 -> 3)
  Optimizing lut $abc$41861$lut$aiger41860$9092.genblk1.genblk1.genblk1.genblk1.genblk1.lut1 (4 -> 3)
  Optimizing lut $abc$41861$lut$aiger41860$9086.genblk1.genblk1.genblk1.genblk1.genblk1.lut1 (4 -> 3)
  Optimizing lut $abc$41861$lut$aiger41860$9092.genblk1.genblk1.genblk1.genblk1.genblk1.lut0 (4 -> 3)
  Optimizing lut $abc$41861$lut$aiger41860$9128.genblk1.genblk1.genblk1.genblk1.genblk1.lut1 (4 -> 3)
  Optimizing lut $abc$41861$lut$aiger41860$5025.genblk1.genblk1.genblk1.genblk1.genblk1.lut0 (4 -> 3)
  Optimizing lut $abc$41861$lut$aiger41860$9151.genblk1.genblk1.genblk1.genblk1.genblk1.lut1 (4 -> 3)
  Optimizing lut $abc$41861$lut$aiger41860$9145.genblk1.genblk1.genblk1.genblk1.genblk1.lut1 (4 -> 3)
  Optimizing lut $abc$41861$lut$aiger41860$9151.genblk1.genblk1.genblk1.genblk1.genblk1.lut0 (4 -> 3)
  Optimizing lut $abc$41861$lut$aiger41860$9180.genblk1.genblk1.genblk1.genblk1.genblk1.lut1 (4 -> 3)
  Optimizing lut $abc$41861$lut$aiger41860$9186.genblk1.genblk1.genblk1.genblk1.genblk1.lut1 (4 -> 3)
  Optimizing lut $abc$41861$lut$aiger41860$8767.genblk1.genblk1.genblk1.genblk1.genblk1.lut0 (4 -> 3)
  Optimizing lut $abc$41861$lut$aiger41860$9186.genblk1.genblk1.genblk1.genblk1.genblk1.lut0 (4 -> 3)
  Optimizing lut $abc$41861$lut$aiger41860$9198.genblk1.genblk1.genblk1.genblk1.genblk1.lut1 (4 -> 3)
  Optimizing lut $abc$41861$lut$aiger41860$8422.genblk1.genblk1.genblk1.genblk1.genblk1.lut1 (4 -> 3)
  Optimizing lut $abc$41861$lut$aiger41860$8891.genblk1.genblk1.genblk1.genblk1.genblk1.lut1 (4 -> 3)
  Optimizing lut $abc$41861$lut$aiger41860$9228.genblk1.genblk1.genblk1.genblk1.genblk1.lut1 (4 -> 3)
  Optimizing lut $abc$41861$lut$aiger41860$8171.genblk1.genblk1.genblk1.genblk1.genblk1.lut1 (4 -> 3)
  Optimizing lut $abc$41861$lut$aiger41860$8422.genblk1.genblk1.genblk1.genblk1.genblk1.lut0 (4 -> 3)
  Optimizing lut $abc$41861$lut$aiger41860$9240.genblk1.genblk1.genblk1.genblk1.genblk1.lut1 (4 -> 3)
  Optimizing lut $abc$41861$lut$aiger41860$9210.genblk1.genblk1.genblk1.genblk1.genblk1.lut1 (4 -> 3)
  Optimizing lut $abc$41861$lut$aiger41860$8625.genblk1.genblk1.genblk1.genblk1.genblk1.lut0 (4 -> 3)
  Optimizing lut $auto$abc9_ops.cc:1549:reintegrate$41928.genblk1.genblk1.genblk1.genblk1.genblk1.genblk1.lut1.genblk1.genblk1.genblk1.genblk1.genblk1.lut1 (4 -> 0)
  Optimizing lut $auto$abc9_ops.cc:1549:reintegrate$41913.genblk1.genblk1.genblk1.genblk1.genblk1.genblk1.lut1.genblk1.genblk1.genblk1.genblk1.genblk1.lut0 (4 -> 0)
  Optimizing lut $auto$abc9_ops.cc:1549:reintegrate$41927.genblk1.genblk1.genblk1.genblk1.genblk1.genblk1.lut1.genblk1.genblk1.genblk1.genblk1.genblk1.lut1 (4 -> 0)
  Optimizing lut $auto$abc9_ops.cc:1549:reintegrate$41913.genblk1.genblk1.genblk1.genblk1.genblk1.genblk1.lut0.genblk1.genblk1.genblk1.genblk1.genblk1.lut1 (4 -> 0)
  Optimizing lut $auto$abc9_ops.cc:1549:reintegrate$42007.genblk1.genblk1.genblk1.genblk1.genblk1.lut1 (4 -> 3)
  Optimizing lut $auto$abc9_ops.cc:1549:reintegrate$41938.genblk1.genblk1.genblk1.genblk1.genblk1.genblk1.lut0.genblk1.genblk1.genblk1.genblk1.genblk1.lut0 (4 -> 1)
  Optimizing lut $auto$abc9_ops.cc:1549:reintegrate$41928.genblk1.genblk1.genblk1.genblk1.genblk1.genblk1.lut0.genblk1.genblk1.genblk1.genblk1.genblk1.lut1 (4 -> 0)
  Optimizing lut $auto$abc9_ops.cc:1549:reintegrate$41929.genblk1.genblk1.genblk1.genblk1.genblk1.genblk1.lut0.genblk1.genblk1.genblk1.genblk1.genblk1.lut1 (4 -> 0)
  Optimizing lut $auto$abc9_ops.cc:1549:reintegrate$41930.genblk1.genblk1.genblk1.genblk1.genblk1.genblk1.lut0.genblk1.genblk1.genblk1.genblk1.genblk1.lut1 (4 -> 0)
  Optimizing lut $auto$abc9_ops.cc:1549:reintegrate$41931.genblk1.genblk1.genblk1.genblk1.genblk1.genblk1.lut0.genblk1.genblk1.genblk1.genblk1.genblk1.lut1 (4 -> 0)
  Optimizing lut $abc$41861$lut$aiger41860$3999.genblk1.genblk1.genblk1.genblk1.genblk1.lut0 (4 -> 1)
  Optimizing lut $auto$abc9_ops.cc:1549:reintegrate$41953.genblk1.genblk1.genblk1.genblk1.genblk1.lut0 (4 -> 3)
  Optimizing lut $auto$abc9_ops.cc:1549:reintegrate$41877.genblk1.genblk1.genblk1.genblk1.genblk1.lut0 (4 -> 3)
  Optimizing lut $abc$41861$lut$aiger41860$3711.genblk1.genblk1.genblk1.genblk1.genblk1.lut0 (4 -> 3)
  Optimizing lut $auto$abc9_ops.cc:1549:reintegrate$41973.genblk1.genblk1.genblk1.genblk1.genblk1.genblk1.genblk1.lut0.genblk1.genblk1.genblk1.genblk1.genblk1.genblk1.lut0.genblk1.genblk1.genblk1.genblk1.genblk1.lut1 (4 -> 3)
  Optimizing lut $auto$abc9_ops.cc:1549:reintegrate$41976.genblk1.genblk1.genblk1.genblk1.genblk1.genblk1.genblk1.lut0.genblk1.genblk1.genblk1.genblk1.genblk1.genblk1.lut1.genblk1.genblk1.genblk1.genblk1.genblk1.lut1 (4 -> 3)
  Optimizing lut $auto$abc9_ops.cc:1549:reintegrate$41979.genblk1.genblk1.genblk1.genblk1.genblk1.genblk1.genblk1.lut0.genblk1.genblk1.genblk1.genblk1.genblk1.genblk1.lut0.genblk1.genblk1.genblk1.genblk1.genblk1.lut1 (4 -> 3)
  Optimizing lut $auto$abc9_ops.cc:1549:reintegrate$41981.genblk1.genblk1.genblk1.genblk1.genblk1.genblk1.genblk1.lut0.genblk1.genblk1.genblk1.genblk1.genblk1.genblk1.lut0.genblk1.genblk1.genblk1.genblk1.genblk1.lut1 (4 -> 3)
  Optimizing lut $abc$41861$lut$aiger41860$8964.genblk1.genblk1.genblk1.genblk1.genblk1.lut1 (4 -> 3)
  Optimizing lut $abc$41861$lut$aiger41860$8631.genblk1.genblk1.genblk1.genblk1.genblk1.lut1 (4 -> 3)
  Optimizing lut $abc$41861$lut$aiger41860$5789.genblk1.genblk1.genblk1.genblk1.genblk1.genblk1.genblk1.lut0.genblk1.genblk1.genblk1.genblk1.genblk1.genblk1.lut1.genblk1.genblk1.genblk1.genblk1.genblk1.lut1 (4 -> 3)
  Optimizing lut $auto$abc9_ops.cc:1549:reintegrate$41987.genblk1.genblk1.genblk1.genblk1.genblk1.genblk1.genblk1.genblk1.lut0.genblk1.genblk1.genblk1.genblk1.genblk1.genblk1.genblk1.lut0.genblk1.genblk1.genblk1.genblk1.genblk1.genblk1.lut0.genblk1.genblk1.genblk1.genblk1.genblk1.lut1 (4 -> 3)
  Optimizing lut $auto$abc9_ops.cc:1549:reintegrate$42006.genblk1.genblk1.genblk1.genblk1.genblk1.lut1 (4 -> 3)

6.26. Executing SETUNDEF pass (replace undef values with defined constants).

6.27. Executing HILOMAP pass (mapping to constant drivers).
Removed 0 unused cells and 4385 unused wires.

6.28. Executing AUTONAME pass.
Renamed 219940 objects in module visionaid_top (333 iterations).
<suppressed ~6821 debug messages>

6.29. Executing HIERARCHY pass (managing design hierarchy).
Attribute `top' found on module `visionaid_top'. Setting top module to visionaid_top.

6.29.1. Analyzing design hierarchy..
Top module:  \visionaid_top

6.29.2. Analyzing design hierarchy..
Top module:  \visionaid_top
Removed 0 unused modules.

6.30. Printing statistics.

=== visionaid_top ===

   Number of wires:               3661
   Number of wire bits:           5651
   Number of public wires:        3661
   Number of public wire bits:    5651
   Number of ports:                 17
   Number of port bits:             26
   Number of memories:               0
   Number of memory bits:            0
   Number of processes:              0
   Number of cells:               3475
     $scopeinfo                     25
     ALU                           775
     DFF                            17
     DFFE                          148
     DFFR                           86
     DFFRE                         235
     DFFS                           16
     DFFSE                          66
     GND                             1
     IBUF                           11
     LUT1                           98
     LUT2                          248
     LUT3                          340
     LUT4                          794
     MUX2_LUT5                     401
     MUX2_LUT6                     127
     MUX2_LUT7                      52
     MUX2_LUT8                      11
     OBUF                           15
     RAM16SDP4                       8
     VCC                             1

6.31. Executing CHECK pass (checking for obvious problems).
Checking module visionaid_top...
Found and reported 0 problems.

6.32. Executing JSON backend.

Warnings: 1 unique messages, 3 total
End of script. Logfile hash: 31d744b696, CPU: user 2.28s system 0.07s, MEM: 176.32 MB peak
Yosys 0.52 (git sha1 fee39a3284c90249e1d9684cf6944ffbbcbb8f90)
Time spent: 34% 1x abc9_exe (1 sec), 15% 8x techmap (0 sec), ...
